ref_fournisseur,designation,prix_achat
F-15128,Plat  coton (lot),15.06
F-47481,Verre plat,15.73
F-80941,Plat  céramique (lot),7.89
F-60568,Céramique bol,37.03
F-58676,BOL coton,11.75
F-31473,Bol  laine (lot),17.46
F-85622,Vase verre,17.07
F-32950,Vase  olive (lot),7.68
F-26925,Assiette  coton (lot),15.04
F-54836,Assiette  argent (lot),19.12
F-67662,Plaid  coton (lot),20.65
F-44269,Plaid cér.,27.75
F-67560,Soie plaid,8.6
F-46515,TAPIS verre,11.58
F-40118,TAPIS laine,21.25
F-86712,Écharpe verre,12.53
F-48697,Écharpe  bois (lot),51.34
F-90971,POCHETTE coton,59.22
F-88526,Pochette  olive (lot),18.5
F-15837,Bague  laine (lot),9.6
F-43421,BAGUE soie,7.79
F-21446,BAGUE céramique,42.38
F-53356,Pendentif  soie (lot),9.52
F-33308,Pendentif  verre (lot),30.31
F-69310,PENDENTIF céramique,14.74
F-95161,BRACELET bois,8.37
F-28425,BRACELET laine,15.61
F-60051,BRACELET céramique,11.58
F-47430,Bois boucles,3.76
F-94457,Boucles  soie (lot),18.13
F-54444,Boucles laine,3.43
F-20201,Savon soie,12.65
F-77764,Savon laine,43.26
F-38003,Verre savon,22.33
F-98659,Laine eau,8.53
F-91316,Eau arg.,36.98
F-53291,HUILE coton,15.34
F-49951,Huile olive,16.29
F-34660,Huile soie,8.82
F-54789,BOUGIE olive,6.19
