ref_fournisseur,id_produit
F-15128,P001
F-47481,P002
F-80941,P003
F-60568,P004
F-58676,P005
F-31473,P006
F-85622,P007
F-32950,P008
F-26925,P010
F-54836,P011
F-67662,P013
F-44269,P014
F-67560,P015
F-46515,P017
F-40118,P018
F-86712,P020
F-48697,P021
F-90971,P022
F-88526,P024
F-15837,P025
F-43421,P026
F-21446,P027
F-53356,P028
F-33308,P029
F-69310,P030
F-95161,P031
F-28425,P032
F-60051,P033
F-47430,P034
F-94457,P035
F-54444,P036
F-20201,P037
F-77764,P038
F-38003,P039
F-98659,P040
F-91316,P042
F-53291,P043
F-49951,P044
F-34660,P045
F-54789,P047
