code_fournisseur,designation,famille,prix_achat_ht,fournisseur
F-1497, Pochette compact ,PAPETERIE,2.86,Fournisseur B
F-1028,PLANCHE COMPACT,Cuisine,21.66,Fournisseur H
F-1203,COUSSIN MAT,MAISON,12.52,Fournisseur E
F-1707,Diffu. design,Bien-être,4.86,Fournisseur C
F-1077,CASSEROLE NORDIQUE,Cuisine,35.79,Fournisseur F
F-1336,Vase mat,Décoration,27.08,Fournisseur F
F-1154,Miroir rustique,MAISON,12.41,Fournisseur G
F-1434,Calendrier design,Papeterie,12.88,Fournisseur B
F-1798,Nouveauté 6 Brillant,Maison,31.38,Fournisseur F
F-1343,Cadre design,Décoration,8.0,Fournisseur F
F-1553,Gants. design,Jardin,9.77,Fournisseur B
F-1616,BAC COMPACT,JARDIN,28.53,Fournisseur C
F-1455,CARNET MAT,Papeterie,1.56,Fournisseur F
F-1630, HUILE MAT ,Bien-être,11.44,Fournisseur D
F-1147, compact Étagère ,Maison,14.76,Fournisseur G
F-1252,Boite rustique,Maison,49.4,Fournisseur F
F-1280,compact Guirlande,DÉCORATION,13.98,Fournisseur H
F-1259,nordique Bougie,DÉCORATION,12.65,Fournisseur C
F-1189,Boîte rustique,Maison,20.95,Fournisseur C
F-1560,compact Bac,Jardin,38.68,Fournisseur G
F-1168, Panie. mat ,Maison,62.7,Fournisseur C
F-1182, Cintre compact ,Maison,36.61,Fournisseur C
F-1532,PARASOL RUSTIQUE,JARDIN,5.65,Fournisseur C
F-1679, BOUGIE PARFUMÉE COMPACT ,BIEN-ÊTRE,16.41,Fournisseur A
F-1049,Moule mat,Cuisine,10.52,Fournisseur G
F-1483,TROUSSE MAT,Papeterie,13.72,Fournisseur G
F-1686,Brume rustique,Bien-être,13.32,Fournisseur E
F-1224,Miroir rustique,Maison,8.97,Fournisseur B
F-1728,Tisane nordique,BIEN-ÊTRE,43.1,Fournisseur E
F-1672,PEIGNOIR DESIGN,BIEN-ÊTRE,20.84,Fournisseur F
F-1406,Agenda compact,Papeterie,3.91,Fournisseur E
F-1378, Bougeoir rustique ,DÉCORATION,15.01,Fournisseur D
F-1595,Parasol rustique,Jardin,14.49,Fournisseur F
F-1504,Arrosoir nordique,JARDIN,8.71,Fournisseur E
F-1637,design Diffuseur,BIEN-ÊTRE,15.62,Fournisseur A
F-1105,Théiè. rustique,Cuisine,5.04,Fournisseur B
F-1476,MARQUE-PAGE NORDIQUE,PAPETERIE,9.65,Fournisseur G
F-1308,design Affiche,Décoration,17.6,Fournisseur H
F-1231,Tapis. nordique,Maison,43.27,Fournisseur D
F-1126,TABLIER COMPACT,CUISINE,12.01,Fournisseur B
F-1301,Photophore mat,DÉCORATION,20.21,Fournisseur H
F-1294,HORLOGE NORDIQUE,DÉCORATION,13.76,Fournisseur C
F-1539,TRANSAT NORDIQUE,Jardin,69.2,Fournisseur C
F-1392,Carne. mat,Papeterie,1.54,Fournisseur D
F-1210,LAMPE DESIGN,MAISON,54.61,Fournisseur D
F-1021,Bol. design,CUISINE,20.1,Fournisseur B
F-1273,Frame design,Décoration,15.81,Fournisseur D
F-1329,Bougie nordique,Décoration,7.61,Fournisseur G
F-1112,Couteau nordique,Cuisine,4.62,Fournisseur B
F-1056,CARAFE DESIGN,Cuisine,22.2,Fournisseur B
F-1581,Jardiniere design,Jardin,27.34,Fournisseur F
F-1364, Photoph. mat ,Décoration,10.23,Fournisseur G
F-1315, Susp. compact ,DÉCORATION,12.58,Fournisseur E
F-1196,PLAID NORDIQUE,Maison,13.26,Fournisseur C
F-1322,Bougeoir rustique,DÉCORATION,40.97,Fournisseur E
F-1245,CINTRE COMPACT,Maison,29.35,Fournisseur F
F-1742,Peignoir design,Bien-être,6.6,Fournisseur F
F-1490, Calendrier design ,PAPETERIE,3.69,Fournisseur H
F-1063,TABLIER COMPACT,CUISINE,20.8,Fournisseur G
F-1574,Arros. nordique,JARDIN,51.18,Fournisseur G
F-1469,AGENDA COMPACT,Papeterie,12.71,Fournisseur B
F-1518,Jardiniere design,JARDIN,32.47,Fournisseur A
F-1217, compact Étagère ,Maison,67.79,Fournisseur C
F-1714,Encens compact,Bien-être,10.64,Fournisseur C
F-1175, Rideau design ,MAISON,25.74,Fournisseur G
F-1042,COUTEAU NORDIQUE,CUISINE,19.73,Fournisseur C
F-1511,mat Pot,Jardin,49.44,Fournisseur B
F-1119, MOULE MAT ,CUISINE,6.64,Fournisseur G
F-1602,Transat nordique,JARDIN,4.89,Fournisseur E
F-1735,Masqu. mat,BIEN-ÊTRE,6.27,Fournisseur G
F-1665,Masque mat,Bien-être,6.88,Fournisseur H
F-1784,Nouveauté 4 Mat,Maison,34.83,Fournisseur D
F-1035,Théière rustique,CUISINE,24.04,Fournisseur C
F-1770,Nouveauté 2 Brillant,Maison,9.73,Fournisseur B
F-1357,Horloge nordique,Décoration,47.12,Fournisseur A
F-1791,Nouveauté 5 Mat,Maison,28.36,Fournisseur E
F-1588,Secateur compact,Jardin,19.77,Fournisseur B
F-1819,Nouveauté 9 Brillant,Maison,22.65,Fournisseur A
F-1546,Lanterne mat,Jardin,65.62,Fournisseur C
F-1756,Brume rustique,Bien-être,5.71,Fournisseur G
F-1413,Classeur rustique,Papeterie,11.24,Fournisseur E
F-1721,GOMMAGE RUSTIQUE,Bien-être,25.65,Fournisseur B
F-1098,Planc. compact,Cuisine,18.37,Fournisseur H
F-1448,AUTOCOLLANTS RUSTIQUE,Papeterie,7.27,Fournisseur E
F-1350,GUIRLANDE COMPACT,DÉCORATION,22.75,Fournisseur D
F-1763,Nouveauté 1 Brillant,Maison,10.81,Fournisseur A
F-1567,HAMAC RUSTIQUE,Jardin,32.73,Fournisseur F
F-1070,Set. de table rustique,Cuisine,22.91,Fournisseur C
F-1140,COUSSIN MAT,Maison,21.38,Fournisseur F
F-1266,Vase. mat,Décoration,14.26,Fournisseur H
F-1084, Poêle mat ,Cuisine,20.86,Fournisseur G
F-1693,Savon nordique,Bien-être,4.07,Fournisseur B
F-1014,POÊLE MAT,Cuisine,21.47,Fournisseur E
F-1700,Huile. mat,Bien-être,10.7,Fournisseur A
F-1609, Gants design ,Jardin,46.82,Fournisseur B
F-1133,Set de table rustique,Cuisine,17.66,Fournisseur D
F-1091,Bol design,Cuisine,31.5,Fournisseur A
F-1441,compact Pochette,PAPETERIE,3.16,Fournisseur C
F-1749, Bougi. parfumée compact ,Bien-être,34.37,Fournisseur B
F-1812,Nouveauté 8 Brillant,Maison,18.65,Fournisseur H
F-1525,SÉCATEUR COMPACT,Jardin,9.7,Fournisseur D
F-1623,Savon nordique,Bien-être,11.23,Fournisseur D
F-1777,Nouveauté 3 Brillant,Maison,13.94,Fournisseur C
F-1427,mat Trousse,Papeterie,1.6,Fournisseur A
F-1007, Casserole nordique ,CUISINE,19.94,Fournisseur E
F-1826,Nouveauté 10 Mat,Maison,20.33,Fournisseur B
F-1658,TISANE NORDIQUE,Bien-être,24.82,Fournisseur D
F-1238,Panie. mat,MAISON,20.06,Fournisseur A
F-1644,Encens compact,Bien-être,17.27,Fournisseur D
F-1287,Statuette rustique,Décoration,27.14,Fournisseur H
F-1420, Marque-page nordique ,PAPETERIE,3.92,Fournisseur F
F-1371,Affiche design,Décoration,19.86,Fournisseur E
F-1805,Nouveauté 7 Brillant,Maison,19.1,Fournisseur G
F-1462,Stylo design,PAPETERIE,2.69,Fournisseur B
F-1161,TAPIS NORDIQUE,Maison,29.41,Fournisseur F
F-1399,design Stylo,Papeterie,2.18,Fournisseur C
F-1385,Cahier nordique,Papeterie,4.8,Fournisseur G
F-1651, rustique Gommage ,Bien-être,10.13,Fournisseur B
