id_ligne,anomalie,montant_vrai
5,,56.9
10,,32.9
15,,48.36
20,,34.32
25,,39.8
30,,31.9
35,,66.9
40,,17.9
45,,52.15
50,,43.9
55,,39.8
60,,18.9
65,,86.9
70,,25.9
75,,131.6
80,,73.91
85,,37.9
90,,50.9
95,,70.9
100,,37.9
105,,7.9
110,,17.9
115,,95.6
120,,21.9
125,,10.9
130,,23.9
135,,25.9
140,,64.9
145,,35.9
150,,38.9
155,,38.9
160,,37.9
165,,37.9
170,,14.9
175,,39.8
180,,32.2
185,,29.9
190,,11.7
195,,31.9
200,,59.8
205,,34.9
210,decimale_x100,101.8
215,,167.7
220,,11.9
225,,21.9
230,,27.46
235,,34.9
240,,16.9
245,,100.6
250,,23.9
255,,38.9
260,,107.8
265,,70.9
270,,53.7
275,,49.9
280,,96.9
285,,50.9
290,,28.9
295,,74.9
300,,2.9
305,,12.9
310,,29.9
315,,55.9
320,,28.9
325,,64.9
330,,27.9
335,,38.9
340,,44.9
345,,62.9
350,,12.9
355,,5.8
360,,10.9
365,,53.52
370,,22.32
375,,23.12
380,,49.9
385,,51.04
390,,3.9
395,,46.32
400,,9.9
405,,214.08
410,,9.9
415,,23.76
420,,67.6
425,,10.32
430,,43.8
435,,15.9
440,,11.9
445,,74.9
450,,20.9
455,,4.9
460,,12.72
465,,22.32
470,,25.9
475,,2.32
480,,10.32
485,,40.72
490,,54.9
495,,18.9
500,,16.9
505,,7.92
510,,42.9
515,,37.9
520,,34.9
525,,7.9
530,,3.9
535,,12.9
540,,3.9
545,,28.9
550,,68.64
555,,7.84
560,,40.72
565,,19.9
570,,23.9
575,,81.44
580,,2.32
585,,34.32
590,,126.9
595,,2.32
600,,30.9
605,,75.8
610,,17.9
615,,8.72
620,,22.32
625,,2.9
630,,2.32
635,,33.8
640,,42.9
645,,38.9
650,,34.32
655,,23.12
660,,15.12
665,,27.12
670,,67.8
675,,135.6
680,,10.32
685,,10.9
690,,31.12
695,,34.32
700,,57.9
705,,3.9
710,,86.7
715,,2.32
720,,15.92
725,,48.9
730,,89.44
735,,37.9
740,,9.9
745,,15.92
750,,55.8
755,,49.9
760,,13.52
765,,71.8
770,,38.9
775,,10.9
780,,16.72
785,,17.52
790,,28.9
795,,6.9
800,,16.9
805,,96.9
810,,16.72
815,,23.92
820,,9.52
825,,51.92
830,,40.72
835,,5.52
840,,25.52
845,,42.9
850,,13.52
855,,16.9
860,,5.8
865,,27.12
870,,23.84
875,,2.32
880,,39.92
885,,9.52
890,,51.92
895,,39.92
900,,62.9
905,,14.32
910,,11.9
915,,16.72
920,,48.9
925,,66.9
930,,39.12
935,,51.92
940,,23.9
945,,84.72
950,,6.32
955,,23.9
960,,10.32
965,,6.9
970,,3.12
975,,7.92
980,,93.36
985,,9.9
990,,30.24
995,,22.32
1000,,25.9
1005,,16.72
1010,,34.32
1015,,16.72
1020,,23.92
1025,,34.32
1030,,26.32
1035,,5.52
1040,,33.9
1045,,39.9
1050,,17.52
1055,,57.8
1060,,20.72
1065,,11.9
1070,,20.9
1075,,13.52
1080,,28.9
1085,,9.9
1090,,81.44
1095,,30.32
1100,,61.9
1105,,25.52
1110,,15.92
1115,,211.8
1120,,9.8
1125,,12.64
1130,,31.12
1135,,65.7
1140,,126.9
1145,,22.32
1150,,16.9
1155,,19.9
1160,,9.9
1165,,55.9
1170,,61.52
1175,,29.9
1180,,20.9
1185,,40.72
1190,,25.52
1195,,9.9
1200,,17.9
1205,,26.32
1210,,20.9
1215,,27.9
1220,,75.8
1225,,42.9
1230,,34.32
1235,,15.92
1240,,30.32
1245,,17.52
1250,,18.9
1255,,46.24
1260,,19.12
1265,,6.32
1270,,53.52
1275,,15.92
1280,,111.68
1285,,19.9
1290,,21.9
1295,zero,18.9
1300,,89.8
1305,,16.9
1310,,19.9
1315,,27.9
1320,,25.9
1325,,23.12
1330,,51.8
1335,,21.9
1340,,57.8
1345,,7.92
1350,,25.9
1355,,193.8
1360,,78.24
1365,,13.8
1370,,22.32
1375,,31.12
1380,,42.9
1385,,59.92
1390,,23.8
1395,,63.9
1400,,33.44
1405,,15.9
1410,,2.9
1415,,12.9
1420,,19.12
1425,,22.24
1430,,40.72
1435,,39.12
1440,,34.32
1445,,50.32
1450,,35.12
1455,,38.9
1460,,40.72
1465,,31.12
1470,,51.12
1475,,123.04
1480,,61.52
1485,,40.72
1490,,43.9
1495,,4.64
1500,placeholder_9999,107.04
1505,,34.32
1510,,3.12
1515,,31.9
1520,,3.12
1525,,173.8
1530,,15.12
1535,,64.9
1540,,2.9
1545,,15.9
1550,,56.72
1555,,31.84
1560,,42.9
1565,,12.72
1570,,84.72
1575,,2.9
1580,,54.9
1585,,43.8
1590,,62.9
1595,,31.9
1600,,18.9
1605,,51.92
1610,,17.52
1615,,29.9
1620,,7.92
1625,,377.28
1630,,59.8
1635,,12.9
1640,,25.9
1645,,11.92
1650,,17.52
1655,,49.9
1660,,27.12
1665,,7.92
1670,,104.9
1675,,21.9
1680,,49.9
1685,,32.9
1690,,23.9
1695,,2.9
1700,,38.9
1705,,15.9
1710,,33.9
1715,,42.9
1720,,37.9
1725,,47.8
1730,,120.56
1735,,9.9
1740,,19.9
1745,,6.9
1750,,25.9
1755,,37.9
1760,,4.9
1765,,38.9
1770,,85.8
1775,,9.9
1780,,19.9
1785,,30.3
1790,,9.9
1795,,14.9
1800,,40.75
1805,,13.9
1810,,27.9
1815,,20.9
1820,,64.9
1825,,19.9
1830,,42.9
1835,,45.81
1840,,76.9
1845,,28.9
1850,,125.8
1855,,33.9
1860,,48.9
1865,,42.9
1870,,3.9
1875,,3.9
1880,,29.9
1885,,23.9
1890,,33.8
1895,,22.7
1900,,19.9
1905,,50.9
1910,,33.9
1915,,12.9
1920,,11.9
1925,,19.9
1930,,23.9
1935,,104.9
1940,,16.9
1945,,32.9
1950,,7.9
1955,,7.9
1960,,101.8
1965,signe_inverse,38.9
1970,,41.61
1975,,37.9
1980,,33.8
1985,,38.9
1990,,49.9
1995,,25.9
2000,,7.8
2005,,57.8
2010,,19.9
2015,decimale_x10,104.9
2020,,28.9
2025,,79.6
2030,,27.9
2035,,2.9
2040,,43.8
2045,,64.9
2050,,55.9
2055,,2.9
2060,,21.8
2065,,2.9
2070,,20.9
2075,,12.9
2080,signe_inverse,42.9
2085,,19.9
2090,,16.11
2095,,57.9
2100,,50.9
2105,,17.95
2110,,99.8
2115,,27.46
2120,,66.9
2125,,28.9
2130,,19.8
2135,,2.9
2140,,21.9
2145,,50.9
2150,,101.8
2155,,9.9
2160,,25.9
2165,,70.9
2170,,48.36
2175,,53.9
2180,,20.9
2185,,54.9
2190,,34.9
2195,,25.8
2200,,85.8
2205,,38.61
2210,,50.9
2215,,28.9
2220,,25.9
2225,,57.9
2230,,50.9
2235,,26.01
2240,,83.6
2245,,44.9
2250,,40.75
2255,,58.41
2260,,275.6
2265,,127.8
2270,,38.9
2275,,4.9
2280,,44.9
2285,,76.9
2290,,42.9
2295,,27.9
2300,,135.6
2305,,50.9
2310,,10.9
2315,,16.9
2320,,69.8
2325,,21.9
2330,,42.9
2335,,50.9
2340,,9.9
2345,,37.9
2350,,9.9
2355,,34.9
2360,,54.9
2365,,179.6
2370,,8.9
2375,,27.9
2380,,57.9
2385,,49.9
2390,,48.9
2395,,42.9
2400,,110.7
2405,,48.9
2410,,4.9
2415,,107.8
2420,,28.4
2425,,253.8
2430,,212.42
2435,,64.9
2440,,4.66
2445,,55.9
2450,,161.7
2455,,141.8
2460,,42.9
2465,,104.9
2470,,101.8
2475,,62.9
2480,,3.7
2485,,38.9
2490,,122.26
2495,,16.9
2500,,48.9
2505,,11.9
2510,,50.9
2515,,49.9
2520,,43.9
2525,,16.9
2530,,43.9
2535,,36.9
2540,,9.9
2545,,14.9
2550,,31.9
2555,,48.9
2560,,2.9
2565,,25.9
2570,,42.9
2575,,13.9
2580,,2.9
2585,,10.9
2590,,51.8
2595,,32.7
2600,,19.9
2605,,73.9
2610,,48.9
2615,,27.9
2620,,50.9
2625,,17.9
2630,,29.9
2635,,104.9
2640,,99.8
2645,,31.9
2650,,55.9
2655,,25.9
2660,,142.31
2665,,2.9
2670,,37.9
2675,,2.9
2680,,2.76
2685,,193.8
2690,,28.9
2695,,19.9
2700,,23.9
2705,,21.9
2710,,19.9
2715,,19.9
2720,,27.46
2725,,19.9
2730,,21.9
2735,,115.8
2740,,36.96
2745,,31.8
2750,,23.9
2755,,63.8
2760,,101.7
2765,,52.15
2770,,29.9
2775,,59.8
2780,,12.9
2785,,34.9
2790,,7.9
2795,,317.7
2800,,46.46
2805,,11.9
2810,,4.9
2815,,57.8
2820,,57.8
2825,,9.9
2830,,28.9
2835,,36.9
2840,,34.9
2845,,13.9
2850,,42.9
2855,,38.9
2860,,38.9
2865,,2.9
2870,,21.9
2875,,54.9
2880,,28.9
2885,,49.9
2890,,193.8
2895,,5.8
2900,,44.9
2905,,28.9
2910,,19.9
2915,,61.8
2920,,29.9
2925,,20.9
2930,,19.9
2935,,42.9
2940,,35.8
2945,,70.9
2950,,34.9
2955,,7.8
2960,,28.9
2965,,31.8
2970,,32.9
2975,,27.9
2980,,43.8
2985,,30.9
2990,,55.9
2995,,96.9
3000,,27.9
3005,,128.7
3010,,23.9
3015,,21.9
3020,,22.7
3025,,37.9
3030,,33.9
3035,,12.9
3040,,18.9
3045,,27.46
3050,,147.8
3055,,64.9
3060,,19.9
3065,,10.9
3070,,33.9
3075,,44.9
3080,,16.9
3085,,19.8
3090,,64.9
3095,,60.7
3100,,29.9
3105,,39.9
3110,,50.9
3115,,19.9
3120,,16.9
3125,,20.7
3130,,42.9
3135,,21.9
3140,,29.9
3145,,27.6
3150,,19.9
3155,,8.9
3160,,9.9
3165,,96.9
3170,,71.9
3175,,42.9
3180,,33.15
3185,,59.76
3190,,35.8
3195,,7.9
3200,,31.9
3205,,49.9
3210,,29.9
3215,,34.11
3220,,42.9
3225,,17.9
3230,,42.9
3235,,4.9
3240,,13.9
3245,,97.8
3250,,21.9
3255,,3.9
3260,,14.9
3265,,12.9
3270,,193.8
3275,,37.9
3280,,73.8
3285,,22.7
3290,,35.9
3295,,12.9
3300,,47.8
3305,,23.9
3310,,126.9
3315,,63.8
3320,,73.9
3325,,34.9
3330,,12.9
3335,,128.7
3340,,10.9
3345,,54.9
3350,,2.76
3355,,19.9
3360,,3.9
3365,,49.9
3370,,9.9
3375,,77.8
3380,,73.9
3385,,73.9
3390,,7.11
3395,,2.9
3400,,9.9
3405,,11.3
3410,,54.9
3415,,3.7
3420,,38.9
3425,,17.95
3430,,38.9
3435,,2.9
3440,,165.02
3445,,19.9
3450,,12.9
3455,,66.9
3460,,37.9
3465,,104.9
3470,,17.95
3475,,17.9
3480,,23.9
3485,,17.9
3490,,147.8
3495,,5.8
3500,,17.8
3505,,20.9
3510,,42.9
3515,,29.9
3520,,64.9
3525,,19.9
3530,,35.8
3535,,167.7
3540,,48.9
3545,,8.9
3550,,39.8
3555,,83.41
3560,,18.9
3565,,33.9
3570,,4.9
3575,,17.9
3580,,5.8
3585,,50.9
3590,,33.9
3595,,64.9
3600,,54.9
3605,,28.9
3610,,33.9
3615,,20.9
3620,,55.8
3625,,10.9
3630,,23.9
3635,,15.1
3640,,50.9
3645,,31.9
3650,,167.7
3655,,7.9
3660,,33.9
3665,,39.9
3670,,21.9
3675,,100.6
3680,,50.9
3685,,23.9
3690,,57.8
3695,,43.9
3700,,15.9
3705,,21.9
3710,,42.9
3715,,33.9
3720,,20.9
3725,,20.9
3730,,6.9
3735,,73.9
3740,,26.91
3745,,16.9
3750,,66.9
3755,,44.9
3760,,95.7
3765,,12.9
3770,,36.9
3775,,66.9
3780,,64.9
3785,decimale_x10,32.9
3790,,57.9
3795,,22.7
3800,,12.9
3805,,77.8
3810,,14.9
3815,,30.42
3820,,31.8
3825,,149.8
3830,,39.9
3835,,10.9
3840,,11.02
3845,,49.9
3850,,35.9
3855,,50.9
3860,,42.9
3865,,77.7
3870,,15.21
3875,,126.9
3880,,24.6
3885,,104.9
3890,,33.9
3895,,63.6
3900,,11.11
3905,,21.9
3910,,51.8
3915,,53.01
3920,,9.9
3925,,42.9
3930,,57.9
3935,,33.9
3940,,125.8
3945,,34.9
3950,,27.6
3955,,25.9
3960,,19.9
3965,,18.9
3970,,20.9
3975,,2.9
3980,,73.9
3985,,117.9
3990,,25.9
3995,,41.8
4000,,28.9
4005,,31.25
4010,,37.9
4015,,11.7
4020,,66.51
4025,placeholder_9999,101.8
4030,,50.9
4035,,10.9
4040,,211.8
4045,,117.9
4050,,2.76
4055,,104.9
4060,,89.8
4065,,46.46
4070,,55.9
4075,,4.66
4080,,34.9
4085,,64.9
4090,,48.9
4095,,21.9
4100,,2.9
4105,,25.9
4110,,44.9
4115,,20.9
4120,,66.9
4125,,2.9
4130,,64.9
4135,,104.9
4140,,9.9
4145,,19.9
4150,,37.9
4155,,61.66
4160,,18.9
4165,,42.9
4170,,8.9
4175,,21.9
4180,,101.7
4185,,55.9
4190,,16.9
4195,,62.7
4200,,33.15
4205,,57.9
4210,,42.9
4215,,69.8
4220,,28.9
4225,,55.9
4230,,126.9
4235,,19.9
4240,,29.9
4245,,17.9
4250,,42.9
4255,,25.9
4260,,71.7
4265,,48.9
4270,,70.9
4275,,127.8
4280,,32.9
4285,,30.9
4290,,20.9
4295,,57.9
4300,,42.9
4305,,37.8
4310,,2.9
4315,,4.9
4320,,50.9
4325,,19.9
4330,,18.9
4335,,76.9
4340,,89.8
4345,,34.9
4350,,48.9
4355,,25.9
4360,,25.9
4365,,71.9
4370,,25.9
4375,,57.9
4380,,15.9
4385,,11.9
4390,,49.9
4395,,21.9
4400,,12.9
4405,,9.9
4410,,39.9
4415,,6.9
4420,,15.9
4425,,50.9
4430,,28.9
4435,,49.9
4440,,11.9
4445,,28.9
4450,,49.9
4455,,8.9
4460,,125.8
4465,,48.9
4470,,21.9
4475,,97.8
4480,,42.9
4485,,85.8
4490,,33.8
4495,,25.9
4500,,10.9
4505,,62.9
4510,,12.9
4515,,458.7
4520,zero,62.9
4525,,55.8
4530,,27.9
4535,,42.9
4540,,50.9
4545,,9.9
4550,,63.9
4555,,28.9
4560,,37.9
4565,,96.9
4570,,32.9
4575,,41.8
4580,,6.9
4585,,36.9
4590,,48.9
4595,,129.8
4600,,9.9
4605,,11.9
4610,,50.9
4615,,2.9
4620,,27.9
4625,,17.9
4630,,62.9
4635,,37.9
4640,,10.9
4645,,38.9
4650,,19.9
4655,,66.9
4660,,49.9
4665,,11.9
4670,,55.9
4675,,49.9
4680,,50.7
4685,,34.9
4690,,20.9
4695,,25.8
4700,,16.9
4705,,33.9
4710,,15.9
4715,,7.9
4720,,27.46
4725,,20.9
4730,decimale_x10,11.9
4735,,50.9
4740,,32.2
4745,,4.9
4750,,85.8
4755,,12.9
4760,,209.8
4765,,42.9
4770,,126.9
4775,,3.9
4780,,20.9
4785,,59.8
4790,,3.9
4795,,25.9
4800,,42.9
4805,,37.9
4810,,2.9
4815,,38.9
4820,,50.9
4825,,32.9
4830,,104.9
4835,,66.9
4840,,59.8
4845,,33.8
4850,zero,12.9
4855,,54.9
4860,,3.9
4865,,68.22
4870,,2.76
4875,,20.9
4880,,28.9
4885,,32.9
4890,,26.91
4895,,8.9
4900,,99.66
4905,,152.9
4910,,9.9
4915,,111.8
4920,,33.9
4925,,126.9
4930,,18.81
4935,,67.8
4940,,42.9
4945,,49.9
4950,,31.9
4955,,33.9
4960,,13.2
4965,,57.8
4970,,9.9
4975,,21.9
4980,,25.9
4985,,29.9
4990,,2.9
4995,,16.9
5000,,37.9
5005,,18.9
5010,,19.9
5015,,15.9
5020,,2.9
5025,,13.9
5030,,152.9
5035,,20.9
5040,,17.9
5045,,39.8
5050,,76.9
5055,,18.9
5060,,18.9
5065,,54.9
5070,,30.9
5075,,49.9
5080,,7.9
5085,,37.9
5090,,76.9
5095,,16.9
5100,decimale_x100,260.7
5105,,21.9
5110,,29.9
5115,,126.9
5120,,33.9
5125,,62.7
5130,,31.9
5135,,11.9
5140,,110.86
5145,,48.9
5150,,2.9
5155,,9.4
5160,,29.9
5165,,73.9
5170,,28.9
5175,,17.9
5180,,20.8
5185,,42.9
5190,,16.9
5195,,21.9
5200,,64.9
5205,,50.9
5210,,29.9
5215,,38.9
5220,,28.9
5225,,28.9
5230,,55.9
5235,,28.9
5240,,66.9
5245,,66.9
5250,decimale_x100,28.9
5255,,90.9
5260,,2.9
5265,,10.9
5270,,37.9
5275,,42.9
5280,,55.9
5285,,23.9
5290,,10.9
5295,,57.9
5300,,16.9
5305,,6.9
5310,,73.9
5315,,44.9
5320,,70.2
5325,,30.9
5330,,9.9
5335,,42.9
5340,,101.7
5345,,57.8
5350,,12.9
5355,,39.9
5360,,19.85
5365,,22.7
5370,,42.9
5375,,33.8
5380,,43.9
5385,,28.9
5390,,19.8
5395,,33.92
5400,,104.9
5405,,28.9
5410,,17.95
5415,,28.4
5420,,50.9
5425,,10.9
5430,,126.9
5435,,49.9
5440,,4.9
5445,,66.9
5450,,109.8
5455,,33.8
5460,,21.9
5465,,16.9
5470,,32.9
5475,,21.9
5480,,21.9
5485,,70.9
5490,,38.9
5495,,42.9
5500,,42.9
5505,,17.9
5510,,69.8
5515,,133.8
5520,,28.9
5525,placeholder_9999,13.9
5530,,25.9
5535,,8.9
5540,,25.9
5545,,15.9
5550,,126.9
5555,,37.9
5560,,28.9
5565,,21.9
5570,decimale_x10,62.9
5575,,16.9
5580,,53.7
5585,,28.9
5590,,27.9
5595,,66.9
5600,,28.9
5605,,76.9
5610,,40.75
5615,,13.9
5620,,101.8
5625,,36.9
5630,decimale_x100,4.9
5635,,9.9
5640,decimale_x100,16.9
5645,,62.9
5650,,21.9
5655,,31.25
5660,,2.9
5665,,209.8
5670,,37.9
5675,,33.9
5680,,15.9
5685,,19.9
5690,,25.9
5695,,47.4
5700,,53.9
5705,,52.15
5710,,96.9
5715,,15.9
5720,,11.3
5725,,8.9
5730,,104.9
5735,,50.9
5740,,7.8
5745,,2.76
5750,,57.8
5755,,16.9
5760,,38.9
5765,,101.8
5770,,23.9
5775,,50.9
5780,,37.9
5785,,34.9
5790,,85.8
5795,,20.9
5800,,64.9
5805,,10.71
5810,,36.9
5815,,37.9
5820,,44.9
5825,,9.9
5830,,5.51
5835,,55.9
5840,,33.9
5845,,19.85
5850,,61.9
5855,,31.9
5860,,31.25
5865,,25.8
5870,,63.9
5875,,39.9
5880,,64.9
5885,,16.05
5890,,71.9
5895,,34.9
5900,,48.9
5905,,14.9
5910,,70.9
5915,,43.6
5920,decimale_x100,64.9
5925,,11.9
5930,,50.9
5935,,20.9
5940,,9.9
5945,,19.9
5950,,77.7
5955,,53.9
5960,,10.9
5965,,56.7
5970,,23.9
5975,,55.9
5980,,20.9
5985,,90.9
5990,,100.6
5995,,31.9
6000,,51.2
6005,,64.9
6010,,152.9
6015,,25.9
6020,,6.9
6025,,2.9
6030,,29.9
6035,,49.9
6040,,15.1
6045,,50.9
6050,,20.9
6055,,94.81
6060,,16.9
6065,,57.8
6070,,39.8
6075,,55.9
6080,,49.9
6085,,33.9
6090,,35.9
6095,,9.9
6100,,3.9
6105,,15.9
6110,,62.7
6115,,40.75
6120,,33.8
6125,,49.9
6130,,11.9
6135,,28.9
6140,,50.9
6145,,43.9
6150,,21.9
6155,,129.8
6160,,125.8
6165,,68.9
6170,,23.9
6175,,29.9
6180,,16.9
6185,,29.9
6190,,15.9
6195,,19.9
6200,,9.9
6205,,133.8
6210,,13.8
6215,,15.9
6220,,48.9
6225,,20.9
6230,,50.9
6235,,10.9
6240,,49.9
6245,,104.9
6250,,44.9
6255,,17.9
6260,,77.7
6265,,16.9
6270,,61.9
6275,,20.9
6280,,29.9
6285,,235.8
6290,,48.9
6295,,62.9
6300,,19.9
6305,,18.9
6310,,10.36
6315,,33.9
6320,,20.9
6325,,173.8
6330,,47.8
6335,,43.6
6340,,9.81
6345,,28.9
6350,,9.9
6355,,9.9
6360,,42.9
6365,,3.9
6370,,86.9
6375,,6.9
6380,,37.9
6385,,12.9
6390,,57.8
6395,,152.9
6400,,25.9
6405,,37.9
6410,,19.9
6415,zero,18.9
6420,,49.9
6425,,76.9
6430,,55.9
6435,,2.9
6440,,11.9
6445,,16.05
6450,,42.9
6455,,2.9
6460,,86.9
6465,,126.9
6470,,64.9
6475,,66.9
6480,,31.8
6485,,19.9
6490,,42.9
6495,,7.8
6500,,50.9
6505,,99.66
6510,,28.4
6515,,70.9
6520,,53.9
6525,,42.9
6530,,18.81
6535,,10.9
6540,,66.9
6545,,18.9
6550,,38.9
6555,,3.9
6560,,85.8
6565,,63.9
6570,,54.9
6575,,9.9
6580,,25.9
6585,,2.9
6590,,11.9
6595,,15.9
6600,,149.8
6605,,11.9
6610,,33.9
6615,,55.9
6620,,27.46
6625,,12.9
6630,,117.9
6635,,21.9
6640,,21.51
6645,,37.62
6650,,35.7
6655,decimale_x10,15.9
6660,,64.41
6665,,11.9
6670,,31.9
6675,,74.9
6680,,33.9
6685,,37.9
6690,,9.9
6695,,25.9
6700,,18.9
6705,,33.9
6710,,8.9
6715,,67.8
6720,,86.7
6725,,17.9
6730,,23.9
6735,,14.9
6740,,11.9
6745,,9.9
6750,,38.9
6755,,67.8
6760,,23.9
6765,,16.9
6770,,101.7
6775,,10.9
6780,,50.9
6785,,10.9
6790,,16.9
6795,,36.9
6800,,22.61
6805,,47.6
6810,,28.9
6815,,19.9
6820,,55.0
6825,,32.9
6830,,129.8
6835,,42.9
6840,,2.9
6845,,7.9
6850,,37.9
6855,,65.7
6860,,19.9
6865,,18.9
6870,,126.9
6875,,11.7
6880,,33.9
6885,,38.9
6890,,86.9
6895,,2.9
6900,,2.9
6905,,211.8
6910,,145.26
6915,,28.9
6920,,25.9
6925,,23.8
6930,,19.9
6935,,67.8
6940,,29.9
6945,,10.9
6950,,25.9
6955,,61.8
6960,,96.9
6965,,66.9
6970,,25.9
6975,,22.7
6980,,69.8
6985,,31.9
6990,,19.9
6995,,28.9
7000,,64.9
7005,,39.8
7010,,28.9
7015,,13.9
7020,,43.9
7025,,73.9
7030,,34.9
7035,,50.9
7040,,16.9
7045,,48.9
7050,,111.6
7055,,49.9
7060,,37.9
7065,,15.9
7070,,11.9
7075,,56.9
7080,,42.9
7085,,36.96
7090,,26.5
7095,,21.9
7100,,115.6
7105,,6.9
7110,,74.9
7115,,27.9
7120,,53.9
7125,,51.8
7130,,55.9
7135,,33.9
7140,,23.9
7145,,21.9
7150,,50.9
7155,,15.9
7160,,38.9
7165,,35.8
7170,,71.9
7175,,16.9
7180,,33.8
7185,,17.9
7190,,104.9
7195,,28.9
7200,,21.9
7205,,16.9
7210,,12.9
7215,,76.9
7220,,31.9
7225,,49.9
7230,,33.9
7235,,226.44
7240,,25.9
7245,,38.9
7250,,16.9
7255,,15.9
7260,,76.9
7265,,55.8
7270,,19.9
7275,,63.9
7280,,25.9
7285,,20.8
7290,,62.41
7295,,28.9
7300,,50.9
7305,,76.9
7310,,152.9
7315,,50.9
7320,,27.9
7325,,145.26
7330,,105.9
7335,,117.9
7340,,70.9
7345,,305.8
7350,,37.9
7355,,21.9
7360,,230.7
7365,,152.9
7370,,25.9
7375,,36.9
7380,,19.9
7385,,42.9
7390,,87.6
7395,,49.9
7400,,50.9
7405,,59.7
7410,,99.8
7415,,152.9
7420,,20.9
7425,signe_inverse,11.3
7430,,5.8
7435,,11.9
7440,,44.9
7445,,41.7
7450,,66.9
7455,,25.9
7460,,23.9
7465,,31.9
7470,,47.4
7475,,30.9
7480,,61.9
7485,,32.9
7490,,11.9
7495,,76.9
7500,,63.56
7505,,64.9
7510,,50.9
7515,,14.9
7520,,11.9
7525,,10.36
7530,,47.6
7535,,8.9
7540,,147.8
7545,,20.9
7550,,6.56
7555,,28.9
7560,,36.0
7565,,21.8
7570,,28.9
7575,,117.9
7580,,30.9
7585,,54.9
7590,,13.9
7595,,13.9
7600,,9.9
7605,,5.8
7610,,2.9
7615,,71.9
7620,,102.42
7625,,31.8
7630,,11.9
7635,,2.76
7640,,62.9
7645,,107.7
7650,,3.9
7655,,28.9
7660,,21.9
7665,,31.9
7670,,49.9
7675,,50.9
7680,,9.8
7685,,28.9
7690,,37.9
7695,,18.9
7700,,10.9
7705,,25.9
7710,,11.9
7715,,99.8
7720,,11.9
7725,,57.9
7730,,104.9
7735,,64.9
7740,,19.9
7745,,18.9
7750,,34.9
7755,,2.9
7760,,21.9
7765,,14.9
7770,,28.9
7775,,6.9
7780,,13.2
7785,,43.8
7790,,101.8
7795,,73.9
7800,,65.7
7805,,3.9
7810,,52.15
7815,,43.8
7820,,7.9
7825,,152.9
7830,,3.9
7835,,38.9
7840,,9.9
7845,,28.9
7850,,28.9
7855,,42.9
7860,,27.9
7865,,16.9
7870,,23.9
7875,,33.9
7880,,33.8
7885,,38.9
7890,,20.9
7895,,41.8
7900,,458.7
7905,,21.9
7910,,17.9
7915,,42.9
7920,,104.9
7925,,42.9
7930,,63.9
7935,,55.8
7940,,33.9
7945,,35.9
7950,,21.9
7955,,20.9
7960,,21.9
7965,,23.9
7970,,43.9
7975,,28.9
7980,,28.9
7985,,18.9
7990,,61.9
7995,,101.8
8000,,37.9
8005,,20.8
8010,,21.9
8015,,33.9
8020,,35.7
8025,decimale_x100,42.9
8030,,15.9
8035,,30.3
8040,,38.9
8045,,7.9
8050,,15.9
8055,,51.8
8060,,18.9
8065,,11.7
8070,,19.9
8075,,28.9
8080,,64.9
8085,,11.3
8090,,18.9
8095,,76.9
8100,,19.9
8105,,50.9
8110,,11.9
8115,,117.9
8120,,127.8
8125,,37.9
8130,,15.9
8135,,39.9
8140,,29.9
8145,,64.9
8150,,16.05
8155,,49.9
8160,,31.9
8165,,23.9
8170,,67.8
8175,,2.9
8180,,16.9
8185,,76.9
8190,,48.9
8195,,64.9
8200,,42.9
8205,,76.9
8210,,19.9
8215,,50.9
8220,,73.9
8225,,10.9
8230,,17.9
8235,,22.7
8240,,16.9
8245,,63.9
8250,,59.7
8255,,21.9
8260,,11.9
8265,,15.9
8270,,42.9
8275,,19.9
8280,,77.8
8285,,6.9
8290,,21.9
8295,,56.9
8300,,16.9
8305,,70.9
8310,,20.9
8315,,15.9
8320,,18.9
8325,,50.9
8330,,25.9
8335,,7.9
8340,,18.9
8345,,4.9
8350,,16.9
8355,,10.9
8360,,23.9
8365,,62.9
8370,,21.9
8375,,76.9
8380,,86.9
8385,,32.9
8390,,42.9
8395,,10.9
8400,,36.9
8405,,15.9
8410,,53.7
8415,,305.8
8420,,70.9
8425,,28.9
8430,,62.9
8435,,126.9
8440,,28.9
8445,,73.06
8450,,73.9
8455,,152.9
8460,,71.9
8465,,38.9
8470,,15.9
8475,,15.1
8480,,71.9
8485,,25.9
8490,,42.9
8495,,164.7
8500,,11.9
8505,,21.9
8510,,75.8
8515,,21.9
8520,,11.9
8525,,20.9
8530,,3.9
8535,,37.9
8540,,39.8
8545,,51.8
8550,,57.9
8555,,37.9
8560,,9.9
8565,,61.9
8570,,11.9
8575,,7.8
8580,,28.9
8585,,42.9
8590,,33.9
8595,,3.9
8600,,30.9
8605,,51.8
8610,,56.7
8615,,26.5
8620,,99.8
8625,,9.9
8630,,28.9
8635,,11.9
8640,,45.41
8645,,35.9
8650,,19.85
8655,,27.9
8660,,43.8
8665,,31.9
8670,,15.9
8675,,42.9
8680,,31.9
8685,,56.9
8690,,32.9
8695,,19.9
8700,,10.36
8705,,12.26
8710,,38.9
8715,,152.9
8720,,50.9
8725,,65.7
8730,,57.9
8735,,32.9
8740,,8.9
8745,,12.26
8750,,50.9
8755,,69.8
8760,,6.9
8765,,19.9
8770,,42.9
8775,,15.9
8780,,260.7
8785,,3.9
8790,,21.9
8795,,9.9
8800,,21.9
8805,,2.9
8810,,62.9
8815,,74.9
8820,,42.9
8825,,2.9
8830,,16.9
8835,,57.9
8840,,20.9
8845,,74.9
8850,,96.9
8855,,11.9
8860,,38.9
8865,,50.9
8870,,71.16
8875,,70.9
8880,,16.9
8885,,11.9
8890,,49.9
8895,,46.62
8900,,76.9
8905,,117.9
8910,,55.9
8915,,47.4
8920,,15.21
8925,,56.7
8930,,31.9
8935,,74.9
8940,,33.8
8945,,49.9
8950,,96.9
8955,,15.9
8960,,33.9
8965,,21.9
8970,,18.9
8975,,41.8
8980,,9.9
8985,,86.9
8990,,10.9
8995,,2.9
9000,,20.7
9005,,39.71
9010,,15.9
9015,,15.9
9020,,221.7
9025,,7.9
9030,,11.9
9035,,64.9
9040,,14.9
9045,,86.9
9050,,2.9
9055,,42.9
9060,,11.9
9065,,99.8
9070,,11.9
9075,,33.9
9080,,126.9
9085,,21.9
9090,,49.9
9095,,42.9
9100,,37.62
9105,,16.9
9110,,97.8
9115,,71.9
9120,,25.9
9125,,19.9
9130,,73.9
9135,,36.0
9140,,10.9
9145,,42.9
9150,,25.9
9155,,10.9
9160,,4.9
9165,,21.9
9170,,10.9
9175,,104.9
9180,,21.9
9185,,25.9
9190,,48.9
9195,,3.9
9200,,29.8
9205,,77.8
9210,,17.8
9215,,209.8
9220,,9.9
9225,,17.9
9230,,21.9
9235,,28.9
9240,,68.9
9245,,17.9
9250,,12.9
9255,,16.9
9260,,49.9
9265,,107.8
9270,,37.8
9275,,43.8
9280,,55.9
9285,,62.9
9290,,16.9
9295,,5.8
9300,,49.9
9305,,123.8
9310,,47.8
9315,,64.9
9320,,10.9
9325,,50.9
9330,,64.9
9335,,17.91
9340,,28.9
9345,,67.8
9350,,19.9
9355,,58.8
9360,,42.9
9365,,49.9
9370,,15.8
9375,,49.9
9380,,9.9
9385,,99.8
9390,,28.9
9395,,16.9
9400,,49.21
9405,,45.41
9410,,23.9
9415,,176.42
9420,,116.7
9425,,19.9
9430,signe_inverse,38.9
9435,,37.9
9440,,16.9
9445,,28.9
9450,,76.9
9455,,62.9
9460,,16.9
9465,,19.9
9470,,152.9
9475,,66.9
9480,,21.9
9485,,73.9
9490,,33.8
9495,,86.9
9500,,117.9
9505,,21.9
9510,,61.9
9515,,295.6
9520,,37.9
9525,,49.9
9530,,33.9
9535,,21.9
9540,,76.9
9545,,43.8
9550,,71.9
9555,,57.9
9560,,61.66
9565,,30.9
9570,,12.51
9575,,32.9
9580,,43.8
9585,,48.9
9590,,73.9
9595,,42.9
9600,,7.9
9605,,16.9
9610,,10.9
9615,,42.9
9620,,199.6
9625,,10.9
9630,,27.9
9635,,39.8
9640,,37.9
9645,,15.9
9650,,33.9
9655,,63.56
9660,,8.91
9665,,117.9
9670,,37.8
9675,,48.9
9680,,23.9
9685,,50.9
9690,,20.9
9695,,23.8
9700,,49.9
9705,,73.9
9710,,117.9
9715,,41.8
9720,,7.9
9725,,43.8
9730,,55.9
9735,,18.9
9740,,15.9
9745,,3.9
9750,,53.9
9755,,32.9
9760,,39.8
9765,,73.9
9770,,39.8
9775,,21.9
9780,,42.9
9785,,152.9
9790,,41.8
9795,,31.9
9800,,101.7
9805,,39.9
9810,,29.9
9815,,10.9
9820,,38.9
9825,,20.9
9830,,33.9
9835,,50.9
9840,,34.9
9845,,14.9
9850,,23.9
9855,,29.9
9860,,16.9
9865,,63.9
9870,,31.9
9875,,18.9
9880,,28.9
9885,,129.8
9890,,76.9
9895,,71.9
9900,,8.9
9905,,21.9
9910,,49.9
9915,,18.9
9920,,73.9
9925,,117.9
9930,,15.9
9935,,18.9
9940,,27.46
9945,zero,10.9
9950,,36.9
9955,,42.9
9960,,15.9
9965,,57.8
9970,,9.4
9975,,19.9
9980,,17.9
9985,,11.9
9990,signe_inverse,28.9
9995,,76.9
10000,,76.9
10005,,29.9
10010,,21.9
10015,,76.9
10020,,18.9
10025,,12.26
10030,,44.91
10035,,36.0
10040,,73.9
10045,,2.9
10050,,76.9
10055,,7.9
10060,,86.9
10065,,4.9
10070,,43.9
10075,,37.9
10080,,100.6
10085,,21.9
10090,,11.9
10095,,21.9
10100,,10.9
10105,,29.9
10110,,235.8
10115,,2.9
10120,,31.8
10125,,16.9
10130,,32.9
10135,,96.9
10140,,21.9
10145,,32.2
10150,,56.9
10155,,25.9
10160,,36.9
10165,,12.9
10170,,76.9
10175,,20.9
10180,,70.9
10185,,76.9
10190,,21.8
10195,,38.9
10200,,104.9
10205,,37.9
10210,,18.9
10215,,215.7
10220,,30.9
10225,,117.9
10230,,25.9
10235,,11.9
10240,,50.9
10245,,11.9
10250,,147.8
10255,,44.9
10260,,20.9
10265,,92.06
10270,,66.9
10275,,35.9
10280,,15.9
10285,,33.9
10290,,76.9
10295,,71.9
10300,,28.9
10305,,10.9
10310,,141.8
10315,,29.9
10320,,37.9
10325,,126.9
10330,,42.9
10335,,15.8
10340,,20.9
10345,,152.9
10350,,44.9
10355,,13.9
10360,,16.05
10365,,37.9
10370,,67.36
10375,,38.9
10380,,20.9
10385,,62.9
10390,,86.9
10395,,16.9
10400,,86.9
10405,,21.9
10410,,173.7
10415,,9.9
10420,,28.9
10425,,86.9
10430,,23.9
10435,,90.9
10440,,105.9
10445,,2.9
10450,,57.9
10455,,77.8
10460,,117.9
10465,,90.9
10470,,9.9
10475,,25.8
10480,placeholder_9999,13.9
10485,,35.9
10490,,71.9
10495,,55.9
10500,,63.56
10505,,3.9
10510,,16.9
10515,,16.9
10520,,152.9
10525,,7.8
10530,,38.9
10535,,19.9
10540,,15.9
10545,,31.9
10550,,48.9
10555,,13.9
10560,,61.9
10565,,10.9
10570,,42.9
10575,,5.51
10580,,17.95
10585,,76.9
10590,,36.0
10595,,57.8
10600,,20.9
10605,,23.9
10610,,21.8
10615,,36.9
10620,,33.9
10625,,215.7
10630,,17.9
10635,,10.9
10640,,11.9
10645,,42.9
10650,decimale_x10,17.95
10655,,2.9
10660,,32.2
10665,,36.9
10670,,50.9
10675,,21.9
10680,,76.9
10685,,42.9
10690,,10.9
10695,,70.2
10700,,28.9
10705,,15.9
10710,,212.7
10715,,15.9
10720,,7.9
10725,,28.9
10730,,47.4
10735,,6.9
10740,,125.8
10745,,76.9
10750,,41.8
10755,,64.9
10760,,50.9
10765,,18.9
10770,,29.9
10775,,41.7
10780,,63.8
10785,,15.9
10790,,70.2
10795,,18.9
10800,,21.9
10805,,76.9
10810,,28.9
10815,,9.9
10820,,73.06
10825,,11.9
10830,,33.9
10835,,16.9
10840,,120.56
10845,,70.9
10850,,20.9
10855,,63.9
10860,,25.9
10865,,101.8
10870,,37.9
10875,,43.9
10880,,145.26
10885,,2.9
10890,,19.9
10895,,61.66
10900,,42.9
10905,,39.92
10910,,31.12
10915,,19.12
10920,,25.8
10925,,68.64
10930,,17.52
10935,,458.7
10940,,7.12
10945,,11.92
10950,,31.12
10955,,7.12
10960,,46.32
10965,,11.12
10970,,50.9
10975,,83.92
10980,,76.9
10985,,123.04
10990,,14.32
10995,,48.9
11000,,53.52
11005,,3.12
11010,,9.9
11015,,15.9
11020,,27.9
11025,,9.52
11030,,16.9
11035,,49.52
11040,,13.52
11045,,25.9
11050,,19.04
11055,,31.12
11060,,70.9
11065,,118.24
11070,,53.52
11075,,15.92
11080,,17.52
11085,,17.9
11090,,3.92
11095,,90.9
11100,,6.32
11105,,16.72
11110,,8.72
11115,,11.12
11120,,117.9
11125,,28.9
11130,,13.52
11135,,9.52
11140,,16.9
11145,,90.9
11150,,6.32
11155,,133.8
11160,,25.44
11165,,50.32
11170,,9.9
11175,,27.92
11180,,53.52
11185,,7.92
11190,,3.12
11195,,59.12
11200,,83.92
11205,,62.24
11210,,21.9
11215,,30.32
11220,,46.24
11225,,77.8
11230,,15.92
11235,,50.32
11240,,97.8
11245,,20.72
11250,decimale_x100,3.9
11255,,10.9
11260,,15.92
11265,,8.72
11270,,20.72
11275,,66.9
11280,,94.32
11285,,9.52
11290,,17.52
11295,,30.32
11300,,25.52
11305,,59.12
11310,,17.52
11315,,21.8
11320,,12.72
11325,,20.72
11330,,55.12
11335,,57.52
11340,,21.9
11345,,16.9
11350,,12.72
11355,,19.9
11360,,43.8
11365,,3.9
11370,,118.24
11375,,53.52
11380,,164.7
11385,,7.9
11390,,51.92
11395,,39.12
11400,,53.9
11405,,51.12
11410,,54.24
11415,,37.9
11420,,8.72
11425,,86.9
11430,,28.9
11435,,28.64
11440,,12.72
11445,,14.32
11450,,17.52
11455,,90.9
11460,,16.72
11465,,20.9
11470,,85.8
11475,,69.52
11480,,23.12
11485,,59.12
11490,,71.9
11495,,94.32
11500,,68.64
11505,,14.9
11510,,218.16
11515,,38.9
11520,,117.9
11525,,86.9
11530,,305.8
11535,,34.32
11540,,173.8
11545,,5.52
11550,,16.9
11555,,15.92
11560,,13.52
11565,,10.9
11570,,12.9
11575,,15.9
11580,,39.12
11585,,13.52
11590,,20.9
11595,,5.52
11600,,39.12
11605,,54.9
11610,,11.9
11615,,16.9
11620,,25.44
11625,,72.72
11630,,43.12
11635,,2.32
11640,,53.52
11645,,11.9
11650,,15.92
11655,,10.9
11660,,17.9
11665,decimale_x100,3.92
11670,,40.72
11675,,4.9
11680,,101.8
11685,,96.9
11690,,35.92
11695,,15.92
11700,,8.72
11705,,458.7
11710,,53.52
11715,,19.12
11720,,49.52
11725,,51.92
11730,,9.52
11735,,37.9
11740,,15.92
11745,,90.9
11750,,28.9
11755,,69.52
11760,,7.92
11765,,28.72
11770,,278.08
11775,,42.9
11780,,31.12
11785,,11.9
11790,,15.9
11795,,17.52
11800,,30.32
11805,,16.9
11810,,8.72
11815,,39.8
11820,,15.92
11825,,54.24
11830,,15.12
11835,,8.72
11840,,59.12
11845,,62.24
11850,,36.9
11855,,12.72
11860,,94.32
11865,,22.32
11870,,42.9
11875,,79.8
11880,,152.9
11885,,102.96
11890,,102.96
11895,,53.52
11900,,9.9
11905,,21.9
11910,,44.9
11915,,7.92
11920,,23.12
11925,,23.12
11930,,59.12
11935,,9.52
11940,,28.9
11945,,27.92
11950,,37.9
11955,,69.52
11960,,8.72
11965,,13.52
11970,,8.72
11975,,30.32
11980,,35.04
11985,,33.9
11990,,94.32
11995,,25.9
12000,,17.52
12005,,16.72
12010,,28.9
12015,,25.44
12020,,12.72
12025,,8.72
12030,,10.32
12035,,19.12
12040,,55.9
12045,,40.72
12050,,59.12
12055,,37.9
12060,,35.04
12065,,122.32
12070,,51.92
12075,,51.92
12080,,65.7
12085,,42.9
12090,,17.52
12095,,8.9
12100,,35.8
12105,,23.12
12110,,18.9
12115,,66.9
12120,,17.52
12125,,152.9
12130,,6.32
12135,,66.9
12140,,69.52
12145,,27.9
12150,,21.9
12155,,2.32
12160,,200.7
12165,,50.9
12170,,16.9
12175,decimale_x10,8.72
12180,,70.9
12185,,12.72
12190,,167.84
12195,,71.9
12200,,17.52
12205,,57.52
12210,,20.64
12215,,21.9
12220,,15.92
12225,,12.72
12230,,25.52
12235,,40.72
12240,,22.32
12245,,34.9
12250,,19.9
12255,,12.9
12260,,23.9
12265,,2.9
12270,,17.52
12275,,9.52
12280,,9.9
12285,,84.72
12290,,2.32
12295,,16.72
12300,,57.52
12305,,11.92
12310,,212.7
12315,,17.9
12320,,7.92
12325,,12.72
12330,,21.9
12335,,86.9
12340,,25.9
12345,,53.9
12350,,71.9
12355,,61.52
12360,signe_inverse,7.9
12365,,10.9
12370,,11.9
12375,,235.8
12380,,25.9
12385,,73.9
12390,,37.9
12395,,28.9
12400,,43.8
12405,,25.8
12410,,11.9
12415,,29.9
12420,,3.9
12425,,16.9
12430,,33.9
12435,,41.61
12440,,11.9
12445,,39.9
12450,,17.95
12455,,152.9
12460,,16.9
12465,,49.9
12470,,19.9
12475,,28.9
12480,,57.9
12485,,21.9
12490,,16.9
12495,,48.9
12500,,36.9
12505,,76.9
12510,,152.9
12515,,36.0
12520,,43.9
12525,,19.9
12530,,33.9
12535,,15.9
12540,,3.7
12545,,38.9
12550,,8.9
12555,,43.8
12560,,21.9
12565,,25.9
12570,,149.7
12575,,11.9
12580,,28.9
12585,,23.9
12590,,28.9
12595,,117.9
12600,,117.9
12605,,37.9
12610,,21.9
12615,,211.8
12620,,71.9
12625,,7.5
12630,,21.9
12635,,18.9
12640,,71.9
12645,,49.9
12650,,152.9
12655,,42.9
12660,,25.8
12665,,96.9
12670,,86.9
12675,,21.9
12680,,12.9
12685,,35.9
12690,,15.9
12695,,119.51
12700,,15.1
12705,,33.9
12710,,42.9
12715,,20.8
12720,,155.6
12725,,21.9
12730,,49.9
12735,,51.8
12740,,37.9
12745,,117.9
12750,,30.9
12755,,43.8
12760,,76.9
12765,,41.8
12770,,18.9
12775,,76.9
12780,,11.9
12785,,71.9
12790,,23.8
12795,,42.9
12800,,23.9
12805,,90.9
12810,,37.9
12815,,82.56
12820,,70.9
12825,,117.9
12830,,20.9
12835,,50.9
12840,,86.9
12845,,48.16
12850,,152.9
12855,,27.46
12860,,33.8
12865,,11.9
12870,,76.9
12875,,23.9
12880,,7.9
12885,,54.91
12890,,25.8
12895,,152.9
12900,,230.7
12905,,42.9
12910,,25.8
12915,,23.8
12920,,44.9
12925,,9.9
12930,,55.9
12935,,32.9
12940,,14.9
12945,,11.9
12950,,86.9
12955,,117.9
12960,,15.9
12965,,8.9
12970,,48.36
12975,,87.6
12980,,19.85
12985,,19.8
12990,,117.9
12995,,28.9
13000,,104.9
13005,,48.9
13010,,126.9
13015,,6.9
13020,,50.9
13025,,39.8
13030,decimale_x10,42.9
13035,,21.9
13040,,37.9
13045,,86.9
13050,,17.0
13055,,152.9
13060,,73.9
13065,,37.9
13070,,104.9
13075,,20.9
13080,,25.9
13085,,34.9
13090,,48.36
13095,,25.9
13100,,23.9
13105,,49.9
13110,,86.9
13115,,38.9
13120,,17.9
13125,,86.9
13130,,43.8
13135,,73.06
13140,,86.9
13145,zero,83.7
13150,,28.9
13155,,23.9
13160,,147.8
13165,,37.9
13170,,50.9
13175,,27.9
13180,,27.9
13185,,28.22
13190,,64.9
13195,,33.9
13200,,305.8
13205,,17.9
13210,,149.7
13215,,21.9
13220,,3.9
13225,,12.9
13230,,11.9
13235,,12.9
13240,,37.62
13245,,21.9
13250,,23.9
13255,,126.9
13260,,11.9
13265,,22.61
13270,,90.9
13275,,29.9
13280,,11.9
13285,,16.9
13290,,11.9
13295,,23.7
13300,,8.9
13305,,28.9
13310,,152.9
13315,,63.9
13320,,76.9
13325,,126.9
13330,,57.9
13335,,66.9
13340,,17.9
13345,,75.8
13350,,23.9
13355,,18.9
13360,,64.9
13365,,307.6
13370,,105.9
13375,,23.9
13380,,17.0
13385,,28.9
13390,,43.6
13395,,21.8
13400,,10.9
13405,,50.9
13410,,10.9
13415,,193.8
13420,,10.9
13425,,8.9
13430,,48.9
13435,,109.8
13440,,9.9
13445,,71.9
13450,decimale_x10,39.9
13455,,28.9
13460,,76.9
13465,,34.9
13470,,33.9
13475,,147.8
13480,,11.9
13485,,61.9
13490,,17.9
13495,,50.9
13500,,15.9
13505,,64.9
13510,,7.9
13515,,149.8
13520,,50.9
13525,,20.8
13530,,99.8
13535,,25.8
13540,,82.56
13545,,128.7
13550,,15.9
13555,,19.9
13560,,71.9
13565,,37.9
13570,,42.9
13575,,44.9
13580,,23.9
13585,,76.9
13590,,40.75
13595,,15.8
13600,,31.8
13605,,71.9
13610,,19.9
13615,,19.9
13620,decimale_x10,152.9
13625,,37.9
13630,,3.9
13635,,62.9
13640,,73.9
13645,,6.9
13650,,7.9
13655,,152.9
13660,,104.9
13665,,117.9
13670,,27.9
13675,,11.9
13680,,21.9
13685,,18.9
13690,,152.7
13695,,35.8
13700,,117.9
13705,,38.9
13710,,15.9
13715,,11.9
13720,,18.9
13725,,70.9
13730,,111.8
13735,,13.9
13740,,37.9
13745,,41.8
13750,,27.9
13755,,41.8
13760,,21.9
13765,,22.7
13770,,71.9
13775,,17.0
13780,,50.9
13785,,67.8
13790,,18.9
13795,,26.5
13800,,42.9
13805,,70.2
13810,,66.9
13815,,10.9
13820,,28.9
13825,,16.9
13830,,101.8
13835,,21.9
13840,,152.9
13845,,20.9
13850,,11.9
13855,,13.9
13860,,12.9
13865,,64.9
13870,,16.9
13875,,42.9
13880,,18.9
13885,,59.8
13890,,49.9
13895,,12.9
13900,,42.9
13905,,73.9
13910,,6.9
13915,,29.9
13920,,37.9
13925,,147.8
13930,,28.9
13935,,12.26
13940,,305.8
13945,decimale_x100,38.9
13950,,20.8
13955,,75.8
13960,,15.9
13965,,117.9
13970,,21.9
13975,,66.9
13980,,37.9
13985,,104.7
13990,,73.9
13995,,21.9
14000,,50.9
14005,,13.2
14010,,13.8
14015,,39.8
14020,,39.9
14025,,12.9
14030,,57.9
14035,,32.9
14040,,33.9
14045,,32.9
14050,,50.9
14055,,16.9
14060,,71.8
14065,,19.9
14070,,85.8
14075,,10.9
14080,,2.9
14085,,27.9
14090,,152.9
14095,,14.9
14100,,49.9
14105,,33.8
14110,,73.9
14115,,4.9
14120,,50.9
14125,,75.8
14130,,2.9
14135,,3.9
14140,,8.9
14145,,49.9
14150,,21.9
14155,,64.9
14160,,73.9
14165,,56.9
14170,,31.9
14175,,7.8
14180,,25.9
14185,,15.21
14190,,49.9
14195,,43.8
14200,,11.9
14205,signe_inverse,153.8
14210,,48.9
14215,,147.8
14220,,19.9
14225,,73.9
14230,,71.9
14235,,50.9
14240,,9.9
14245,,152.9
14250,,57.8
14255,,10.9
14260,,10.9
14265,,44.9
14270,,61.66
14275,,38.9
14280,,39.8
14285,,7.9
14290,,28.9
14295,,39.8
14300,,25.9
14305,,44.9
14310,,66.9
14315,,43.8
14320,,38.9
14325,,86.9
14330,,55.9
14335,,73.9
14340,,143.8
14345,,44.9
14350,,18.9
14355,,37.9
14360,,10.36
14365,,41.8
14370,,20.9
14375,,71.9
14380,decimale_x100,29.9
14385,,10.9
14390,,16.9
14395,,25.9
14400,,101.7
14405,,23.9
14410,,20.9
14415,,73.9
14420,,86.9
14425,,73.9
14430,,126.9
14435,,23.9
14440,,71.9
14445,,12.9
14450,,73.9
14455,,6.9
14460,,10.9
14465,,19.9
14470,,21.9
14475,,61.9
14480,,50.9
14485,,23.9
14490,,147.8
14495,,25.8
14500,,3.9
14505,,61.9
14510,,11.9
14515,,23.9
14520,,42.9
14525,,21.9
14530,,12.9
14535,,13.8
14540,,104.9
14545,,28.9
14550,,2.76
14555,,10.9
14560,,48.9
14565,,21.9
14570,,97.8
14575,,73.9
14580,,19.8
14585,,28.9
14590,,17.9
14595,,54.9
14600,,19.9
14605,,11.9
14610,,23.9
14615,,37.9
14620,,10.9
14625,,21.8
14630,,50.9
14635,,11.9
14640,,31.9
14645,,75.8
14650,,86.9
14655,signe_inverse,27.9
14660,,23.8
14665,,23.9
14670,,50.9
14675,,19.9
14680,,53.9
14685,,15.9
14690,,70.9
14695,,23.9
14700,,43.8
14705,,48.9
14710,,20.9
14715,,21.9
14720,,212.22
14725,,19.9
14730,,3.9
14735,,9.9
14740,,173.8
14745,,152.9
14750,,18.9
14755,,9.9
14760,,86.36
14765,,7.9
14770,,11.9
14775,,15.9
14780,,14.9
14785,,147.8
14790,,42.9
14795,,21.9
14800,,7.9
14805,,37.9
14810,,29.9
14815,,37.9
14820,,37.9
14825,,21.9
14830,,50.9
14835,,20.9
14840,,43.9
14845,,49.9
14850,,11.9
14855,,12.9
14860,,28.9
14865,,25.8
14870,,101.8
14875,,20.9
14880,,67.8
14885,,11.9
14890,,17.0
14895,,43.9
14900,,20.9
14905,,54.9
14910,,21.9
14915,,48.9
14920,,25.9
14925,,11.9
14930,,23.9
14935,,18.9
14940,,28.9
14945,,117.9
14950,,235.8
14955,,33.9
14960,,2.9
14965,,70.2
14970,,8.9
14975,,29.9
14980,,21.9
14985,decimale_x10,16.9
14990,,8.9
14995,,25.9
15000,,9.81
15005,,31.9
15010,,73.9
15015,,15.1
15020,,48.9
15025,,55.9
15030,,61.9
15035,,96.9
15040,,38.9
15045,,10.36
15050,,28.9
15055,,25.9
15060,,19.8
15065,,28.9
15070,,73.8
15075,,12.9
15080,,66.9
15085,,10.9
15090,,39.8
15095,,70.9
15100,signe_inverse,28.9
15105,,3.9
15110,,76.9
15115,,50.9
15120,,10.9
15125,,104.9
15130,,2.76
15135,,28.9
15140,,11.9
15145,,2.9
15150,,101.7
15155,,17.0
15160,,37.8
15165,,20.9
15170,,66.9
15175,,16.9
15180,,152.9
15185,,25.9
15190,,59.8
15195,,74.9
15200,,40.75
15205,,25.9
15210,,27.9
15215,,66.9
15220,,2.9
15225,,112.0
15230,zero,230.7
15235,,17.9
15240,,49.9
15245,,62.9
15250,,42.9
15255,,129.8
15260,,117.9
15265,,23.9
15270,,15.9
15275,,19.9
15280,,20.9
15285,,66.9
15290,,11.9
15295,,5.8
15300,,35.9
15305,,19.9
15310,,86.9
15315,,11.9
15320,,167.7
15325,,30.42
15330,,11.9
15335,,21.8
15340,,11.9
15345,,13.2
15350,,104.9
15355,,10.9
15360,,47.4
15365,,53.9
15370,,275.6
15375,,9.9
15380,,37.8
15385,,66.9
15390,,66.9
15395,,50.9
15400,,15.9
15405,,10.9
15410,,147.8
15415,,15.9
15420,,33.8
15425,,3.9
15430,,152.9
15435,,17.0
15440,,12.9
15445,,3.9
15450,,49.9
15455,,62.9
15460,,109.8
15465,,21.9
15470,,10.9
15475,,16.9
15480,,15.9
15485,,37.9
15490,,73.9
15495,,25.9
15500,,21.9
15505,,9.9
15510,,15.9
15515,,42.9
15520,,25.9
15525,,10.9
15530,,20.9
15535,,57.9
15540,,12.9
15545,,35.8
15550,,2.9
15555,,15.9
15560,,23.31
15565,,117.9
15570,,8.9
15575,,12.9
15580,,33.9
15585,,101.8
15590,,76.9
15595,,2.9
15600,,10.9
15605,,17.9
15610,,75.8
15615,,39.9
15620,,11.9
15625,,42.9
15630,,11.9
15635,,28.9
15640,,29.9
15645,,73.9
15650,,62.9
15655,,71.9
15660,,20.9
15665,,71.7
15670,,25.9
15675,,73.9
15680,,50.9
15685,,2.9
15690,,9.8
15695,,39.8
15700,,11.7
15705,,54.9
15710,,39.9
15715,,12.9
15720,,3.9
15725,,28.9
15730,,10.9
15735,,19.9
15740,,20.9
15745,,20.9
15750,,21.9
15755,,50.9
15760,,19.9
15765,,35.8
15770,,47.6
15775,,97.8
15780,,23.9
15785,,71.9
15790,,43.8
15795,,64.9
15800,,21.9
15805,,104.9
15810,,20.9
15815,,50.9
15820,,16.9
15825,,20.9
15830,,38.9
15835,,42.9
15840,,50.9
15845,,59.76
15850,,37.62
15855,,133.8
15860,,2.9
15865,,9.9
15870,,18.9
15875,,70.9
15880,,28.9
15885,,12.9
15890,,86.9
15895,,23.9
15900,,21.9
15905,,18.9
15910,,48.9
15915,,305.8
15920,,38.7
15925,,62.9
15930,,76.9
15935,,21.9
15940,,19.9
15945,,15.9
15950,,19.9
15955,decimale_x100,37.9
15960,,18.9
15965,,104.9
15970,,57.9
15975,,111.8
15980,,36.96
15985,,21.9
15990,,33.9
15995,,20.9
16000,,16.9
16005,,37.9
16010,,28.9
16015,,152.9
16020,,28.9
16025,,27.46
16030,,38.9
16035,,8.9
16040,,23.9
16045,,8.9
16050,,29.9
16055,,29.9
16060,,4.9
16065,,9.9
16070,,70.9
16075,,49.9
16080,,53.9
16085,,11.9
16090,,128.7
16095,,48.9
16100,,50.9
16105,,11.9
16110,,104.9
16115,,19.9
16120,,11.7
16125,,37.9
16130,,8.9
16135,decimale_x100,37.9
16140,,49.9
16145,,55.8
16150,,7.9
16155,,55.9
16160,,16.05
16165,,16.9
16170,,19.9
16175,,73.9
16180,,153.8
16185,,28.9
16190,,57.9
16195,,20.9
16200,,11.3
16205,,25.8
16210,,47.4
16215,,126.9
16220,,48.9
16225,,76.9
16230,,42.9
16235,,64.9
16240,,23.9
16245,,21.9
16250,,2.9
16255,,28.9
16260,,86.9
16265,,65.8
16270,,90.9
16275,,66.9
16280,,139.36
16285,,4.9
16290,,42.9
16295,,25.9
16300,,12.26
16305,,10.44
16310,,42.9
16315,,21.9
16320,,19.85
16325,,10.9
16330,,90.9
16335,,32.9
16340,,20.9
16345,,71.9
16350,,57.9
16355,,49.9
16360,placeholder_9999,14.9
16365,,15.9
16370,,185.7
16375,,73.9
16380,,19.9
16385,,126.9
16390,,37.9
16395,,305.8
16400,,33.9
16405,,39.8
16410,,11.9
16415,,7.9
16420,,23.9
16425,,235.8
16430,,28.9
16435,,20.9
16440,,38.9
16445,,73.9
16450,,67.8
16455,,76.9
16460,,40.75
16465,,53.7
16470,,15.9
16475,,27.9
16480,,15.9
16485,,59.76
16490,,23.8
16495,,7.8
16500,,152.9
16505,,2.9
16510,,17.9
16515,,90.9
16520,,15.9
16525,,27.9
16530,,21.9
16535,,8.9
16540,,19.9
16545,,71.9
16550,,16.9
16555,,10.9
16560,,23.8
16565,,66.9
16570,,117.9
16575,,19.9
16580,,33.9
16585,,66.9
16590,,71.9
16595,,64.9
16600,,21.9
16605,,50.9
16610,,17.9
16615,decimale_x100,41.8
16620,,42.9
16625,,16.9
16630,,21.9
16635,,11.9
16640,,11.3
16645,,117.9
16650,,9.9
16655,,20.8
16660,,28.9
16665,,38.9
16670,,12.9
16675,,5.8
16680,,25.9
16685,,23.9
16690,,147.8
16695,,38.9
16700,,101.8
16705,,9.9
16710,,66.9
16715,,4.9
16720,,27.8
16725,,117.9
16730,,10.9
16735,,5.8
16740,,16.9
16745,,9.9
16750,,14.9
16755,,17.9
16760,,15.9
16765,,123.8
16770,,9.9
16775,,49.9
16780,,20.9
16785,,53.9
16790,,15.9
16795,,11.9
16800,,43.9
16805,,20.9
16810,,76.9
16815,,2.9
16820,,117.9
16825,,37.9
16830,,17.9
16835,,23.8
16840,,16.9
16845,,33.9
16850,,38.9
16855,,57.9
16860,,11.9
16865,,9.9
16870,,55.8
16875,,48.9
16880,,41.8
16885,,70.9
16890,,50.9
16895,,9.9
16900,,9.9
16905,,43.9
16910,,99.8
16915,,42.9
16920,,63.56
16925,,117.9
16930,,20.9
16935,,24.6
16940,,20.8
16945,,55.0
16950,,3.9
16955,,7.9
16960,,21.9
16965,,19.9
16970,,42.9
16975,,39.9
16980,,68.9
16985,decimale_x10,73.9
16990,,37.9
16995,,33.9
17000,,32.2
17005,,33.8
17010,,25.8
17015,,3.9
17020,,63.9
17025,,3.9
17030,,21.9
17035,,6.9
17040,,5.8
17045,,29.9
17050,,19.8
17055,,49.9
17060,,104.9
17065,,28.9
17070,,21.9
17075,,13.2
17080,,11.9
17085,,109.8
17090,,15.9
17095,,38.9
17100,,19.9
17105,,62.7
17110,,27.9
17115,,16.9
17120,,28.9
17125,,27.46
17130,,50.9
17135,,15.9
17140,,38.9
17145,,33.9
17150,,28.9
17155,,15.9
17160,,10.9
17165,,55.9
17170,,20.9
17175,,55.9
17180,,71.9
17185,,113.8
17190,,23.9
17195,,96.9
17200,,41.7
17205,,21.9
17210,,57.9
17215,,42.9
17220,,42.9
17225,,31.9
17230,,37.9
17235,,9.9
17240,,15.9
17245,,228.42
17250,,15.21
17255,,16.9
17260,,13.9
17265,,76.9
17270,,15.9
17275,,83.7
17280,signe_inverse,71.9
17285,,64.9
17290,,73.9
17295,,152.9
17300,,19.9
17305,,16.9
17310,,99.8
17315,,7.9
17320,,71.9
17325,,15.9
17330,,38.9
17335,,21.9
17340,,19.8
17345,,2.9
17350,,37.81
17355,,42.9
17360,,4.9
17365,,74.9
17370,,32.9
17375,,42.9
17380,,15.9
17385,,10.9
17390,,70.9
17395,,3.9
17400,,64.9
17405,,19.9
17410,,66.9
17415,,19.9
17420,,63.8
17425,,38.9
17430,,23.9
17435,,42.9
17440,,12.9
17445,,28.9
17450,,10.9
17455,,23.8
17460,,76.9
17465,,2.9
17470,,209.8
17475,,106.11
17480,,64.9
17485,,149.7
17490,,54.9
17495,,12.9
17500,,42.9
17505,,28.9
17510,,17.0
17515,,52.15
17520,,361.66
17525,,61.8
17530,,49.9
17535,,10.9
17540,,28.9
17545,,117.9
17550,,31.9
17555,,57.9
17560,,38.7
17565,,50.9
17570,,38.9
17575,,43.9
17580,,17.9
17585,,66.9
17590,,76.9
17595,,38.9
17600,,10.9
17605,,27.9
17610,,18.9
17615,,40.75
17620,,21.9
17625,decimale_x10,48.9
17630,,27.9
17635,,23.9
17640,,117.9
17645,,27.9
17650,,34.9
17655,,38.9
17660,,152.9
17665,,10.9
17670,,8.9
17675,,76.9
17680,,7.9
17685,,63.9
17690,,2.9
17695,,76.9
17700,,77.8
17705,,19.9
17710,,33.9
17715,,37.9
17720,,54.9
17725,,42.9
17730,,50.9
17735,,23.9
17740,,6.9
17745,,6.9
17750,,42.9
17755,,20.9
17760,,11.9
17765,,31.9
17770,,19.9
17775,,17.9
17780,,18.9
17785,,86.9
17790,,16.9
17795,,12.9
17800,,12.9
17805,,71.9
17810,,20.9
17815,,68.9
17820,,35.9
17825,,29.35
17830,,20.9
17835,,27.9
17840,,117.9
17845,,49.9
17850,,9.9
17855,,10.9
17860,,32.2
17865,,23.9
17870,,38.9
17875,,3.9
17880,,31.9
17885,,50.9
17890,,86.9
17895,,15.9
17900,,33.9
17905,,64.9
17910,,9.9
17915,,23.9
17920,,126.9
17925,,2.9
17930,,11.9
17935,,48.9
17940,,31.9
17945,,50.9
17950,,2.9
17955,,10.9
17960,,23.9
17965,,27.9
17970,,50.9
17975,,73.9
17980,,42.9
17985,,11.9
17990,,82.36
17995,,29.9
18000,,21.8
18005,,137.8
18010,,37.9
18015,,50.9
18020,,42.9
18025,,96.9
18030,,20.9
18035,,21.9
18040,,32.7
18045,,11.9
18050,,16.05
18055,,29.9
18060,,3.9
18065,,49.9
18070,,28.9
18075,,41.7
18080,,36.96
18085,,31.8
18090,,19.9
18095,,86.36
18100,,4.9
18105,,16.9
18110,,117.9
18115,,28.9
18120,,43.9
18125,,28.9
18130,,2.9
18135,,9.9
18140,,50.9
18145,,55.9
18150,,103.6
18155,,49.9
18160,,20.9
18165,,26.5
18170,,2.9
18175,,10.9
18180,,4.9
18185,,96.9
18190,,66.9
18195,,55.9
18200,,73.9
18205,,48.9
18210,,63.9
18215,,38.9
18220,,11.9
18225,,10.9
18230,,38.9
18235,,21.9
18240,,40.75
18245,,12.26
18250,,62.9
18255,,20.9
18260,,28.9
18265,,115.8
18270,,21.8
18275,decimale_x10,20.9
18280,,55.9
18285,,41.8
18290,,15.9
18295,,117.9
18300,,63.9
18305,,29.9
18310,,29.9
18315,,70.9
18320,,42.9
18325,,51.8
18330,,6.9
18335,,36.96
18340,,42.9
18345,,16.9
18350,,38.9
18355,,41.8
18360,,38.61
18365,,67.8
18370,,18.9
18375,,85.8
18380,,41.7
18385,,12.9
18390,,25.8
18395,,13.9
18400,,17.0
18405,,76.9
18410,,37.8
18415,,15.9
18420,,31.8
18425,,89.8
18430,,94.81
18435,,26.5
18440,,19.9
18445,,50.9
18450,,33.9
18455,placeholder_9999,21.9
18460,,10.9
18465,,49.9
18470,,38.9
18475,,57.9
18480,,9.9
18485,,2.9
18490,,38.9
18495,,28.9
18500,,48.9
18505,,33.9
18510,,12.26
18515,,103.6
18520,,104.9
18525,,43.9
18530,,25.9
18535,,21.9
18540,,57.9
18545,,56.9
18550,,42.9
18555,,10.9
18560,,62.7
18565,,55.9
18570,,50.9
18575,,29.9
18580,,152.9
18585,,3.9
18590,,48.9
18595,,127.8
18600,,19.85
18605,,54.9
18610,,36.9
18615,,38.9
18620,,11.9
18625,,27.46
18630,,28.9
18635,,5.8
18640,,28.9
18645,,57.9
18650,,111.8
18655,,9.9
18660,,20.9
18665,,11.9
18670,,71.9
18675,,9.9
18680,,50.9
18685,,64.9
18690,,76.9
18695,,15.9
18700,,29.7
18705,,104.9
18710,,76.9
18715,,247.67
18720,,16.05
18725,,61.66
18730,,44.7
18735,,19.9
18740,,48.9
18745,,41.8
18750,,112.0
18755,,21.9
18760,,89.8
18765,,7.9
18770,,19.9
18775,,25.9
18780,,18.9
18785,,12.9
18790,,48.9
18795,,6.9
18800,,12.9
18805,,152.9
18810,,32.9
18815,,19.9
18820,,145.26
18825,,35.9
18830,,10.9
18835,,39.9
18840,,32.9
18845,,47.6
18850,,23.9
18855,,2.9
18860,,28.9
18865,,68.9
18870,,17.9
18875,,37.9
18880,,34.9
18885,,15.8
18890,,37.9
18895,,18.9
18900,,51.2
18905,,19.9
18910,,49.9
18915,,19.9
18920,,25.9
18925,,50.9
18930,,9.4
18935,,21.9
18940,,73.9
18945,,76.9
18950,,66.9
18955,,62.9
18960,,50.9
18965,,34.01
18970,,73.9
18975,,38.9
18980,,16.9
18985,,8.9
18990,,31.9
18995,,25.9
19000,,18.9
19005,,42.9
19010,,31.9
19015,,2.9
19020,,31.9
19025,,38.9
19030,,181.8
19035,,76.9
19040,,9.9
19045,,19.85
19050,,27.9
19055,,25.9
19060,,21.9
19065,,18.9
19070,,290.7
19075,,76.9
19080,,50.9
19085,,26.01
19090,,16.9
19095,,235.8
19100,,111.6
19105,,27.9
19110,,42.9
19115,,25.9
19120,,38.9
19125,,50.9
19130,,19.9
19135,,35.8
19140,,16.9
19145,,25.9
19150,,117.9
19155,,29.61
19160,,33.9
19165,,49.9
19170,,11.9
19175,,9.9
19180,,117.9
19185,,15.9
19190,,63.9
19195,,70.9
19200,,13.9
19205,,56.9
19210,,3.9
19215,,86.9
19220,,31.9
19225,,10.9
19230,,25.9
19235,,64.9
19240,,2.9
19245,,4.9
19250,,31.6
19255,decimale_x10,20.9
19260,,16.9
19265,,18.9
19270,,10.9
19275,,16.9
19280,,55.9
19285,,10.9
19290,,21.9
19295,,8.9
19300,,11.9
19305,,10.9
19310,,2.9
19315,,153.8
19320,,12.9
19325,,9.9
19330,,11.9
19335,,49.9
19340,,92.7
19345,,28.9
19350,,50.9
19355,,32.9
19360,,10.9
19365,,27.9
19370,,49.9
19375,,16.9
19380,,44.9
19385,,104.9
19390,signe_inverse,9.9
19395,,194.7
19400,,86.9
19405,,44.9
19410,,38.9
19415,decimale_x10,38.9
19420,,7.9
19425,,66.9
19430,,55.9
19435,,3.9
19440,,42.9
19445,,38.9
19450,,12.9
19455,,16.9
19460,,11.9
19465,,21.9
19470,,7.9
19475,,34.9
19480,,50.9
19485,,32.2
19490,,28.9
19495,,12.9
19500,,11.9
19505,,50.9
19510,,33.9
19515,,33.9
19520,,28.9
19525,,131.7
19530,,97.8
19535,,71.9
19540,,32.9
19545,,33.9
19550,,15.9
19555,,76.9
19560,,66.9
19565,,2.9
19570,signe_inverse,29.9
19575,,36.9
19580,,70.2
19585,,17.9
19590,,4.9
19595,,28.9
19600,,56.9
19605,,66.9
19610,,16.9
19615,,12.9
19620,,24.6
19625,signe_inverse,76.9
19630,,39.9
19635,,31.9
19640,,10.36
19645,,85.8
19650,,33.9
19655,,47.6
19660,,14.9
19665,,48.9
19670,,7.9
19675,,23.9
19680,,3.9
19685,,55.9
19690,,17.9
19695,,66.9
19700,,152.9
19705,,11.9
19710,,28.9
19715,,64.9
19720,,36.96
19725,,21.8
19730,,33.9
19735,,23.9
19740,,66.9
19745,,25.9
19750,decimale_x10,43.9
19755,,215.7
19760,,50.9
19765,,21.9
19770,,70.9
19775,,17.9
19780,,47.8
19785,,46.46
19790,,57.8
19795,,19.9
19800,,37.9
19805,,18.81
19810,,29.7
19815,,48.9
19820,,23.8
19825,,152.9
19830,,16.9
19835,,9.9
19840,,2.76
19845,,21.9
19850,signe_inverse,6.9
19855,,20.9
19860,,105.9
19865,,18.9
19870,,50.9
19875,,66.9
19880,,17.95
19885,decimale_x10,57.9
19890,,63.56
19895,,48.9
19900,,2.9
19905,,17.0
19910,,27.9
19915,,28.62
19920,,32.9
19925,,26.5
19930,,27.9
19935,,9.9
19940,,21.9
19945,,50.9
19950,,42.9
19955,,12.9
19960,,38.9
19965,,37.9
19970,,27.9
19975,,48.9
19980,,27.9
19985,,30.9
19990,,19.9
19995,,50.9
20000,,19.9
20005,,11.9
20010,,14.9
20015,,101.8
20020,,12.9
20025,,75.8
20030,,10.9
20035,,70.9
20040,,28.9
20045,,16.9
20050,,18.9
20055,,146.7
20060,,86.7
20065,,2.9
20070,,33.8
20075,,16.05
20080,,15.9
20085,,42.9
20090,,33.9
20095,,21.9
20100,,2.9
20105,,49.9
20110,,33.9
20115,,53.1
20120,,49.9
20125,,109.8
20130,,27.9
20135,,57.8
20140,,21.9
20145,,2.9
20150,,57.9
20155,,50.9
20160,,20.9
20165,,38.9
20170,,21.9
20175,,18.9
20180,,8.9
20185,,38.9
20190,,133.8
20195,decimale_x100,83.7
20200,,107.8
20205,,66.9
20210,,17.9
20215,,101.7
20220,,64.9
20225,,109.8
20230,,18.9
20235,,21.9
20240,,3.9
20245,,64.9
20250,,63.8
20255,,43.9
20260,,38.9
20265,,6.9
20270,,40.75
20275,,11.9
20280,,85.8
20285,,2.9
20290,,23.9
20295,,3.9
20300,,29.9
20305,,53.9
20310,,105.9
20315,,21.9
20320,,25.9
20325,,2.9
20330,,43.8
20335,,11.9
20340,,19.9
20345,,18.9
20350,,55.8
20355,,33.15
20360,,66.9
20365,,50.7
20370,,48.9
20375,,70.9
20380,,16.9
20385,,34.9
20390,,42.9
20395,,14.9
20400,,200.7
20405,,17.9
20410,,104.9
20415,,42.9
20420,,11.9
20425,,28.9
20430,,9.9
20435,,8.9
20440,,64.9
20445,,23.9
20450,,7.9
20455,,48.9
20460,,27.46
20465,,50.9
20470,,41.8
20475,,21.9
20480,,28.9
20485,,33.8
20490,,44.9
20495,,12.9
20500,,21.9
20505,,12.9
20510,,13.9
20515,,62.9
20520,,42.9
20525,,21.9
20530,,27.9
20535,,55.0
20540,,49.9
20545,,37.9
20550,,305.8
20555,,33.9
20560,,71.9
20565,,3.9
20570,,2.9
20575,,62.9
20580,,8.9
20585,,23.9
20590,,27.9
20595,,7.9
20600,,70.9
20605,,54.9
20610,,64.9
20615,,6.9
20620,,96.9
20625,,9.9
20630,,4.9
20635,,7.9
20640,,28.9
20645,,16.9
20650,,17.9
20655,,21.9
20660,,63.9
20665,,307.6
20670,,68.9
20675,,12.9
20680,,25.8
20685,,55.9
20690,,64.9
20695,,419.6
20700,,66.9
20705,,54.9
20710,,33.9
20715,,7.9
20720,,152.9
20725,,50.9
20730,,57.8
20735,,11.9
20740,,2.9
20745,,8.9
20750,,17.9
20755,,42.9
20760,,10.36
20765,,25.9
20770,,21.9
20775,,21.9
20780,,10.9
20785,,62.9
20790,,50.9
20795,,34.9
20800,,8.9
20805,,73.9
20810,,42.9
20815,,31.9
20820,,9.9
20825,,7.8
20830,,50.9
20835,,64.9
20840,,24.6
20845,,70.9
20850,,8.9
20855,,3.9
20860,,10.71
20865,,10.36
20870,,16.9
20875,,21.8
20880,,29.8
20885,,18.9
20890,,71.9
20895,,38.9
20900,,76.9
20905,,50.9
20910,,62.9
20915,,2.9
20920,,29.9
20925,,4.9
20930,,28.9
20935,,12.9
20940,,19.9
20945,,33.9
20950,,37.9
20955,,59.76
20960,,49.9
20965,,28.9
20970,,16.9
20975,,54.9
20980,,9.9
20985,,21.9
20990,,13.9
20995,,37.9
21000,,39.9
21005,,3.9
21010,,9.9
21015,,8.9
21020,,37.8
21025,,67.36
21030,,29.9
21035,,21.9
21040,,85.8
21045,,50.9
21050,,19.9
21055,,60.61
21060,,48.9
21065,,73.91
21070,,8.9
21075,,28.9
21080,,16.9
21085,,33.9
21090,,21.9
21095,,50.9
21100,,55.9
21105,,2.9
21110,,28.9
21115,,20.8
21120,,32.9
21125,,10.9
21130,,109.8
21135,,200.7
21140,,8.9
21145,,241.11
21150,,21.9
21155,,61.66
21160,,42.9
21165,,27.9
21170,,10.9
21175,,21.9
21180,,32.2
21185,,34.9
21190,,66.9
21195,,63.9
21200,,19.8
21205,,28.9
21210,,61.9
21215,,15.9
21220,,37.9
21225,,37.9
21230,,2.9
21235,,12.9
21240,,66.9
21245,,19.9
21250,,57.8
21255,,23.8
21260,,103.6
21265,,15.9
21270,,104.9
21275,,8.9
21280,,14.9
21285,,9.9
21290,,31.9
21295,,137.8
21300,,28.9
21305,,31.9
21310,,11.3
21315,,104.9
21320,,9.9
21325,,46.46
21330,,11.9
21335,,21.9
21340,,42.9
21345,,42.9
21350,,14.32
21355,,2.9
21360,,32.7
21365,,38.9
21370,,64.9
21375,,9.9
21380,,38.9
21385,,15.9
21390,,38.9
21395,,42.9
21400,,42.9
21405,,33.9
21410,,50.9
21415,,39.8
21420,,23.9
21425,,50.9
21430,,78.03
21435,,2.9
21440,,71.9
21445,,23.9
21450,,28.9
21455,,14.9
21460,,20.9
21465,,11.9
21470,,28.9
21475,,9.9
21480,,21.9
21485,,104.9
21490,,14.9
21495,,16.9
21500,,12.9
21505,,66.9
21510,,50.9
21515,,20.8
21520,,29.9
21525,,14.9
21530,,71.9
21535,,34.9
21540,,42.9
21545,,57.8
21550,,23.9
21555,,50.9
21560,,23.92
21565,,14.9
21570,,179.76
21575,,61.52
21580,,43.9
21585,,8.72
21590,,18.9
21595,,83.92
21600,decimale_x100,11.9
21605,,34.32
21610,,34.32
21615,,19.04
21620,,30.32
21625,,33.9
21630,,12.72
21635,,15.12
21640,,2.9
21645,,10.9
21650,,64.9
21655,,21.9
21660,,9.52
21665,,86.9
21670,,85.8
21675,,11.9
21680,,46.32
21685,,40.72
21690,,10.9
21695,,122.32
21700,,20.72
21705,,22.32
21710,,59.12
21715,,2.32
21720,,34.32
21725,,20.9
21730,,50.32
21735,,20.72
21740,,20.9
21745,,64.9
21750,,4.9
21755,,15.9
21760,,2.32
21765,,20.72
21770,,110.24
21775,,38.9
21780,,23.92
21785,,30.32
21790,,7.9
21795,,126.9
21800,,9.52
21805,,83.92
21810,,17.52
21815,,33.9
21820,,4.9
21825,,15.92
21830,,9.52
21835,,15.12
21840,,66.9
21845,,19.9
21850,,23.12
21855,,39.92
21860,,67.8
21865,,23.12
21870,,10.32
21875,,17.52
21880,,31.12
21885,,47.8
21890,,9.9
21895,,61.52
21900,,25.9
21905,,34.32
21910,,133.8
21915,,10.32
21920,,25.52
21925,,29.9
21930,,21.9
21935,,40.72
21940,,42.96
21945,,39.8
21950,,16.9
21955,,63.9
21960,,15.9
21965,,28.9
21970,,22.32
21975,,7.92
21980,,28.72
21985,decimale_x10,77.52
21990,,152.9
21995,,26.32
22000,,77.52
22005,,42.9
22010,,26.32
22015,,11.12
22020,,27.12
22025,,31.12
22030,,56.72
22035,,65.8
22040,,70.9
22045,,44.9
22050,,13.52
22055,,15.12
22060,,50.9
22065,,19.12
22070,,15.12
22075,,34.32
22080,,9.52
22085,signe_inverse,9.52
22090,,23.12
22095,,2.32
22100,,53.52
22105,,20.9
22110,,27.92
22115,,6.32
22120,,12.9
22125,,77.52
22130,,59.12
22135,,6.24
22140,,86.9
22145,,50.9
22150,,23.8
22155,,23.12
22160,,51.92
22165,,37.9
22170,,46.24
22175,,14.32
22180,,13.52
22185,,37.9
22190,,31.12
22195,,45.52
22200,,19.12
22205,,10.9
22210,,19.12
22215,,51.04
22220,,16.72
22225,,21.9
22230,,51.92
22235,,39.92
22240,,25.52
22245,,3.9
22250,,155.76
22255,,10.9
22260,,27.12
22265,,23.12
22270,,31.12
22275,,9.9
22280,,96.9
22285,,34.32
22290,,18.9
22295,,85.8
22300,,9.52
22305,,6.24
22310,,22.32
22315,,12.9
22320,,13.52
22325,,20.72
22330,,30.32
22335,,17.52
22340,,28.9
22345,,32.9
22350,,53.9
22355,,28.72
22360,,13.52
22365,,21.9
22370,,57.52
22375,,48.9
22380,decimale_x100,34.32
22385,,23.12
22390,,49.9
22395,,16.72
22400,,52.56
22405,,69.52
22410,,25.9
22415,,16.72
22420,,26.32
22425,,12.9
22430,,94.32
22435,,4.9
22440,,48.9
22445,,9.52
22450,,31.12
22455,,15.12
22460,,7.92
22465,,57.9
22470,,3.9
22475,,42.9
22480,,29.52
22485,,30.32
22490,,2.32
22495,,9.52
22500,,23.92
22505,,34.9
22510,,28.9
22515,,76.9
22520,,20.9
22525,,8.72
22530,,13.52
22535,,21.9
22540,,8.72
22545,,33.44
22550,,8.7
22555,,46.32
22560,,13.52
22565,,10.32
22570,,19.9
22575,,27.12
22580,,8.7
22585,,17.9
22590,,74.9
22595,,115.8
22600,placeholder_9999,10.9
22605,,27.9
22610,,25.9
22615,,73.9
22620,,70.9
22625,,3.9
22630,,28.9
22635,,105.9
22640,,17.9
22645,,16.9
22650,,28.4
22655,,69.8
22660,,31.9
22665,,50.9
22670,,96.9
22675,,117.9
22680,,21.9
22685,,55.9
22690,,28.9
22695,,19.9
22700,,44.01
22705,,62.9
22710,,16.9
22715,,28.9
22720,,6.56
22725,,20.9
22730,,37.9
22735,,16.9
22740,,34.9
22745,,31.25
22750,,28.9
22755,,96.9
22760,,54.9
22765,,2.9
22770,,25.9
22775,,50.9
22780,,86.9
22785,,6.9
22790,,50.9
22795,,32.2
22800,,19.9
22805,,49.9
22810,,42.9
22815,,8.9
22820,,20.9
22825,,115.8
22830,,76.9
22835,,47.8
22840,,86.9
22845,,31.9
22850,,113.7
22855,,35.9
22860,,64.9
22865,,42.9
22870,,28.9
22875,,50.9
22880,,16.9
22885,,28.9
22890,,68.9
22895,,10.9
22900,,74.9
22905,,28.9
22910,,40.75
22915,,20.9
22920,,59.8
22925,,73.9
22930,,67.8
22935,,33.8
22940,,86.9
22945,,73.9
22950,,92.06
22955,,54.9
22960,,2.9
22965,,32.9
22970,,27.9
22975,,19.9
22980,,99.8
22985,,33.8
22990,,21.9
22995,,2.9
23000,,64.9
23005,,43.9
23010,,128.7
23015,,27.46
23020,,37.9
23025,,13.9
23030,,2.9
23035,,54.91
23040,,44.9
23045,,48.9
23050,,44.9
23055,,55.9
23060,,19.9
23065,,126.9
23070,,11.9
23075,,21.9
23080,,152.9
23085,,19.9
23090,,59.76
23095,,96.9
23100,,9.9
23105,,221.7
23110,,23.9
23115,,2.9
23120,,35.8
23125,,73.8
23130,,17.9
23135,,67.8
23140,,9.9
23145,,21.9
23150,,50.9
23155,,50.9
23160,,38.9
23165,,38.9
23170,signe_inverse,37.9
23175,,9.9
23180,,12.9
23185,,11.3
23190,,9.4
23195,,129.8
23200,,16.9
23205,,18.9
23210,,21.9
23215,,54.9
23220,,51.8
23225,,36.0
23230,,33.9
23235,,13.8
23240,,37.9
23245,,64.9
23250,,188.7
23255,,87.8
23260,,50.9
23265,,9.9
23270,,20.8
23275,,44.9
23280,,33.8
23285,,2.76
23290,,16.9
23295,,28.9
23300,,9.9
23305,,16.9
23310,,54.9
23315,,2.9
23320,,19.9
23325,,16.9
23330,,38.9
23335,,13.9
23340,,32.9
23345,,27.9
23350,,2.61
23355,,7.9
23360,,42.9
23365,,28.9
23370,,19.9
23375,,50.9
23380,,7.8
23385,,39.9
23390,,129.8
23395,,62.9
23400,,19.9
23405,,8.9
23410,,16.05
23415,,48.9
23420,,101.8
23425,,64.9
23430,,149.7
23435,,19.9
23440,,28.9
23445,,68.9
23450,,42.9
23455,,33.9
23460,,25.9
23465,,7.9
23470,,19.9
23475,,50.22
23480,,90.9
23485,,10.9
23490,,19.9
23495,,9.9
23500,,12.9
23505,,11.9
23510,,6.9
23515,,21.9
23520,,12.9
23525,,19.9
23530,,23.9
23535,,33.9
23540,,16.9
23545,,49.9
23550,,42.9
23555,,32.9
23560,,32.9
23565,,19.9
23570,,9.9
23575,,6.9
23580,,21.9
23585,,28.9
23590,,20.9
23595,,97.8
23600,,85.8
23605,,32.9
23610,,28.9
23615,,39.8
23620,,102.41
23625,,34.9
23630,,7.9
23635,,19.9
23640,,28.9
23645,,12.9
23650,,29.9
23655,,76.9
23660,,50.9
23665,,42.9
23670,,48.9
23675,,60.7
23680,,19.9
23685,,25.9
23690,,19.9
23695,,66.9
23700,,36.96
23705,,15.9
23710,,42.9
23715,,62.9
23720,,14.31
23725,,101.8
23730,,21.42
23735,,105.9
23740,,126.9
23745,,29.9
23750,,18.9
23755,,21.9
23760,,23.9
23765,,64.9
23770,,21.9
23775,,18.9
23780,,71.8
23785,,48.9
23790,,47.8
23795,,57.9
23800,,74.9
23805,,11.9
23810,,27.9
23815,,14.9
23820,,28.9
23825,,86.9
23830,,104.9
23835,,70.9
23840,,30.9
23845,,55.8
23850,,42.9
23855,,43.9
23860,,16.9
23865,,33.9
23870,,3.9
23875,,21.9
23880,,29.9
23885,,27.9
23890,,43.9
23895,,12.9
23900,,62.9
23905,,10.9
23910,,85.8
23915,,66.9
23920,,21.9
23925,,38.9
23930,,42.9
23935,,50.9
23940,,23.9
23945,,53.9
23950,,3.9
23955,,17.8
23960,,12.9
23965,,21.9
23970,,63.9
23975,,64.9
23980,,127.8
23985,,109.8
23990,,73.06
23995,,8.9
24000,,15.9
24005,,21.9
24010,,16.9
24015,,42.9
24020,,37.9
24025,,33.9
24030,,45.81
24035,,12.9
24040,,3.9
24045,,111.6
24050,,32.9
24055,,21.9
24060,,129.8
24065,,16.9
24070,,9.9
24075,,18.9
24080,,34.9
24085,,32.11
24090,,6.9
24095,,15.9
24100,,46.46
24105,,8.9
24110,,137.8
24115,,2.9
24120,,42.9
24125,,31.9
24130,,31.8
24135,,97.8
24140,,8.9
24145,,32.9
24150,,64.9
24155,,21.9
24160,,4.9
24165,,18.9
24170,,31.9
24175,,33.9
24180,,16.9
24185,,27.46
24190,,37.9
24195,,57.8
24200,,16.9
24205,signe_inverse,33.9
24210,,26.41
24215,,42.9
24220,,58.8
24225,,16.9
24230,,27.9
24235,,20.9
24240,,59.8
24245,,48.9
24250,,21.9
24255,,16.9
24260,,29.8
24265,,19.9
24270,,12.51
24275,,19.8
24280,,18.9
24285,,57.8
24290,,9.9
24295,,201.21
24300,,64.9
24305,,3.9
24310,,21.9
24315,,73.91
24320,,62.9
24325,,23.9
24330,,73.91
24335,,28.9
24340,,42.9
24345,,55.9
24350,,51.8
24355,,20.9
24360,,23.9
24365,,8.9
24370,,21.9
24375,,20.9
24380,,21.9
24385,,50.9
24390,,42.9
24395,,146.7
24400,,28.9
24405,,27.9
24410,,64.9
24415,,7.5
24420,,17.9
24425,,35.8
24430,,33.8
24435,,18.9
24440,,63.9
24445,,64.9
24450,,48.9
24455,,107.8
24460,,28.9
24465,,4.41
24470,,3.9
24475,,28.9
24480,,19.9
24485,,30.9
24490,,104.9
24495,,16.9
24500,,28.9
24505,,31.9
24510,,32.9
24515,,29.9
24520,,16.9
24525,,199.6
24530,,104.9
24535,,9.9
24540,,20.9
24545,,42.9
24550,,6.9
24555,,81.51
24560,,33.9
24565,,2.9
24570,,9.9
24575,,31.9
24580,,70.9
24585,,31.9
24590,,47.8
24595,,28.9
24600,,23.9
24605,,31.9
24610,,11.9
24615,,43.9
24620,,18.9
24625,,28.9
24630,,66.9
24635,,48.36
24640,,63.56
24645,,33.8
24650,,31.9
24655,,32.9
24660,,18.9
24665,,8.9
24670,,209.8
24675,,64.9
24680,,23.9
24685,,20.9
24690,,16.9
24695,,49.9
24700,,21.9
24705,,20.9
24710,,41.7
24715,,23.9
24720,,54.9
24725,,17.9
24730,,98.7
24735,,21.9
24740,,66.9
24745,,64.9
24750,,7.9
24755,,25.9
24760,,23.9
24765,,37.9
24770,,28.9
24775,,28.9
24780,,26.01
24785,,21.9
24790,,78.03
24795,,12.9
24800,,37.9
24805,,53.9
24810,,16.9
24815,,25.9
24820,,53.9
24825,,23.9
24830,,37.9
24835,,9.9
24840,,37.9
24845,,146.7
24850,,28.9
24855,,47.8
24860,,104.9
24865,,71.8
24870,,64.9
24875,,18.9
24880,,70.9
24885,,33.9
24890,,42.9
24895,,21.9
24900,,28.9
24905,,62.9
24910,,55.9
24915,,24.6
24920,,37.9
24925,,37.9
24930,,20.8
24935,,27.9
24940,,2.76
24945,,51.6
24950,,48.9
24955,,12.9
24960,,19.9
24965,,23.9
24970,,19.9
24975,,44.9
24980,,36.9
24985,,33.9
24990,,53.9
24995,,23.9
25000,,10.9
25005,,16.9
25010,,71.6
25015,,38.9
25020,,21.9
25025,,27.9
25030,,67.8
25035,,184.96
25040,,31.9
25045,,28.9
25050,,28.9
25055,,32.9
25060,,6.9
25065,,50.9
25070,,53.9
25075,,59.8
25080,,33.9
25085,,126.9
25090,,18.9
25095,,18.9
25100,,19.9
25105,,55.9
25110,,70.9
25115,,23.9
25120,,35.9
25125,,70.9
25130,,28.9
25135,,53.9
25140,,15.6
25145,,28.9
25150,,184.11
25155,,66.9
25160,,67.8
25165,,64.9
25170,,50.9
25175,,42.9
25180,,54.9
25185,,29.9
25190,,63.9
25195,,101.8
25200,,28.9
25205,,33.9
25210,,104.9
25215,,10.9
25220,,86.7
25225,,19.9
25230,,34.9
25235,,10.9
25240,,126.9
25245,,29.9
25250,,11.9
25255,,32.9
25260,,76.9
25265,,18.9
25270,,27.9
25275,,49.9
25280,,55.8
25285,,21.9
25290,,126.9
25295,,23.9
25300,,31.9
25305,,2.9
25310,,9.9
25315,,21.9
25320,,23.9
25325,,42.9
25330,,74.9
25335,,16.9
25340,,12.9
25345,,32.9
25350,,12.9
25355,,43.8
25360,,42.9
25365,,79.8
25370,,28.9
25375,,56.7
25380,,23.9
25385,,19.9
25390,,27.9
25395,,47.8
25400,,57.9
25405,,33.9
25410,,38.9
25415,,13.8
25420,,27.9
25425,,152.9
25430,,19.9
25435,,15.9
25440,,11.3
25445,,29.9
25450,,28.9
25455,decimale_x100,50.9
25460,,54.9
25465,,31.9
25470,,16.9
25475,,13.2
25480,,16.9
25485,,16.9
25490,,90.9
25495,,23.9
25500,,23.9
25505,,16.9
25510,,31.8
25515,,43.9
25520,,83.7
25525,,54.9
25530,,49.9
25535,,19.9
25540,,50.9
25545,,13.9
25550,,21.9
25555,,17.9
25560,,21.9
25565,,203.6
25570,,17.9
25575,,21.9
25580,,10.9
25585,,18.9
25590,,17.9
25595,,19.9
25600,,112.0
25605,,74.9
25610,,152.9
25615,,31.9
25620,,34.9
25625,,38.9
25630,,55.9
25635,,28.9
25640,,20.8
25645,,21.9
25650,,16.9
25655,,42.9
25660,,21.9
25665,,37.8
25670,,62.9
25675,,12.9
25680,,38.9
25685,,53.9
25690,,19.9
25695,,62.7
25700,,53.9
25705,,16.9
25710,,23.9
25715,,145.26
25720,,33.9
25725,,49.9
25730,,43.9
25735,,104.9
25740,,96.9
25745,,38.9
25750,,12.9
25755,,27.9
25760,,35.9
25765,,19.9
25770,,55.9
25775,,6.9
25780,,181.8
25785,,2.9
25790,,16.9
25795,,64.9
25800,,74.9
25805,,2.9
25810,,16.9
25815,,50.9
25820,,9.9
25825,,32.7
25830,,71.9
25835,,50.9
25840,,28.9
25845,,9.4
25850,,25.9
25855,,48.9
25860,,28.9
25865,placeholder_9999,64.9
25870,,2.9
25875,,11.9
25880,,22.7
25885,,117.9
25890,,7.9
25895,,33.8
25900,,23.9
25905,,70.9
25910,,49.9
25915,decimale_x10,33.9
25920,,33.9
25925,,507.6
25930,,71.7
25935,,76.9
25940,,61.66
25945,,111.8
25950,,10.9
25955,,27.9
25960,,44.9
25965,,10.9
25970,,23.9
25975,,10.9
25980,,32.9
25985,,57.8
25990,,43.9
25995,,28.9
26000,,96.9
26005,,77.8
26010,,34.9
26015,,48.9
26020,,64.9
26025,,70.9
26030,,31.25
26035,,4.9
26040,,14.9
26045,,38.9
26050,,2.9
26055,,11.9
26060,,56.9
26065,,12.9
26070,,28.9
26075,,85.8
26080,,23.31
26085,,15.9
26090,,29.9
26095,,113.7
26100,,29.9
26105,,47.7
26110,,19.9
26115,,105.9
26120,,27.46
26125,,4.9
26130,,50.9
26135,,19.8
26140,,28.9
26145,,49.9
26150,,107.8
26155,,25.9
26160,,23.9
26165,,40.75
26170,,31.9
26175,,69.8
26180,,2.9
26185,,13.9
26190,,153.8
26195,,28.9
26200,,42.9
26205,,12.26
26210,,12.9
26215,,16.9
26220,,37.9
26225,,33.8
26230,,3.9
26235,,9.9
26240,,21.9
26245,,37.9
26250,,83.7
26255,,10.36
26260,,7.8
26265,,28.9
26270,,33.9
26275,,2.9
26280,,16.9
26285,,19.9
26290,,57.8
26295,,29.35
26300,,40.75
26305,,27.9
26310,,35.9
26315,,28.9
26320,,126.9
26325,,28.9
26330,,16.05
26335,,104.9
26340,,7.9
26345,,57.8
26350,,28.9
26355,,17.95
26360,,64.9
26365,,50.9
26370,decimale_x100,18.81
26375,,23.9
26380,,3.9
26385,,21.9
26390,,49.9
26395,,9.9
26400,,33.9
26405,,18.9
26410,,25.9
26415,decimale_x10,48.9
26420,,94.81
26425,,17.9
26430,,20.9
26435,,8.9
26440,,42.9
26445,,10.36
26450,,21.9
26455,,48.9
26460,,37.9
26465,,4.9
26470,,64.9
26475,,19.9
26480,,33.9
26485,,77.7
26490,,14.9
26495,,23.8
26500,,28.9
26505,,19.12
26510,,55.0
26515,,2.9
26520,,12.9
26525,,25.9
26530,,15.21
26535,,42.9
26540,,23.9
26545,,32.9
26550,,128.7
26555,,63.9
26560,,8.9
26565,,19.9
26570,,11.9
26575,,57.9
26580,,9.9
26585,,42.9
26590,,18.9
26595,,69.8
26600,,37.9
26605,,17.9
26610,,23.9
26615,,35.9
26620,,28.9
26625,,67.8
26630,,57.8
26635,,111.8
26640,,21.9
26645,,6.9
26650,,31.9
26655,,15.9
26660,,50.9
26665,,30.9
26670,,38.9
26675,decimale_x100,9.9
26680,,29.9
26685,,29.9
26690,,43.9
26695,,49.9
26700,,12.9
26705,,10.9
26710,,8.9
26715,,39.9
26720,,5.51
26725,,19.9
26730,,57.8
26735,,3.9
26740,,16.9
26745,,10.9
26750,,42.9
26755,,37.9
26760,,20.64
26765,,25.9
26770,,3.12
26775,,110.24
26780,,20.72
26785,,31.12
26790,,28.64
26795,,47.8
26800,,31.9
26805,,7.8
26810,,3.12
26815,,49.9
26820,,23.12
26825,,68.9
26830,,28.9
26835,,105.9
26840,,42.9
26845,,76.9
26850,signe_inverse,42.9
26855,,66.9
26860,,19.9
26865,,95.6
26870,,2.9
26875,,64.9
26880,,83.76
26885,,25.52
26890,,89.44
26895,,25.52
26900,,15.92
26905,,10.32
26910,,13.52
26915,,10.32
26920,,33.9
26925,,30.24
26930,,23.12
26935,,27.12
26940,,13.52
26945,,12.9
26950,,16.9
26955,,51.92
26960,,6.9
26965,,162.88
26970,,10.32
26975,decimale_x10,39.12
26980,,10.32
26985,,39.92
26990,signe_inverse,2.9
26995,,50.9
27000,,128.7
27005,,18.9
27010,,37.9
27015,,33.9
27020,,53.52
27025,,62.9
27030,,50.9
27035,,51.92
27040,,51.92
27045,,101.52
27050,,20.72
27055,,39.12
27060,,9.52
27065,,60.48
27070,,23.92
27075,,9.52
27080,,20.72
27085,,17.52
27090,,51.92
27095,,22.32
27100,,27.12
27105,,10.32
27110,,28.9
27115,,3.9
27120,,25.9
27125,,28.9
27130,,28.64
27135,,2.9
27140,,23.92
27145,,12.72
27150,,49.9
27155,,20.9
27160,,33.9
27165,,40.72
27170,,26.32
27175,signe_inverse,12.9
27180,,19.9
27185,,42.9
27190,,15.9
27195,,13.52
27200,,40.72
27205,,21.9
27210,,2.9
27215,,19.9
27220,,16.9
27225,,23.92
27230,,50.32
27235,,89.8
27240,,51.04
27245,,122.32
27250,,54.24
27255,,15.92
27260,,2.32
27265,,62.9
27270,,18.9
27275,,13.9
27280,,16.9
27285,,34.32
27290,,30.24
27295,,6.32
27300,,46.24
27305,zero,27.92
27310,,15.12
27315,,39.12
27320,,27.9
27325,,28.9
27330,,48.9
27335,,100.64
27340,,19.9
27345,,20.72
27350,,13.52
27355,,27.12
27360,,17.52
27365,,17.52
27370,,314.7
27375,,11.9
27380,,31.12
27385,,9.9
27390,,17.52
27395,,35.12
27400,,16.72
27405,,10.9
27410,,15.92
27415,,19.9
27420,,39.92
27425,,48.9
27430,,19.9
27435,,66.9
27440,,29.9
27445,,20.9
27450,,34.9
27455,,44.72
27460,,13.9
27465,,28.9
27470,,34.32
27475,,20.72
27480,,40.72
27485,,48.9
27490,,46.32
27495,,39.12
27500,,38.9
27505,,2.9
27510,,40.72
27515,,15.92
27520,,25.52
27525,,6.32
27530,,23.12
27535,,31.92
27540,,5.52
27545,,13.9
27550,,27.12
27555,,19.9
27560,,23.12
27565,,15.92
27570,,12.9
27575,,43.9
27580,,15.92
27585,,77.52
27590,,33.9
27595,,37.9
27600,,62.9
27605,,20.9
27610,,50.32
27615,zero,2.32
27620,,27.12
27625,,40.72
27630,,70.9
27635,,13.52
27640,,26.32
27645,,42.9
27650,,27.9
27655,,15.92
27660,,25.52
27665,,51.8
27670,,15.9
27675,,31.12
27680,,43.92
27685,,50.9
27690,,15.92
27695,,96.9
27700,,66.9
27705,,8.9
27710,,5.52
27715,,28.9
27720,,57.9
27725,,34.32
27730,,30.96
27735,,11.9
27740,,8.72
27745,,39.92
27750,,21.9
27755,,12.9
27760,,8.72
27765,,4.9
27770,,21.9
27775,,10.9
27780,,25.9
27785,,12.9
27790,,21.9
27795,,38.9
27800,,19.12
27805,,30.32
27810,,7.12
27815,,31.12
27820,,32.9
27825,,51.8
27830,,21.9
27835,,10.32
27840,,2.32
27845,,48.9
27850,,21.9
27855,,10.9
27860,,16.72
27865,,38.9
27870,,16.72
27875,,30.9
27880,,22.32
27885,,57.52
27890,,25.8
27895,,15.9
27900,,7.92
27905,,31.12
27910,placeholder_9999,42.9
27915,,25.52
27920,,38.9
27925,,21.9
27930,,37.9
27935,,8.72
27940,,19.9
27945,,155.04
27950,,15.92
27955,,33.9
27960,,2.32
27965,,39.9
27970,,10.32
27975,,2.32
27980,,12.9
27985,,15.92
27990,,24.72
27995,,21.9
28000,,97.8
28005,,53.52
28010,,38.9
28015,,25.9
28020,,28.9
28025,,25.9
28030,,43.9
28035,,40.72
28040,,13.52
28045,,37.9
28050,,30.9
28055,,40.72
28060,,71.9
28065,,20.9
28070,,27.12
28075,,28.9
28080,,15.12
28085,,41.44
28090,,43.92
28095,,42.9
28100,,32.9
28105,,6.32
28110,,21.9
28115,,2.9
28120,,33.9
28125,,35.8
28130,,6.9
28135,,44.72
28140,,31.12
28145,,51.92
28150,,70.9
28155,,11.92
28160,,57.44
28165,,51.12
28170,,42.9
28175,,105.9
28180,,42.9
28185,,14.32
28190,,39.12
28195,,15.92
28200,,30.96
28205,,44.72
28210,,122.32
28215,,50.7
28220,,17.9
28225,,10.9
28230,,14.9
28235,,19.12
28240,,3.9
28245,,25.44
28250,,12.9
28255,,64.9
28260,,72.72
28265,,16.9
28270,,66.9
28275,,126.9
28280,,28.9
28285,,9.9
28290,,50.9
28295,,21.9
28300,,16.9
28305,,25.9
28310,,54.91
28315,,12.9
28320,,50.9
28325,,43.9
28330,,8.9
28335,,11.9
28340,,109.8
28345,,99.8
28350,,42.9
28355,,104.9
28360,,48.9
28365,,53.9
28370,,27.9
28375,,25.9
28380,,83.7
28385,,3.9
28390,,38.9
28395,,73.9
28400,,23.9
28405,,28.9
28410,,42.9
28415,,11.9
28420,,53.1
28425,,4.9
28430,,43.9
28435,,19.9
28440,,42.9
28445,,64.9
28450,,49.9
28455,,9.9
28460,,12.9
28465,,21.9
28470,,2.9
28475,,18.9
28480,,6.9
28485,,64.9
28490,,49.9
28495,,66.9
28500,,4.41
28505,,51.8
28510,,55.9
28515,,35.9
28520,,32.9
28525,,41.7
28530,,90.92
28535,,37.9
28540,,253.8
28545,,33.9
28550,,18.9
28555,,55.8
28560,,42.9
28565,,37.9
28570,,85.8
28575,,27.9
28580,,51.8
28585,,14.9
28590,,42.9
28595,,48.36
28600,,152.7
28605,,25.9
28610,,11.9
28615,,8.9
28620,,33.9
28625,,38.9
28630,,42.9
28635,,25.9
28640,,59.8
28645,,39.8
28650,,147.8
28655,,28.9
28660,,77.8
28665,,76.9
28670,,18.9
28675,,19.9
28680,,8.9
28685,,50.9
28690,,86.9
28695,,6.9
28700,,38.9
28705,,50.9
28710,,126.9
28715,,6.9
28720,,19.9
28725,,29.8
28730,,38.9
28735,,7.9
28740,,19.8
28745,,11.9
28750,,69.8
28755,,56.9
28760,,39.9
28765,,5.8
28770,,193.8
28775,,49.9
28780,,13.9
28785,,66.9
28790,,28.9
28795,,43.9
28800,,94.81
28805,,17.9
28810,,129.8
28815,,48.9
28820,,25.9
28825,,9.9
28830,,25.9
28835,,18.9
28840,,42.9
28845,,134.7
28850,,2.9
28855,,33.9
28860,,37.9
28865,,10.36
28870,,18.9
28875,,16.9
28880,,34.9
28885,,152.9
28890,,64.9
28895,,42.9
28900,,44.9
28905,,32.2
28910,,27.81
28915,,95.7
28920,,9.9
28925,,133.8
28930,,23.9
28935,,9.9
28940,,34.9
28945,,9.9
28950,,33.9
28955,,74.9
28960,,29.9
28965,,9.9
28970,,85.8
28975,,23.9
28980,,66.31
28985,,14.31
28990,,50.9
28995,,70.9
29000,,28.9
29005,signe_inverse,2.9
29010,,9.4
29015,,27.8
29020,decimale_x10,37.9
29025,,152.9
29030,,28.9
29035,,83.7
29040,,28.9
29045,,63.56
29050,,49.9
29055,,43.9
29060,,54.9
29065,,59.76
29070,,56.9
29075,,16.9
29080,,22.61
29085,,4.9
29090,,73.8
29095,,49.9
29100,,38.9
29105,,47.8
29110,,2.76
29115,,51.2
29120,,28.9
29125,,63.9
29130,,43.9
29135,,42.9
29140,,2.9
29145,,33.9
29150,,28.9
29155,,19.85
29160,,12.9
29165,,18.9
29170,,39.9
29175,,32.2
29180,,21.9
29185,,37.9
29190,,12.9
29195,,15.9
29200,,28.9
29205,zero,50.9
29210,,10.9
29215,,17.9
29220,,37.9
29225,,50.9
29230,,42.9
29235,,55.8
29240,,4.9
29245,,19.9
29250,,48.9
29255,signe_inverse,89.8
29260,,6.9
29265,,27.9
29270,,20.9
29275,,18.9
29280,,34.9
29285,,2.9
29290,,23.9
29295,,62.9
29300,,29.9
29305,,12.9
29310,,37.9
29315,,2.9
29320,,53.9
29325,,50.9
29330,,33.15
29335,,99.8
29340,,53.9
29345,,33.9
29350,,53.9
29355,,16.9
29360,,16.9
29365,,28.9
29370,,49.9
29375,,2.9
29380,,55.9
29385,,9.9
29390,,15.9
29395,,57.9
29400,,2.9
29405,,25.9
29410,,4.9
29415,,71.9
29420,,11.3
29425,,2.9
29430,,16.9
29435,,27.46
29440,,20.9
29445,,19.8
29450,,28.9
29455,,64.9
29460,,101.8
29465,,53.9
29470,,125.8
29475,,104.9
29480,,34.9
29485,,19.9
29490,,101.8
29495,,20.9
29500,,33.9
29505,,79.8
29510,,35.9
29515,,5.8
29520,,27.9
29525,,12.26
29530,,50.9
29535,,33.9
29540,,20.9
29545,,6.9
29550,,42.9
29555,,50.9
29560,,23.9
29565,,38.9
29570,,23.9
29575,,28.9
29580,,28.9
29585,,10.9
29590,,59.8
29595,,44.9
29600,,29.9
29605,,38.9
29610,,31.9
29615,,49.9
29620,,28.9
29625,,42.9
29630,,29.9
29635,,55.8
29640,,9.9
29645,,63.9
29650,,26.01
29655,,50.9
29660,,42.9
29665,,6.9
29670,,53.9
29675,,17.0
29680,,66.9
29685,,4.9
29690,,15.8
29695,,23.9
29700,,117.9
29705,,20.9
29710,,76.9
29715,,105.9
29720,,37.9
29725,,38.9
29730,,127.6
29735,,2.9
29740,,32.9
29745,,28.9
29750,,19.8
29755,,38.9
29760,,42.9
29765,,33.9
29770,,38.9
29775,,16.9
29780,,27.46
29785,,57.9
29790,,37.9
29795,,20.9
29800,,25.9
29805,,37.9
29810,,20.9
29815,,39.9
29820,,50.9
29825,,47.8
29830,,3.9
29835,,11.9
29840,,19.9
29845,,48.9
29850,,20.9
29855,,28.9
29860,,27.9
29865,,40.75
29870,,19.85
29875,,37.9
29880,,37.8
29885,decimale_x100,38.9
29890,,50.9
29895,,19.9
29900,,215.7
29905,,16.9
29910,,55.9
29915,,16.9
29920,,12.9
29925,,20.9
29930,,16.9
29935,,96.9
29940,,12.9
29945,,10.9
29950,,153.8
29955,,11.9
29960,,9.9
29965,,71.8
29970,,62.7
29975,,38.9
29980,,57.9
29985,,43.8
29990,,19.8
29995,,10.9
30000,,8.9
