code_fournisseur,id_produit
F-1007,1
F-1014,2
F-1021,3
F-1028,4
F-1035,5
F-1042,6
F-1049,7
F-1056,8
F-1063,9
F-1070,10
F-1077,11
F-1084,12
F-1091,13
F-1098,14
F-1105,15
F-1112,16
F-1119,17
F-1126,19
F-1133,20
F-1140,22
F-1147,24
F-1154,25
F-1161,26
F-1168,27
F-1175,28
F-1182,29
F-1189,30
F-1196,31
F-1203,32
F-1210,33
F-1217,34
F-1224,35
F-1231,36
F-1238,37
F-1245,39
F-1252,40
F-1259,41
F-1266,42
F-1273,43
F-1280,44
F-1287,45
F-1294,46
F-1301,47
F-1308,48
F-1315,49
F-1322,50
F-1329,51
F-1336,52
F-1343,53
F-1350,54
F-1357,56
F-1364,57
F-1371,58
F-1378,60
F-1385,61
F-1392,62
F-1399,63
F-1406,64
F-1413,65
F-1420,66
F-1427,67
F-1434,68
F-1441,69
F-1448,70
F-1455,72
F-1462,73
F-1469,74
F-1476,76
F-1483,77
F-1490,78
F-1497,79
F-1504,81
F-1511,82
F-1518,83
F-1525,84
F-1532,85
F-1539,86
F-1546,87
F-1553,88
F-1560,89
F-1567,90
F-1574,91
F-1581,93
F-1588,94
F-1595,95
F-1602,96
F-1609,98
F-1616,99
F-1623,101
F-1630,102
F-1637,103
F-1644,104
F-1651,105
F-1658,106
F-1665,107
F-1672,108
F-1679,109
F-1686,110
F-1693,111
F-1700,112
F-1707,113
F-1714,114
F-1721,115
F-1728,116
F-1735,117
F-1742,118
F-1749,119
F-1756,120
F-1763,-1
F-1770,-1
F-1777,-1
F-1784,-1
F-1791,-1
F-1798,-1
F-1805,-1
F-1812,-1
F-1819,-1
F-1826,-1
