relais,urbain,delai,note
R01,0,6,12.57
R01,0,4,11.23
R01,0,8,4.98
R01,0,10,7.56
R02,1,6,9.91
R02,1,5,14.26
R02,1,4,14.6
R02,1,3,16.03
R02,1,7,13.17
R02,1,2,16.09
R02,1,8,12.07
R02,1,6,13.49
R02,1,4,16.88
R02,1,3,11.24
R02,1,10,9.19
R02,1,7,12.11
R02,1,2,13.77
R02,1,2,18.59
R02,1,6,13.78
R03,0,8,9.29
R03,0,2,15.04
R03,0,9,7.04
R03,0,4,16.32
R03,0,8,10.85
R03,0,6,9.74
R03,0,7,9.0
R03,0,6,13.89
R03,0,9,8.51
R03,0,6,11.53
R03,0,9,6.94
R03,0,9,7.84
R04,0,3,11.5
R04,0,10,11.86
R04,0,7,8.34
R04,0,10,11.52
R04,0,3,10.15
R04,0,2,12.86
R04,0,7,10.47
R04,0,3,13.93
R04,0,9,8.22
R04,0,1,13.03
R04,0,5,14.42
R04,0,2,14.84
R04,0,10,9.7
R04,0,4,13.35
R04,0,9,12.4
R04,0,9,11.4
R04,0,3,14.45
R04,0,9,12.27
R05,1,8,16.63
R05,1,5,11.96
R05,1,3,13.61
R05,1,8,10.41
R06,0,5,11.34
R06,0,8,11.99
R06,0,7,16.32
R06,0,3,15.66
R06,0,5,13.85
R06,0,3,15.7
R06,0,1,15.76
R06,0,4,12.71
R06,0,3,17.52
R06,0,1,10.52
R06,0,6,12.32
R06,0,3,13.57
R06,0,4,14.16
R06,0,7,11.3
R06,0,4,16.56
R06,0,10,13.52
R06,0,6,13.53
R06,0,3,12.9
R06,0,5,12.58
R06,0,7,11.98
R06,0,5,12.28
R06,0,1,14.21
R06,0,4,17.65
R06,0,3,16.84
R06,0,7,10.87
R06,0,5,12.31
R06,0,8,12.08
R06,0,3,13.95
R06,0,3,16.18
R07,1,10,12.01
R07,1,5,13.6
R07,1,2,19.29
R07,1,10,10.94
R07,1,1,22.12
R07,1,3,14.53
R07,1,2,17.7
R07,1,9,8.93
R07,1,2,20.51
R07,1,5,16.54
R07,1,6,11.52
R07,1,4,14.75
R07,1,9,10.58
R08,0,5,16.5
R08,0,9,9.68
R08,0,5,12.11
R08,0,1,18.91
R08,0,7,11.34
R09,0,3,16.5
R09,0,7,9.54
R09,0,1,18.73
R09,0,3,16.18
R10,1,7,10.72
R10,1,10,4.42
R10,1,10,4.42
R10,1,9,10.77
R11,1,8,8.36
R11,1,5,13.36
R11,1,2,15.23
R11,1,1,13.95
R11,1,2,17.68
R11,1,7,12.85
R11,1,8,10.66
R12,1,7,8.83
R12,1,9,5.74
R12,1,6,11.13
R12,1,1,17.24
R12,1,1,16.82
R12,1,10,4.9
R12,1,3,14.07
R12,1,6,13.05
R12,1,10,8.16
R12,1,9,7.48
R12,1,4,12.79
R12,1,1,15.78
R12,1,7,11.0
R12,1,5,11.94
R12,1,7,11.43
R12,1,2,15.91
R12,1,9,8.9
R12,1,2,17.01
R12,1,4,15.12
R12,1,8,8.91
R12,1,3,14.09
R12,1,8,11.28
R12,1,8,9.09
R12,1,5,10.4
R12,1,8,8.59
R12,1,8,7.72
R12,1,6,11.56
R12,1,8,9.81
R12,1,1,18.99
R12,1,5,13.37
R12,1,8,10.71
R13,0,8,6.71
R13,0,10,6.92
R13,0,10,7.64
R13,0,9,8.84
R13,0,1,19.18
R13,0,5,11.05
R13,0,6,10.51
R13,0,2,12.1
R13,0,3,12.14
R13,0,3,11.32
R13,0,10,6.33
R13,0,3,13.76
R13,0,9,8.36
R13,0,6,11.46
R13,0,4,11.1
R13,0,7,7.29
R13,0,9,5.34
R13,0,5,10.51
R13,0,9,6.34
R13,0,1,12.8
R13,0,2,14.66
R13,0,7,7.11
R13,0,9,6.91
R13,0,5,9.96
R13,0,5,11.63
R14,0,10,6.71
R14,0,10,3.98
R14,0,2,19.73
R14,0,3,12.89
R14,0,9,8.42
R14,0,8,6.47
R14,0,2,17.13
R14,0,9,6.87
R15,0,7,10.18
R15,0,10,12.3
R15,0,3,13.53
R15,0,2,15.44
R15,0,6,14.19
R15,0,10,13.79
R15,0,10,9.05
R15,0,6,9.94
R16,0,10,11.53
R16,0,4,14.3
R16,0,10,11.0
R16,0,4,11.51
R16,0,10,12.29
R16,0,5,14.31
R16,0,6,12.79
R16,0,3,15.45
R16,0,9,10.39
R16,0,7,12.01
R16,0,9,6.9
R16,0,6,11.31
R16,0,2,17.96
R16,0,1,16.37
R16,0,6,11.54
R16,0,8,12.56
R16,0,9,13.63
R16,0,5,13.82
R16,0,5,15.34
R16,0,8,10.54
R16,0,3,12.1
R16,0,7,15.21
R16,0,8,10.37
R16,0,6,14.58
R16,0,2,17.91
R16,0,10,13.25
R16,0,3,14.38
R16,0,9,12.96
R16,0,5,12.2
R16,0,3,12.75
R16,0,7,9.54
R16,0,7,12.83
R16,0,4,11.97
R16,0,2,20.83
R16,0,3,17.29
R16,0,9,12.9
R16,0,1,17.45
R16,0,10,11.95
R16,0,7,11.67
R16,0,2,14.19
R16,0,10,8.79
R16,0,8,12.83
R16,0,8,11.88
R16,0,9,11.73
R16,0,3,12.94
R16,0,9,12.48
R16,0,4,16.9
R16,0,7,13.16
R16,0,10,6.19
R16,0,1,15.8
R16,0,8,11.69
R16,0,8,13.68
R16,0,6,13.53
R16,0,2,17.51
R16,0,3,13.61
R16,0,10,9.04
R17,0,7,12.44
R17,0,10,10.4
R17,0,6,10.37
R17,0,1,15.2
R17,0,1,18.16
R17,0,10,11.04
R17,0,2,20.11
R17,0,8,14.45
R17,0,10,11.56
R17,0,10,7.19
R17,0,4,13.65
R17,0,8,12.43
R17,0,8,15.6
R17,0,1,17.69
R17,0,6,10.79
R17,0,2,17.75
R17,0,5,16.03
R17,0,3,17.78
R17,0,1,19.52
R17,0,10,9.16
R17,0,10,10.69
R17,0,8,13.02
R17,0,4,16.48
R17,0,3,14.43
R17,0,1,18.68
R18,1,3,15.05
R18,1,1,14.83
R18,1,8,10.33
R18,1,2,16.11
R18,1,6,15.56
R18,1,8,12.09
R19,0,7,10.16
R19,0,10,6.42
R19,0,6,12.41
R19,0,2,13.0
R19,0,6,9.73
R19,0,9,9.51
R19,0,4,14.82
R19,0,4,12.31
R19,0,8,9.49
R19,0,3,15.52
R19,0,10,9.37
R20,1,5,9.27
R20,1,10,10.7
R20,1,4,10.56
R20,1,7,6.24
R20,1,6,9.77
R20,1,8,9.1
R20,1,7,11.22
R20,1,1,17.66
R20,1,6,10.34
R21,1,10,6.53
R21,1,8,8.25
R21,1,6,15.59
R21,1,4,15.58
R21,1,2,12.62
R21,1,8,8.08
R21,1,3,14.69
R21,1,4,13.86
R21,1,3,14.1
R21,1,2,10.27
R21,1,7,10.72
R21,1,4,11.07
R21,1,7,12.89
R21,1,1,9.54
R22,0,7,6.59
R22,0,6,9.52
R22,0,3,11.38
R22,0,6,12.14
R22,0,9,5.84
R22,0,6,10.28
R22,0,3,9.75
R22,0,8,5.12
R22,0,10,7.2
R22,0,10,7.54
R22,0,6,10.66
R22,0,3,6.84
R22,0,5,13.08
R22,0,5,11.02
R22,0,4,11.73
R22,0,6,13.46
R22,0,1,15.13
R22,0,3,12.2
R22,0,10,4.26
R22,0,5,10.01
R22,0,1,15.2
R22,0,8,4.04
R22,0,8,8.42
R22,0,2,11.78
R23,0,9,11.62
R23,0,2,14.46
R23,0,7,8.14
R23,0,5,10.58
R23,0,6,12.38
R23,0,6,14.28
R23,0,7,12.55
R23,0,10,9.17
R23,0,10,11.71
R23,0,10,8.74
R24,1,9,13.37
R24,1,1,15.87
R24,1,6,12.2
R24,1,1,15.68
R24,1,9,7.29
R24,1,2,16.39
R24,1,10,9.58
R24,1,5,12.69
R24,1,3,13.02
R24,1,4,12.52
R24,1,8,9.18
R24,1,2,11.98
R24,1,2,13.92
R24,1,3,15.96
R24,1,7,11.75
R24,1,2,14.19
R25,1,8,13.25
R25,1,1,16.82
R25,1,9,10.18
R25,1,3,11.84
R25,1,5,12.33
R25,1,5,12.67
R25,1,4,11.12
R25,1,2,10.29
R25,1,6,11.48
R25,1,9,9.23
R25,1,2,15.78
R25,1,3,12.56
R25,1,9,10.44
R25,1,7,11.44
R25,1,8,8.87
R25,1,7,9.56
R25,1,6,15.09
R25,1,8,13.29
R25,1,6,9.46
R26,0,5,14.64
R26,0,6,9.9
R26,0,4,14.13
R26,0,10,6.52
R26,0,7,7.11
R26,0,3,13.81
R26,0,5,12.72
R26,0,3,10.32
R26,0,6,7.39
R26,0,10,6.63
R26,0,1,16.0
R26,0,9,7.66
R26,0,10,9.94
R26,0,9,13.52
R26,0,5,11.46
R26,0,1,16.51
R26,0,5,10.84
R26,0,3,16.0
R26,0,2,11.35
R26,0,7,12.0
R26,0,6,7.63
R26,0,6,11.57
R27,1,1,15.54
R27,1,10,6.82
R27,1,7,9.36
R27,1,2,10.01
R27,1,3,10.84
R27,1,10,4.05
R27,1,6,12.15
R28,0,6,13.27
R28,0,8,12.7
R28,0,6,6.13
R28,0,7,13.53
R28,0,3,15.44
R28,0,5,12.31
R28,0,10,8.93
R28,0,5,12.14
R28,0,8,11.81
R28,0,8,6.75
R29,1,7,11.36
R29,1,9,13.27
R29,1,8,13.28
R29,1,2,10.99
R29,1,3,12.13
R29,1,10,10.44
R29,1,5,14.38
R29,1,3,16.1
R29,1,7,10.92
R29,1,4,13.21
R29,1,10,13.02
R29,1,2,12.01
R29,1,4,12.56
R29,1,6,12.17
R29,1,9,11.14
R29,1,10,14.66
R29,1,8,13.24
R29,1,10,9.26
R29,1,9,15.02
R29,1,10,11.76
R29,1,10,11.87
R29,1,9,15.13
R29,1,2,15.0
R29,1,7,11.75
R29,1,5,12.4
R29,1,1,15.12
R29,1,7,14.76
R29,1,1,16.78
R29,1,6,13.04
R29,1,4,12.07
R29,1,1,16.77
R29,1,6,10.73
R29,1,7,12.76
R29,1,4,15.69
R29,1,6,11.71
R29,1,6,13.32
R29,1,5,12.3
R29,1,5,12.53
R29,1,10,11.29
R29,1,6,14.68
R29,1,10,10.95
R29,1,9,11.34
R29,1,7,15.85
R29,1,6,16.07
R29,1,2,16.83
R29,1,2,14.78
R29,1,10,12.17
R29,1,9,13.2
R29,1,5,13.99
R29,1,6,13.74
R29,1,4,16.21
R29,1,8,16.63
R29,1,5,14.55
R29,1,2,14.57
R29,1,1,15.96
R29,1,9,12.29
R29,1,2,13.68
R29,1,9,13.05
R30,1,6,16.8
R30,1,7,16.86
R30,1,9,14.82
R30,1,3,14.85
R30,1,2,16.5
R30,1,3,10.58
R30,1,10,14.12
R30,1,5,16.69
R30,1,10,11.03
R30,1,1,17.21
