id_client,y0,y1
1,353.94,363.94
2,166.84,190.84
3,132.47,156.47
4,241.87,251.87
5,243.07,253.07
6,249.98,273.98
7,150.98,160.98
8,309.93,319.93
9,190.55,200.55
10,149.39,159.39
11,119.97,129.97
12,149.54,159.54
13,96.64,120.64
14,248.44,272.44
15,206.78,216.78
16,233.35,257.35
17,192.0,216.0
18,298.32,308.32
19,177.38,187.38
20,175.42,185.42
21,252.07,262.07
22,130.65,140.65
23,224.47,234.47
24,217.43,241.43
25,244.57,254.57
26,225.59,235.59
27,289.34,299.34
28,313.87,323.87
29,179.33,189.33
30,126.25,136.25
31,292.38,302.38
32,216.41,226.41
33,185.8,209.8
34,252.84,262.84
35,179.54,203.54
36,199.86,209.86
37,314.01,324.01
38,196.51,206.51
39,303.73,313.73
40,212.16,222.16
41,191.02,215.02
42,280.68,290.68
43,96.73,120.73
44,225.21,235.21
45,245.88,255.88
46,269.33,293.33
47,44.08,54.08
48,350.9,360.9
49,278.78,302.78
50,315.74,325.74
51,203.0,227.0
52,234.16,244.16
53,363.17,373.17
54,196.8,206.8
55,229.16,239.16
56,305.49,329.49
57,180.26,204.26
58,304.09,328.09
59,98.98,108.98
60,180.4,204.4
61,264.34,288.34
62,241.74,251.74
63,236.52,246.52
64,242.05,266.05
65,272.19,282.19
66,193.97,217.97
67,280.74,304.74
68,318.8,328.8
69,189.21,213.21
70,219.44,229.44
71,195.18,205.18
72,241.18,251.18
73,118.21,128.21
74,312.2,322.2
75,205.48,215.48
76,299.05,309.05
77,170.04,180.04
78,296.58,306.58
79,303.43,313.43
80,234.55,258.55
81,285.28,295.28
82,202.1,226.1
83,174.26,184.26
84,185.13,209.13
85,130.95,140.95
86,299.29,323.29
87,272.72,296.72
88,260.45,270.45
89,233.43,243.43
90,150.9,160.9
91,235.98,245.98
92,267.27,291.27
93,252.29,262.29
94,154.25,178.25
95,314.12,324.12
96,159.99,169.99
97,254.78,264.78
98,229.36,253.36
99,209.28,233.28
100,169.6,179.6
101,161.69,171.69
102,294.65,304.65
103,203.49,227.49
104,316.57,326.57
105,386.43,396.43
106,309.15,319.15
107,110.66,134.66
108,202.83,212.83
109,86.97,110.97
110,251.74,261.74
111,178.09,188.09
112,68.25,78.25
113,209.13,219.13
114,245.46,255.46
115,164.37,174.37
116,222.14,232.14
117,220.92,230.92
118,280.29,290.29
119,117.96,141.96
120,255.56,265.56
121,18.64,42.64
122,159.95,183.95
123,329.66,339.66
124,217.39,227.39
125,150.67,160.67
126,250.43,260.43
127,199.71,209.71
128,213.19,237.19
129,106.56,116.56
130,133.03,157.03
131,204.75,214.75
132,244.7,254.7
133,169.05,193.05
134,309.57,319.57
135,168.82,178.82
136,199.99,209.99
137,115.03,139.03
138,146.4,170.4
139,328.2,338.2
140,261.82,271.82
141,257.75,267.75
142,275.96,299.96
143,304.01,314.01
144,170.67,194.67
145,238.6,248.6
146,197.1,207.1
147,285.16,309.16
148,157.64,167.64
149,261.48,285.48
150,259.5,269.5
151,194.8,218.8
152,180.62,204.62
153,171.57,181.57
154,217.92,227.92
155,264.64,274.64
156,152.34,176.34
157,222.44,232.44
158,269.09,279.09
159,250.25,260.25
160,261.76,285.76
161,162.44,172.44
162,197.17,221.17
163,121.45,131.45
164,191.83,215.83
165,219.18,229.18
166,235.14,259.14
167,200.31,210.31
168,173.91,183.91
169,228.54,252.54
170,165.57,175.57
171,200.07,224.07
172,143.38,153.38
173,187.21,211.21
174,255.87,265.87
175,265.3,289.3
176,195.51,205.51
177,174.91,198.91
178,324.21,334.21
179,104.12,128.12
180,137.56,147.56
181,226.37,250.37
182,200.16,224.16
183,189.07,213.07
184,267.76,277.76
185,228.85,252.85
186,283.61,293.61
187,181.79,205.79
188,243.68,267.68
189,232.44,242.44
190,236.31,246.31
191,291.39,301.39
192,158.75,168.75
193,249.11,259.11
194,246.62,256.62
195,177.86,201.86
196,274.05,284.05
197,187.39,211.39
198,207.35,231.35
199,336.31,360.31
200,213.3,237.3
201,131.66,155.66
202,264.97,288.97
203,294.23,318.23
204,198.29,222.29
205,143.23,167.23
206,159.93,183.93
207,165.51,175.51
208,133.63,143.63
209,286.91,296.91
210,421.91,445.91
211,360.44,384.44
212,122.13,146.13
213,304.27,314.27
214,173.47,183.47
215,166.72,176.72
216,229.81,253.81
217,203.42,227.42
218,298.66,322.66
219,87.45,97.45
220,289.98,313.98
221,244.75,254.75
222,217.21,241.21
223,244.74,268.74
224,256.43,266.43
225,246.11,256.11
226,133.67,157.67
227,276.85,286.85
228,299.09,323.09
229,269.62,279.62
230,209.85,233.85
231,293.91,317.91
232,167.7,191.7
233,325.77,349.77
234,235.75,259.75
235,272.85,296.85
236,217.12,227.12
237,237.69,261.69
238,240.49,250.49
239,345.66,369.66
240,153.1,163.1
241,48.3,72.3
242,299.94,309.94
243,202.78,212.78
244,265.25,289.25
245,241.62,265.62
246,310.62,334.62
247,199.33,223.33
248,195.55,205.55
249,160.39,170.39
250,240.96,264.96
251,246.06,256.06
252,57.05,67.05
253,115.53,125.53
254,276.42,286.42
255,176.08,186.08
256,223.2,247.2
257,121.16,145.16
258,140.44,164.44
259,221.64,231.64
260,323.67,333.67
261,223.39,233.39
262,222.9,246.9
263,150.09,174.09
264,348.94,358.94
265,138.6,148.6
266,235.91,245.91
267,126.81,150.81
268,265.47,275.47
269,235.5,245.5
270,329.51,353.51
271,228.55,238.55
272,371.22,395.22
273,228.59,238.59
274,251.84,275.84
275,152.28,162.28
276,187.05,197.05
277,163.94,187.94
278,184.29,194.29
279,295.49,305.49
280,213.86,237.86
281,338.87,348.87
282,294.52,304.52
283,359.94,369.94
284,380.8,390.8
285,164.43,174.43
286,286.58,310.58
287,176.52,200.52
288,184.5,208.5
289,321.75,331.75
290,318.15,342.15
291,100.75,124.75
292,242.55,266.55
293,224.1,234.1
294,321.62,331.62
295,266.96,276.96
296,243.73,253.73
297,128.23,152.23
298,216.08,226.08
299,140.01,164.01
300,268.39,278.39
301,188.97,212.97
302,243.83,253.83
303,275.48,299.48
304,79.65,103.65
305,260.78,270.78
306,298.15,322.15
307,212.6,222.6
308,215.28,225.28
309,420.92,444.92
310,171.01,195.01
311,329.41,353.41
312,244.69,254.69
313,208.51,218.51
314,164.98,188.98
315,184.4,208.4
316,280.85,290.85
317,348.13,358.13
318,297.59,321.59
319,218.97,242.97
320,158.05,168.05
321,318.54,328.54
322,154.08,164.08
323,171.13,195.13
324,194.12,204.12
325,230.77,254.77
326,129.19,139.19
327,437.53,447.53
328,350.96,360.96
329,237.53,247.53
330,132.05,142.05
331,251.22,261.22
332,360.21,384.21
333,230.67,240.67
334,304.92,314.92
335,137.35,147.35
336,219.02,229.02
337,283.4,293.4
338,258.99,282.99
339,296.86,306.86
340,209.8,219.8
341,203.1,227.1
342,209.81,219.81
343,155.28,179.28
344,225.03,235.03
345,216.86,240.86
346,126.95,136.95
347,162.16,186.16
348,162.43,172.43
349,165.65,175.65
350,165.82,175.82
351,258.51,282.51
352,235.28,245.28
353,187.13,211.13
354,273.81,297.81
355,232.39,256.39
356,334.2,344.2
357,302.66,326.66
358,180.63,190.63
359,270.28,294.28
360,186.39,196.39
361,207.6,217.6
362,316.14,326.14
363,156.39,180.39
364,207.87,231.87
365,257.63,281.63
366,88.81,98.81
367,195.24,205.24
368,163.61,173.61
369,222.62,246.62
370,174.28,198.28
371,203.76,213.76
372,227.58,237.58
373,231.76,255.76
374,113.85,123.85
375,268.89,292.89
376,215.03,225.03
377,161.54,185.54
378,168.36,178.36
379,241.14,265.14
380,212.66,222.66
381,197.69,207.69
382,131.82,155.82
383,222.69,232.69
384,122.86,146.86
385,237.32,247.32
386,292.41,316.41
387,281.13,291.13
388,254.89,264.89
389,178.62,188.62
390,303.98,327.98
391,206.14,216.14
392,261.22,271.22
393,89.04,113.04
394,150.78,174.78
395,164.39,174.39
396,236.93,260.93
397,189.81,199.81
398,281.43,305.43
399,36.03,60.03
400,260.75,284.75
401,175.84,185.84
402,367.81,391.81
403,98.91,122.91
404,204.81,214.81
405,102.38,112.38
406,176.25,200.25
407,219.84,229.84
408,250.0,274.0
409,191.55,215.55
410,179.53,189.53
411,307.91,331.91
412,247.61,257.61
413,241.12,251.12
414,118.8,128.8
415,1.04,11.04
416,335.38,359.38
417,367.4,377.4
418,284.19,308.19
419,197.97,207.97
420,164.45,174.45
421,262.26,272.26
422,218.54,242.54
423,255.2,265.2
424,174.56,198.56
425,298.77,308.77
426,152.08,176.08
427,230.46,240.46
428,264.34,274.34
429,247.23,257.23
430,283.18,293.18
431,195.59,219.59
432,169.3,193.3
433,259.61,283.61
434,397.48,407.48
435,203.71,213.71
436,272.16,296.16
437,210.92,220.92
438,162.57,172.57
439,197.07,221.07
440,308.63,318.63
441,171.35,181.35
442,199.36,209.36
443,55.6,65.6
444,290.25,314.25
445,214.89,224.89
446,260.85,284.85
447,199.79,223.79
448,296.43,306.43
449,311.76,321.76
450,89.75,99.75
451,128.92,152.92
452,146.03,156.03
453,331.91,355.91
454,259.45,269.45
455,268.86,278.86
456,180.52,204.52
457,197.4,221.4
458,340.04,350.04
459,166.7,190.7
460,161.22,171.22
461,170.56,194.56
462,164.03,174.03
463,228.4,238.4
464,197.75,207.75
465,182.32,206.32
466,325.5,335.5
467,239.22,263.22
468,260.81,270.81
469,247.09,257.09
470,231.84,241.84
471,270.49,280.49
472,229.32,239.32
473,222.74,232.74
474,239.82,263.82
475,175.39,185.39
476,207.72,217.72
477,352.81,362.81
478,268.03,292.03
479,291.65,301.65
480,241.92,265.92
481,321.87,331.87
482,58.18,82.18
483,331.65,341.65
484,267.14,291.14
485,171.27,181.27
486,257.54,267.54
487,170.47,180.47
488,151.35,175.35
489,230.11,254.11
490,235.35,259.35
491,302.46,326.46
492,222.94,246.94
493,274.99,284.99
494,256.38,266.38
495,241.99,251.99
496,270.03,280.03
497,136.71,146.71
498,239.07,263.07
499,252.99,262.99
500,187.92,197.92
501,319.08,329.08
502,207.31,231.31
503,200.82,210.82
504,226.08,250.08
505,191.22,201.22
506,155.52,165.52
507,243.12,267.12
508,222.0,246.0
509,147.41,157.41
510,260.04,270.04
511,189.25,213.25
512,238.55,248.55
513,235.57,259.57
514,77.8,101.8
515,219.84,229.84
516,169.57,179.57
517,193.42,217.42
518,178.98,188.98
519,202.36,212.36
520,151.65,161.65
521,199.94,223.94
522,119.38,129.38
523,282.85,292.85
524,267.21,277.21
525,202.36,212.36
526,233.6,243.6
527,255.97,279.97
528,299.65,323.65
529,185.28,195.28
530,293.27,317.27
531,141.45,151.45
532,76.09,100.09
533,225.82,249.82
534,210.15,220.15
535,235.65,245.65
536,292.54,302.54
537,196.46,206.46
538,285.2,295.2
539,214.67,224.67
540,145.57,155.57
541,159.0,169.0
542,322.75,332.75
543,233.53,257.53
544,272.86,296.86
545,219.16,243.16
546,151.54,161.54
547,256.47,280.47
548,251.25,261.25
549,172.1,182.1
550,188.05,198.05
551,104.13,128.13
552,241.1,265.1
553,208.48,218.48
554,219.11,243.11
555,278.02,288.02
556,311.38,321.38
557,184.9,194.9
558,108.0,132.0
559,275.15,285.15
560,154.27,178.27
561,274.57,298.57
562,303.77,327.77
563,280.06,290.06
564,306.11,330.11
565,311.1,321.1
566,125.94,149.94
567,385.72,395.72
568,229.42,239.42
569,251.57,261.57
570,340.6,350.6
571,322.13,346.13
572,177.72,201.72
573,124.02,134.02
574,269.82,293.82
575,108.06,118.06
576,262.43,272.43
577,256.26,266.26
578,370.16,380.16
579,316.65,340.65
580,215.11,239.11
581,236.05,260.05
582,269.06,279.06
583,169.9,193.9
584,412.54,422.54
585,188.83,212.83
586,217.68,227.68
587,253.48,263.48
588,168.59,178.59
589,215.75,239.75
590,181.76,205.76
591,246.07,256.07
592,45.12,55.12
593,214.47,224.47
594,174.35,198.35
595,303.88,313.88
596,172.7,196.7
597,239.31,249.31
598,273.12,283.12
599,319.08,343.08
600,345.97,355.97
601,236.05,260.05
602,238.14,248.14
603,252.86,262.86
604,253.81,277.81
605,254.21,264.21
606,228.42,238.42
607,247.71,271.71
608,221.04,231.04
609,120.27,130.27
610,227.56,237.56
611,232.08,242.08
612,262.23,272.23
613,223.24,233.24
614,199.58,223.58
615,184.37,208.37
616,333.93,343.93
617,183.56,193.56
618,170.05,180.05
619,247.99,257.99
620,327.79,337.79
621,150.39,174.39
622,195.33,219.33
623,387.88,411.88
624,235.49,259.49
625,169.69,179.69
626,246.25,270.25
627,258.45,282.45
628,190.39,214.39
629,289.11,299.11
630,184.06,208.06
631,236.85,260.85
632,263.7,287.7
633,262.41,286.41
634,330.31,354.31
635,372.02,382.02
636,302.59,326.59
637,316.19,340.19
638,66.21,76.21
639,345.44,369.44
640,297.91,307.91
641,124.62,134.62
642,261.14,271.14
643,316.84,326.84
644,285.27,309.27
645,264.57,288.57
646,39.42,49.42
647,339.8,349.8
648,231.08,255.08
649,328.76,352.76
650,161.81,185.81
651,126.44,136.44
652,226.05,236.05
653,206.11,230.11
654,313.68,323.68
655,287.65,297.65
656,212.03,236.03
657,245.3,255.3
658,352.44,362.44
659,277.0,287.0
660,161.02,171.02
661,261.24,271.24
662,184.05,208.05
663,157.74,181.74
664,212.51,222.51
665,204.37,228.37
666,371.27,395.27
667,238.21,248.21
668,201.88,225.88
669,305.79,315.79
670,137.58,147.58
671,179.94,189.94
672,198.21,208.21
673,204.34,214.34
674,256.54,266.54
675,135.64,145.64
676,280.86,290.86
677,176.59,186.59
678,286.72,310.72
679,309.54,333.54
680,322.03,332.03
681,324.85,334.85
682,182.7,192.7
683,87.49,111.49
684,169.83,179.83
685,156.99,166.99
686,210.41,220.41
687,311.38,321.38
688,261.53,271.53
689,171.6,181.6
690,349.21,359.21
691,190.46,200.46
692,224.84,248.84
693,389.76,399.76
694,257.06,267.06
695,224.98,234.98
696,283.11,293.11
697,197.29,221.29
698,145.07,155.07
699,173.51,197.51
700,289.43,299.43
701,212.8,236.8
702,186.1,196.1
703,191.82,201.82
704,56.81,80.81
705,158.15,182.15
706,300.74,324.74
707,197.91,221.91
708,357.95,381.95
709,257.88,267.88
710,225.92,235.92
711,356.29,366.29
712,355.58,379.58
713,185.86,209.86
714,148.08,158.08
715,171.87,195.87
716,150.36,160.36
717,205.14,215.14
718,211.93,235.93
719,233.61,243.61
720,121.09,131.09
721,178.71,188.71
722,229.21,253.21
723,289.44,299.44
724,207.86,217.86
725,256.78,266.78
726,281.53,291.53
727,225.4,249.4
728,321.21,345.21
729,212.96,222.96
730,226.94,236.94
731,180.24,204.24
732,275.4,299.4
733,304.76,328.76
734,247.35,257.35
735,221.65,245.65
736,181.19,191.19
737,159.45,183.45
738,219.77,229.77
739,125.32,135.32
740,164.77,188.77
741,202.37,226.37
742,235.05,259.05
743,150.99,174.99
744,116.72,126.72
745,335.79,345.79
746,300.86,310.86
747,314.12,338.12
748,356.51,380.51
749,147.95,171.95
750,61.71,71.71
751,417.54,427.54
752,200.7,210.7
753,288.76,298.76
754,213.87,223.87
755,155.12,179.12
756,132.61,142.61
757,126.92,150.92
758,216.09,226.09
759,169.7,193.7
760,161.08,171.08
761,336.38,346.38
762,181.76,191.76
763,149.67,159.67
764,151.24,161.24
765,239.77,249.77
766,235.5,245.5
767,240.68,264.68
768,78.92,88.92
769,236.99,260.99
770,224.72,248.72
771,144.94,168.94
772,187.44,211.44
773,219.12,243.12
774,328.66,352.66
775,167.66,191.66
776,148.84,172.84
777,147.62,171.62
778,277.35,287.35
779,228.25,252.25
780,166.58,176.58
781,264.19,288.19
782,181.48,191.48
783,165.93,175.93
784,313.56,323.56
785,327.69,337.69
786,237.47,247.47
787,252.29,262.29
788,218.86,228.86
789,219.56,229.56
790,280.87,290.87
791,79.72,103.72
792,217.6,241.6
793,330.54,340.54
794,137.9,147.9
795,116.69,126.69
796,237.23,261.23
797,240.37,250.37
798,197.72,207.72
799,202.4,212.4
800,166.18,176.18
801,173.13,197.13
802,326.92,336.92
803,228.21,252.21
804,150.32,174.32
805,308.24,318.24
806,322.63,346.63
807,204.76,214.76
808,219.29,243.29
809,323.12,333.12
810,156.57,180.57
811,91.02,101.02
812,201.89,225.89
813,313.82,323.82
814,167.96,191.96
815,273.95,297.95
816,253.45,263.45
817,274.27,298.27
818,265.98,289.98
819,218.95,242.95
820,115.7,139.7
821,237.17,247.17
822,181.77,205.77
823,108.54,132.54
824,112.87,136.87
825,253.74,277.74
826,208.47,218.47
827,301.24,325.24
828,239.81,249.81
829,229.84,239.84
830,214.2,224.2
831,209.15,219.15
832,154.82,178.82
833,203.17,213.17
834,233.22,243.22
835,257.4,267.4
836,287.2,311.2
837,100.68,124.68
838,238.11,248.11
839,212.14,222.14
840,193.39,217.39
841,185.09,195.09
842,250.59,260.59
843,275.86,285.86
844,153.0,177.0
845,274.4,284.4
846,313.88,337.88
847,289.02,299.02
848,152.2,162.2
849,210.28,234.28
850,242.03,252.03
851,216.47,226.47
852,155.11,179.11
853,200.77,224.77
854,325.89,335.89
855,284.35,294.35
856,187.99,211.99
857,205.96,215.96
858,70.48,80.48
859,214.4,224.4
860,255.35,265.35
861,263.98,273.98
862,282.78,292.78
863,202.01,226.01
864,207.37,217.37
865,167.18,191.18
866,275.59,285.59
867,231.58,255.58
868,285.13,309.13
869,132.11,156.11
870,234.19,244.19
871,330.05,340.05
872,255.74,265.74
873,232.25,256.25
874,268.74,278.74
875,351.08,361.08
876,208.63,232.63
877,200.77,224.77
878,324.81,334.81
879,254.01,278.01
880,185.94,195.94
881,170.2,194.2
882,160.86,184.86
883,261.08,271.08
884,158.58,182.58
885,361.26,385.26
886,258.85,268.85
887,168.13,192.13
888,342.06,352.06
889,186.03,196.03
890,195.36,205.36
891,236.75,260.75
892,220.4,230.4
893,190.04,200.04
894,269.8,293.8
895,301.9,311.9
896,88.33,98.33
897,185.7,195.7
898,129.3,139.3
899,215.84,225.84
900,268.19,292.19
901,248.93,258.93
902,219.43,229.43
903,241.96,251.96
904,212.95,236.95
905,294.46,304.46
906,123.79,133.79
907,326.52,336.52
908,348.37,358.37
909,256.18,266.18
910,319.52,329.52
911,190.53,200.53
912,284.15,308.15
913,154.8,178.8
914,363.92,373.92
915,85.0,95.0
916,217.5,227.5
917,204.03,228.03
918,254.21,264.21
919,322.05,332.05
920,191.94,201.94
921,243.07,253.07
922,178.68,202.68
923,181.69,191.69
924,244.47,254.47
925,201.81,225.81
926,166.94,190.94
927,319.09,329.09
928,197.22,207.22
929,252.18,262.18
930,199.06,223.06
931,212.32,236.32
932,230.0,240.0
933,202.2,226.2
934,126.34,136.34
935,260.78,284.78
936,223.95,233.95
937,261.46,271.46
938,223.79,233.79
939,303.7,327.7
940,240.89,250.89
941,244.0,268.0
942,285.01,309.01
943,262.33,286.33
944,252.14,276.14
945,322.26,346.26
946,330.96,340.96
947,73.84,83.84
948,243.99,267.99
949,117.86,141.86
950,237.08,247.08
951,235.36,245.36
952,216.18,226.18
953,168.95,178.95
954,128.74,138.74
955,314.44,324.44
956,241.28,251.28
957,324.89,348.89
958,298.0,322.0
959,318.63,342.63
960,237.75,247.75
961,113.1,123.1
962,262.89,286.89
963,289.91,313.91
964,259.05,269.05
965,86.45,96.45
966,133.75,143.75
967,224.59,248.59
968,19.82,43.82
969,206.37,230.37
970,165.42,189.42
971,301.75,311.75
972,126.2,150.2
973,328.81,352.81
974,235.07,245.07
975,246.68,256.68
976,210.96,220.96
977,182.66,192.66
978,223.56,233.56
979,307.31,317.31
980,154.17,178.17
981,235.3,245.3
982,234.63,244.63
983,128.84,152.84
984,259.71,269.71
985,232.96,256.96
986,145.14,169.14
987,146.07,170.07
988,175.69,185.69
989,370.98,394.98
990,257.41,267.41
991,194.65,204.65
992,249.16,259.16
993,164.13,188.13
994,182.7,192.7
995,276.19,286.19
996,214.31,224.31
997,216.4,240.4
998,176.15,200.15
999,316.02,326.02
1000,281.71,291.71
1001,225.61,235.61
1002,250.35,260.35
1003,211.32,221.32
1004,200.84,224.84
1005,361.25,385.25
1006,191.11,215.11
1007,231.24,255.24
1008,341.39,365.39
1009,208.73,218.73
1010,211.24,221.24
1011,135.95,145.95
1012,203.01,213.01
1013,272.48,296.48
1014,235.99,259.99
1015,192.5,202.5
1016,226.59,236.59
1017,214.99,238.99
1018,198.46,222.46
1019,419.43,429.43
1020,191.33,215.33
1021,186.3,196.3
1022,242.98,266.98
1023,189.5,213.5
1024,155.78,165.78
1025,211.59,235.59
1026,186.42,196.42
1027,276.72,286.72
1028,199.83,223.83
1029,304.6,328.6
1030,238.83,248.83
1031,399.41,409.41
1032,125.84,149.84
1033,246.46,256.46
1034,281.41,291.41
1035,130.67,140.67
1036,309.93,333.93
1037,303.91,327.91
1038,281.89,291.89
1039,214.45,238.45
1040,175.09,199.09
1041,213.73,223.73
1042,276.84,286.84
1043,93.1,117.1
1044,91.2,101.2
1045,225.84,249.84
1046,199.97,209.97
1047,210.35,234.35
1048,116.03,126.03
1049,148.09,172.09
1050,307.09,317.09
1051,180.38,190.38
1052,198.47,208.47
1053,172.92,182.92
1054,150.84,160.84
1055,275.03,299.03
1056,160.79,170.79
1057,91.47,101.47
1058,209.18,219.18
1059,177.35,187.35
1060,283.65,293.65
1061,166.18,176.18
1062,221.87,245.87
1063,374.8,398.8
1064,229.69,239.69
1065,145.24,169.24
1066,211.95,221.95
1067,110.9,134.9
1068,121.41,145.41
1069,305.06,329.06
1070,122.33,132.33
1071,241.61,251.61
1072,266.56,290.56
1073,120.65,144.65
1074,284.64,294.64
1075,302.9,326.9
1076,256.38,280.38
1077,125.52,135.52
1078,112.86,136.86
1079,327.08,337.08
1080,219.41,243.41
1081,228.73,252.73
1082,109.07,119.07
1083,161.16,185.16
1084,152.33,176.33
1085,229.58,239.58
1086,211.55,221.55
1087,292.24,316.24
1088,192.78,216.78
1089,269.56,279.56
1090,169.56,179.56
1091,229.2,239.2
1092,125.94,149.94
1093,210.8,220.8
1094,221.54,231.54
1095,275.63,285.63
1096,296.13,320.13
1097,127.82,137.82
1098,229.62,253.62
1099,153.42,177.42
1100,194.53,204.53
1101,226.03,250.03
1102,193.76,203.76
1103,191.03,201.03
1104,314.83,338.83
1105,124.47,148.47
1106,227.2,237.2
1107,305.39,329.39
1108,125.37,135.37
1109,206.32,216.32
1110,163.1,173.1
1111,177.03,201.03
1112,57.08,67.08
1113,298.77,308.77
1114,316.41,340.41
1115,189.27,199.27
1116,255.54,265.54
1117,218.75,228.75
1118,241.21,251.21
1119,136.23,160.23
1120,76.09,86.09
1121,231.98,255.98
1122,130.25,140.25
1123,314.54,324.54
1124,128.54,152.54
1125,235.57,245.57
1126,196.5,206.5
1127,243.2,267.2
1128,219.55,243.55
1129,165.33,175.33
1130,219.16,229.16
1131,62.12,72.12
1132,239.54,249.54
1133,191.17,201.17
1134,169.05,193.05
1135,207.39,217.39
1136,220.63,230.63
1137,243.9,267.9
1138,251.47,275.47
1139,262.29,286.29
1140,206.07,216.07
1141,361.02,371.02
1142,274.98,284.98
1143,126.48,150.48
1144,144.4,168.4
1145,212.24,222.24
1146,267.54,277.54
1147,349.43,359.43
1148,369.48,379.48
1149,273.6,283.6
1150,380.74,404.74
1151,319.88,343.88
1152,175.6,185.6
1153,124.24,148.24
1154,201.42,225.42
1155,182.1,192.1
1156,181.35,191.35
1157,222.94,246.94
1158,170.6,180.6
1159,239.73,263.73
1160,304.41,314.41
1161,165.65,175.65
1162,353.16,377.16
1163,309.3,319.3
1164,189.4,199.4
1165,176.44,200.44
1166,241.74,265.74
1167,288.38,312.38
1168,245.64,269.64
1169,236.11,246.11
1170,187.32,211.32
1171,98.39,108.39
1172,331.9,341.9
1173,321.11,331.11
1174,234.21,258.21
1175,-49.55,-25.55
1176,328.35,338.35
1177,321.74,331.74
1178,195.3,205.3
1179,126.47,136.47
1180,303.59,327.59
1181,219.46,229.46
1182,333.41,357.41
1183,245.54,255.54
1184,274.29,284.29
1185,206.73,216.73
1186,253.6,277.6
1187,224.24,234.24
1188,245.47,255.47
1189,181.15,191.15
1190,243.02,253.02
1191,202.18,212.18
1192,244.09,254.09
1193,217.53,241.53
1194,223.19,247.19
1195,170.95,194.95
1196,206.55,230.55
1197,190.16,200.16
1198,164.33,174.33
1199,344.41,368.41
1200,292.89,302.89
1201,295.05,319.05
1202,308.18,318.18
1203,181.98,205.98
1204,179.12,203.12
1205,295.46,305.46
1206,187.15,211.15
1207,111.39,121.39
1208,227.24,251.24
1209,101.54,111.54
1210,177.78,187.78
1211,274.87,284.87
1212,368.4,392.4
1213,378.85,402.85
1214,224.19,248.19
1215,117.53,141.53
1216,114.98,138.98
1217,197.68,221.68
1218,168.71,192.71
1219,323.23,347.23
1220,250.01,260.01
1221,150.86,174.86
1222,241.22,251.22
1223,220.57,244.57
1224,209.84,219.84
1225,209.91,219.91
1226,235.06,259.06
1227,155.73,165.73
1228,266.99,276.99
1229,287.57,311.57
1230,224.62,234.62
1231,257.27,281.27
1232,77.73,87.73
1233,169.16,179.16
1234,223.93,233.93
1235,162.09,186.09
1236,308.23,332.23
1237,301.59,325.59
1238,228.83,238.83
1239,338.65,348.65
1240,299.5,309.5
1241,268.34,292.34
1242,168.07,178.07
1243,267.03,291.03
1244,235.09,245.09
1245,366.55,390.55
1246,230.85,254.85
1247,173.32,183.32
1248,116.95,140.95
1249,319.92,329.92
1250,197.36,207.36
1251,188.38,212.38
1252,315.11,325.11
1253,92.08,102.08
1254,182.1,206.1
1255,218.21,242.21
1256,220.35,244.35
1257,197.33,221.33
1258,310.6,334.6
1259,137.57,147.57
1260,191.22,201.22
1261,159.85,183.85
1262,64.15,88.15
1263,223.7,247.7
1264,107.61,131.61
1265,186.75,196.75
1266,245.44,255.44
1267,58.85,68.85
1268,192.19,202.19
1269,287.37,311.37
1270,196.25,206.25
1271,193.49,203.49
1272,246.28,256.28
1273,207.5,231.5
1274,254.5,264.5
1275,221.89,231.89
1276,302.88,312.88
1277,239.8,263.8
1278,217.76,241.76
1279,209.28,219.28
1280,246.81,256.81
1281,211.26,221.26
1282,225.85,235.85
1283,134.8,144.8
1284,192.04,216.04
1285,272.96,282.96
1286,305.21,329.21
1287,194.5,218.5
1288,244.14,268.14
1289,196.94,206.94
1290,208.65,218.65
1291,220.49,230.49
1292,301.85,311.85
1293,260.14,270.14
1294,165.75,189.75
1295,141.32,151.32
1296,329.34,339.34
1297,162.18,172.18
1298,184.41,194.41
1299,303.08,313.08
1300,166.51,176.51
1301,194.29,218.29
1302,115.66,125.66
1303,220.91,230.91
1304,233.51,243.51
1305,310.67,320.67
1306,213.89,237.89
1307,303.5,313.5
1308,325.29,349.29
1309,192.13,216.13
1310,208.47,218.47
1311,242.03,266.03
1312,337.99,347.99
1313,353.18,363.18
1314,246.56,270.56
1315,245.88,255.88
1316,209.12,219.12
1317,154.44,164.44
1318,264.54,288.54
1319,298.04,322.04
1320,248.36,272.36
1321,177.89,201.89
1322,166.16,190.16
1323,284.14,294.14
1324,265.1,289.1
1325,194.03,204.03
1326,265.14,275.14
1327,177.14,187.14
1328,216.29,240.29
1329,161.34,185.34
1330,271.39,281.39
1331,209.66,233.66
1332,217.04,227.04
1333,269.4,279.4
1334,129.42,153.42
1335,259.46,269.46
1336,133.92,143.92
1337,299.94,309.94
1338,213.48,237.48
1339,180.07,204.07
1340,104.23,114.23
1341,157.28,167.28
1342,271.44,295.44
1343,286.05,296.05
1344,188.53,212.53
1345,395.36,419.36
1346,347.67,371.67
1347,260.84,270.84
1348,132.76,142.76
1349,148.27,172.27
1350,271.96,281.96
1351,180.81,204.81
1352,337.79,361.79
1353,259.94,269.94
1354,285.53,295.53
1355,238.83,248.83
1356,124.46,134.46
1357,174.43,198.43
1358,160.97,184.97
1359,240.28,264.28
1360,80.68,104.68
1361,378.51,402.51
1362,193.04,217.04
1363,245.72,255.72
1364,269.19,279.19
1365,310.31,334.31
1366,153.0,163.0
1367,383.05,407.05
1368,242.88,266.88
1369,276.17,286.17
1370,341.77,351.77
1371,257.1,281.1
1372,248.75,272.75
1373,233.19,257.19
1374,299.31,323.31
1375,191.04,215.04
1376,295.64,305.64
1377,225.42,235.42
1378,196.82,220.82
1379,93.74,103.74
1380,255.01,279.01
1381,249.28,259.28
1382,138.41,148.41
1383,283.84,307.84
1384,336.15,346.15
1385,57.55,67.55
1386,149.08,173.08
1387,120.44,130.44
1388,187.97,211.97
1389,216.84,226.84
1390,342.05,352.05
1391,263.76,287.76
1392,253.62,277.62
1393,191.44,201.44
1394,215.62,239.62
1395,132.67,156.67
1396,45.18,69.18
1397,221.08,245.08
1398,86.46,110.46
1399,235.85,259.85
1400,176.9,186.9
1401,279.97,289.97
1402,285.42,295.42
1403,216.66,240.66
1404,243.77,267.77
1405,286.72,296.72
1406,263.9,273.9
1407,185.1,195.1
1408,436.65,446.65
1409,248.06,272.06
1410,337.42,361.42
1411,246.07,256.07
1412,340.23,364.23
1413,138.32,148.32
1414,170.9,180.9
1415,150.88,160.88
1416,291.59,301.59
1417,140.58,150.58
1418,290.85,314.85
1419,64.5,74.5
1420,294.02,318.02
1421,310.78,320.78
1422,112.09,122.09
1423,167.35,177.35
1424,133.56,157.56
1425,255.62,265.62
1426,260.72,270.72
1427,329.14,339.14
1428,395.23,405.23
1429,246.77,256.77
1430,192.0,216.0
1431,86.62,110.62
1432,283.27,293.27
1433,140.79,150.79
1434,248.88,258.88
1435,176.74,186.74
1436,268.58,278.58
1437,318.3,342.3
1438,358.42,368.42
1439,235.83,245.83
1440,370.73,380.73
1441,327.86,337.86
1442,162.32,186.32
1443,264.81,274.81
1444,312.11,336.11
1445,197.17,207.17
1446,156.68,166.68
1447,198.58,208.58
1448,339.92,349.92
1449,240.77,250.77
1450,263.99,273.99
1451,223.96,247.96
1452,57.4,67.4
1453,293.51,317.51
1454,292.47,302.47
1455,244.84,254.84
1456,166.87,190.87
1457,156.7,166.7
1458,140.87,164.87
1459,164.29,188.29
1460,303.66,327.66
1461,275.65,285.65
1462,285.73,295.73
1463,265.83,289.83
1464,257.3,281.3
1465,294.04,304.04
1466,193.94,203.94
1467,10.0,34.0
1468,260.59,270.59
1469,183.69,193.69
1470,297.28,307.28
1471,287.81,297.81
1472,243.54,253.54
1473,283.05,307.05
1474,372.6,382.6
1475,220.51,230.51
1476,302.22,312.22
1477,194.23,204.23
1478,125.34,149.34
1479,237.15,261.15
1480,204.16,214.16
1481,341.83,351.83
1482,253.24,277.24
1483,165.06,189.06
1484,354.84,364.84
1485,168.26,178.26
1486,172.2,182.2
1487,191.52,201.52
1488,309.06,319.06
1489,262.07,286.07
1490,181.61,191.61
1491,194.06,218.06
1492,257.23,267.23
1493,180.59,204.59
1494,296.8,306.8
1495,287.13,297.13
1496,185.0,195.0
1497,289.0,299.0
1498,305.26,315.26
1499,191.72,215.72
1500,152.07,176.07
1501,315.15,339.15
1502,160.18,170.18
1503,215.35,225.35
1504,298.17,308.17
1505,187.2,211.2
1506,286.31,296.31
1507,278.41,288.41
1508,180.07,204.07
1509,231.3,255.3
1510,178.58,202.58
1511,144.48,154.48
1512,250.23,260.23
1513,109.16,119.16
1514,332.81,342.81
1515,241.97,251.97
1516,289.97,299.97
1517,208.11,232.11
1518,76.09,100.09
1519,184.92,194.92
1520,166.05,176.05
1521,239.64,249.64
1522,61.17,71.17
1523,305.54,315.54
1524,180.29,190.29
1525,183.08,207.08
1526,106.81,130.81
1527,257.25,267.25
1528,222.49,232.49
1529,226.07,250.07
1530,143.02,153.02
1531,285.56,309.56
1532,203.28,227.28
1533,324.49,334.49
1534,201.78,225.78
1535,381.54,391.54
1536,170.18,180.18
1537,165.83,189.83
1538,219.31,243.31
1539,199.03,223.03
1540,224.63,248.63
1541,237.52,261.52
1542,190.81,200.81
1543,177.2,187.2
1544,283.81,293.81
1545,273.31,283.31
1546,280.64,290.64
1547,150.21,160.21
1548,183.6,207.6
1549,191.96,201.96
1550,182.59,192.59
1551,433.16,443.16
1552,50.03,74.03
1553,196.53,206.53
1554,237.68,247.68
1555,329.68,339.68
1556,147.54,171.54
1557,208.55,218.55
1558,286.32,296.32
1559,154.05,178.05
1560,321.3,331.3
1561,285.61,309.61
1562,95.58,119.58
1563,333.97,357.97
1564,184.76,208.76
1565,244.84,254.84
1566,385.8,395.8
1567,264.7,288.7
1568,155.14,179.14
1569,136.91,146.91
1570,259.52,269.52
1571,245.2,269.2
1572,280.85,304.85
1573,246.34,256.34
1574,254.0,264.0
1575,305.05,315.05
1576,154.02,164.02
1577,187.28,197.28
1578,215.29,225.29
1579,246.95,256.95
1580,211.57,221.57
1581,132.98,142.98
1582,199.51,209.51
1583,209.27,219.27
1584,363.96,373.96
1585,271.28,281.28
1586,269.63,293.63
1587,185.04,209.04
1588,157.09,167.09
1589,120.62,144.62
1590,254.5,264.5
1591,205.36,215.36
1592,212.29,222.29
1593,293.52,303.52
1594,347.89,357.89
1595,250.32,260.32
1596,297.95,307.95
1597,210.43,234.43
1598,191.42,201.42
1599,261.27,271.27
1600,219.63,243.63
1601,189.76,199.76
1602,325.09,335.09
1603,208.21,232.21
1604,337.03,347.03
1605,314.91,324.91
1606,277.16,287.16
1607,256.53,266.53
1608,212.91,222.91
1609,121.94,145.94
1610,285.18,295.18
1611,212.37,236.37
1612,104.29,114.29
1613,237.11,261.11
1614,137.68,161.68
1615,189.32,199.32
1616,262.7,286.7
1617,155.52,165.52
1618,270.06,280.06
1619,255.77,265.77
1620,288.12,312.12
1621,291.97,301.97
1622,196.66,220.66
1623,152.84,162.84
1624,265.51,289.51
1625,242.04,266.04
1626,245.09,255.09
1627,322.07,332.07
1628,210.32,220.32
1629,188.16,198.16
1630,292.49,316.49
1631,190.28,200.28
1632,350.4,360.4
1633,169.38,193.38
1634,188.46,198.46
1635,242.6,252.6
1636,172.92,182.92
1637,191.88,215.88
1638,162.6,172.6
1639,247.74,271.74
1640,190.58,200.58
1641,200.41,210.41
1642,310.21,320.21
1643,192.17,202.17
1644,172.4,182.4
1645,288.26,298.26
1646,215.76,225.76
1647,231.85,255.85
1648,200.81,210.81
1649,265.48,289.48
1650,135.44,145.44
1651,353.19,377.19
1652,130.46,140.46
1653,146.2,170.2
1654,110.8,120.8
1655,232.29,242.29
1656,161.43,185.43
1657,200.03,224.03
1658,222.91,246.91
1659,93.49,117.49
1660,354.63,364.63
1661,303.63,313.63
1662,180.79,204.79
1663,140.01,150.01
1664,326.11,350.11
1665,312.28,336.28
1666,308.55,318.55
1667,127.6,137.6
1668,225.93,235.93
1669,129.26,139.26
1670,157.11,167.11
1671,196.65,206.65
1672,297.53,307.53
1673,199.85,209.85
1674,190.23,214.23
1675,178.36,202.36
1676,131.43,141.43
1677,198.69,222.69
1678,188.27,198.27
1679,285.59,295.59
1680,206.22,216.22
1681,170.96,180.96
1682,164.6,174.6
1683,177.1,187.1
1684,261.46,271.46
1685,278.37,288.37
1686,232.54,242.54
1687,158.06,182.06
1688,258.06,268.06
1689,224.11,234.11
1690,178.51,188.51
1691,301.55,311.55
1692,150.96,160.96
1693,404.86,414.86
1694,205.48,229.48
1695,261.49,271.49
1696,175.8,185.8
1697,263.32,273.32
1698,121.08,145.08
1699,359.97,369.97
1700,239.58,263.58
1701,99.33,109.33
1702,122.43,132.43
1703,277.37,287.37
1704,200.39,224.39
1705,298.55,322.55
1706,147.11,157.11
1707,196.71,206.71
1708,245.71,255.71
1709,275.51,299.51
1710,202.02,226.02
1711,275.1,285.1
1712,265.52,289.52
1713,153.22,163.22
1714,267.32,277.32
1715,53.65,63.65
1716,206.17,230.17
1717,203.94,227.94
1718,171.04,195.04
1719,218.49,228.49
1720,178.05,188.05
1721,298.94,322.94
1722,204.25,214.25
1723,311.29,321.29
1724,183.98,193.98
1725,228.93,252.93
1726,259.43,283.43
1727,162.64,172.64
1728,384.24,408.24
1729,166.41,176.41
1730,225.15,235.15
1731,312.21,322.21
1732,261.59,271.59
1733,168.88,178.88
1734,157.99,181.99
1735,175.8,185.8
1736,246.98,270.98
1737,201.04,225.04
1738,276.47,286.47
1739,206.67,216.67
1740,203.11,213.11
1741,244.71,254.71
1742,266.48,276.48
1743,255.94,279.94
1744,316.47,326.47
1745,241.0,265.0
1746,210.74,220.74
1747,279.74,289.74
1748,254.56,278.56
1749,160.22,170.22
1750,190.43,200.43
1751,174.86,198.86
1752,292.98,302.98
1753,204.28,228.28
1754,240.49,250.49
1755,228.92,238.92
1756,214.69,224.69
1757,267.82,291.82
1758,103.29,113.29
1759,219.91,229.91
1760,186.47,196.47
1761,186.43,196.43
1762,240.87,264.87
1763,164.31,174.31
1764,179.43,189.43
1765,237.68,247.68
1766,216.79,226.79
1767,258.78,268.78
1768,349.5,359.5
1769,216.11,226.11
1770,246.22,256.22
1771,223.17,233.17
1772,197.7,221.7
1773,165.19,189.19
1774,130.84,140.84
1775,231.69,255.69
1776,210.38,234.38
1777,200.33,210.33
1778,256.61,280.61
1779,197.95,207.95
1780,273.57,283.57
1781,273.81,283.81
1782,191.42,215.42
1783,211.69,221.69
1784,172.49,182.49
1785,260.7,284.7
1786,280.56,290.56
1787,246.45,256.45
1788,320.6,330.6
1789,215.44,239.44
1790,216.77,226.77
1791,211.75,221.75
1792,243.08,253.08
1793,195.47,205.47
1794,224.29,234.29
1795,303.64,313.64
1796,275.67,285.67
1797,283.54,307.54
1798,324.29,348.29
1799,214.68,224.68
1800,248.51,258.51
1801,154.9,164.9
1802,141.73,151.73
1803,242.76,266.76
1804,293.66,317.66
1805,247.69,257.69
1806,177.34,187.34
1807,251.93,261.93
1808,279.45,289.45
1809,333.82,343.82
1810,224.04,234.04
1811,115.4,125.4
1812,166.97,176.97
1813,110.4,134.4
1814,137.78,147.78
1815,258.56,268.56
1816,260.26,270.26
1817,309.8,319.8
1818,120.23,130.23
1819,283.2,307.2
1820,205.19,215.19
1821,319.55,329.55
1822,64.98,88.98
1823,258.85,268.85
1824,285.78,295.78
1825,184.66,194.66
1826,148.57,172.57
1827,158.55,182.55
1828,146.4,170.4
1829,298.94,308.94
1830,267.53,291.53
1831,125.47,135.47
1832,231.01,255.01
1833,302.23,312.23
1834,143.86,167.86
1835,246.08,256.08
1836,110.39,134.39
1837,234.89,244.89
1838,184.88,194.88
1839,298.16,308.16
1840,249.56,273.56
1841,213.11,237.11
1842,263.65,287.65
1843,145.36,155.36
1844,263.88,273.88
1845,315.84,325.84
1846,128.45,152.45
1847,144.89,154.89
1848,235.56,259.56
1849,154.33,178.33
1850,230.41,254.41
1851,216.46,226.46
1852,124.55,134.55
1853,344.84,354.84
1854,159.87,183.87
1855,231.71,255.71
1856,283.59,293.59
1857,312.54,322.54
1858,281.47,305.47
1859,178.96,188.96
1860,261.96,285.96
1861,250.14,260.14
1862,303.45,313.45
1863,231.21,255.21
1864,163.7,173.7
1865,223.48,247.48
1866,307.65,317.65
1867,246.83,256.83
1868,341.93,351.93
1869,120.99,130.99
1870,159.94,169.94
1871,230.11,240.11
1872,315.74,325.74
1873,172.66,182.66
1874,184.51,194.51
1875,233.15,243.15
1876,203.95,227.95
1877,281.46,305.46
1878,216.78,226.78
1879,272.28,282.28
1880,208.97,218.97
1881,68.12,92.12
1882,168.71,192.71
1883,325.25,335.25
1884,237.01,261.01
1885,282.54,292.54
1886,266.33,276.33
1887,145.56,155.56
1888,242.57,266.57
1889,196.77,206.77
1890,314.6,338.6
1891,228.81,238.81
1892,269.1,279.1
1893,195.01,205.01
1894,230.36,254.36
1895,185.21,195.21
1896,282.36,306.36
1897,259.66,269.66
1898,303.9,327.9
1899,224.25,248.25
1900,273.98,283.98
1901,216.25,226.25
1902,208.39,232.39
1903,242.53,252.53
1904,165.02,175.02
1905,202.41,212.41
1906,155.85,179.85
1907,261.97,285.97
1908,192.94,202.94
1909,196.82,220.82
1910,213.9,223.9
1911,79.37,103.37
1912,279.33,289.33
1913,370.29,380.29
1914,212.63,222.63
1915,173.14,183.14
1916,167.02,177.02
1917,316.84,340.84
1918,309.74,319.74
1919,197.3,207.3
1920,332.0,342.0
1921,249.56,259.56
1922,186.94,210.94
1923,134.99,158.99
1924,219.19,243.19
1925,286.35,310.35
1926,198.61,222.61
1927,295.71,319.71
1928,266.46,276.46
1929,109.75,133.75
1930,213.39,237.39
1931,222.97,246.97
1932,228.21,252.21
1933,220.42,244.42
1934,193.6,217.6
1935,196.66,206.66
1936,308.02,318.02
1937,235.93,259.93
1938,142.41,166.41
1939,272.93,282.93
1940,161.84,185.84
1941,235.96,259.96
1942,329.68,353.68
1943,219.91,243.91
1944,174.87,184.87
1945,240.63,250.63
1946,151.98,161.98
1947,253.77,263.77
1948,314.23,324.23
1949,133.5,157.5
1950,284.47,294.47
1951,316.14,340.14
1952,229.11,239.11
1953,249.74,259.74
1954,144.22,168.22
1955,183.33,207.33
1956,275.24,285.24
1957,191.17,215.17
1958,177.88,201.88
1959,203.36,227.36
1960,221.19,245.19
1961,278.53,288.53
1962,267.15,291.15
1963,330.13,340.13
1964,293.54,303.54
1965,236.85,260.85
1966,321.04,331.04
1967,232.96,256.96
1968,269.06,279.06
1969,227.81,237.81
1970,-42.73,-18.73
1971,94.19,104.19
1972,217.87,227.87
1973,211.84,221.84
1974,245.48,269.48
1975,193.46,217.46
1976,226.87,250.87
1977,144.08,168.08
1978,134.71,144.71
1979,166.78,176.78
1980,206.1,216.1
1981,213.61,223.61
1982,157.14,167.14
1983,183.4,193.4
1984,179.38,203.38
1985,214.81,224.81
1986,199.26,209.26
1987,441.93,451.93
1988,262.42,272.42
1989,191.14,215.14
1990,285.74,309.74
1991,176.24,200.24
1992,62.69,86.69
1993,279.44,289.44
1994,147.94,171.94
1995,234.89,244.89
1996,64.68,74.68
1997,172.96,182.96
1998,180.43,190.43
1999,106.31,130.31
2000,173.43,197.43
2001,110.41,134.41
2002,217.3,241.3
2003,235.98,259.98
2004,128.65,152.65
2005,207.58,231.58
2006,321.89,331.89
2007,227.35,237.35
2008,54.14,64.14
2009,140.01,150.01
2010,102.9,112.9
2011,212.58,236.58
2012,319.41,343.41
2013,232.14,242.14
2014,233.95,243.95
2015,239.46,263.46
2016,158.16,182.16
2017,162.38,186.38
2018,171.06,195.06
2019,207.26,231.26
2020,263.1,273.1
2021,274.9,298.9
2022,261.47,285.47
2023,276.02,286.02
2024,295.9,319.9
2025,204.61,214.61
2026,184.03,194.03
2027,185.19,195.19
2028,271.31,281.31
2029,256.14,280.14
2030,180.9,190.9
2031,228.81,238.81
2032,152.42,176.42
2033,196.16,206.16
2034,191.44,201.44
2035,193.18,203.18
2036,188.73,212.73
2037,166.88,176.88
2038,281.86,291.86
2039,253.55,277.55
2040,289.08,299.08
2041,280.25,290.25
2042,296.16,320.16
2043,220.0,230.0
2044,174.47,198.47
2045,158.45,168.45
2046,235.04,245.04
2047,357.29,381.29
2048,228.41,238.41
2049,192.79,202.79
2050,189.48,199.48
2051,243.73,267.73
2052,190.31,214.31
2053,211.99,221.99
2054,197.07,221.07
2055,203.99,227.99
2056,198.09,222.09
2057,247.56,257.56
2058,178.52,188.52
2059,140.99,164.99
2060,214.16,224.16
2061,72.71,82.71
2062,131.83,141.83
2063,130.27,154.27
2064,230.15,240.15
2065,184.16,194.16
2066,246.4,256.4
2067,106.82,116.82
2068,291.92,301.92
2069,195.82,219.82
2070,178.79,202.79
2071,293.88,303.88
2072,118.32,128.32
2073,199.5,223.5
2074,214.86,224.86
2075,223.54,233.54
2076,163.73,187.73
2077,182.36,206.36
2078,277.37,301.37
2079,260.54,270.54
2080,117.89,127.89
2081,223.27,233.27
2082,258.74,268.74
2083,192.11,202.11
2084,137.07,147.07
2085,247.09,257.09
2086,246.49,256.49
2087,302.87,326.87
2088,177.7,187.7
2089,219.68,243.68
2090,252.03,262.03
2091,376.69,400.69
2092,285.93,309.93
2093,266.78,276.78
2094,171.77,195.77
2095,163.59,173.59
2096,308.38,318.38
2097,219.98,243.98
2098,247.26,271.26
2099,230.29,254.29
2100,227.71,251.71
2101,204.35,214.35
2102,305.91,315.91
2103,201.03,211.03
2104,193.55,203.55
2105,199.18,209.18
2106,229.75,239.75
2107,201.16,225.16
2108,177.09,201.09
2109,216.87,226.87
2110,139.02,149.02
2111,317.24,327.24
2112,217.32,227.32
2113,267.72,277.72
2114,210.76,234.76
2115,145.19,155.19
2116,198.76,222.76
2117,280.89,290.89
2118,194.77,218.77
2119,173.79,197.79
2120,316.33,326.33
2121,178.82,202.82
2122,200.07,210.07
2123,248.16,258.16
2124,226.0,250.0
2125,227.14,237.14
2126,162.69,172.69
2127,260.73,270.73
2128,279.79,303.79
2129,155.72,165.72
2130,275.66,299.66
2131,204.01,214.01
2132,172.96,182.96
2133,302.67,312.67
2134,245.45,269.45
2135,132.89,142.89
2136,245.43,255.43
2137,312.39,336.39
2138,262.7,286.7
2139,286.32,296.32
2140,268.71,292.71
2141,143.25,153.25
2142,207.69,217.69
2143,130.13,140.13
2144,242.94,252.94
2145,109.58,133.58
2146,176.58,186.58
2147,128.24,138.24
2148,165.29,175.29
2149,302.81,312.81
2150,253.37,277.37
2151,212.04,222.04
2152,291.24,301.24
2153,251.99,261.99
2154,338.31,362.31
2155,224.9,248.9
2156,187.73,211.73
2157,191.61,201.61
2158,365.01,389.01
2159,371.66,381.66
2160,264.92,274.92
2161,276.27,286.27
2162,189.51,213.51
2163,221.75,231.75
2164,241.32,251.32
2165,255.96,265.96
2166,105.86,129.86
2167,216.67,240.67
2168,257.29,281.29
2169,283.32,293.32
2170,342.96,366.96
2171,310.41,320.41
2172,305.26,329.26
2173,292.31,302.31
2174,182.92,206.92
2175,276.73,300.73
2176,204.26,214.26
2177,300.49,310.49
2178,324.52,334.52
2179,200.25,224.25
2180,194.16,218.16
2181,266.93,276.93
2182,206.06,216.06
2183,249.03,259.03
2184,209.07,219.07
2185,91.19,101.19
2186,120.96,130.96
2187,299.32,309.32
2188,236.51,260.51
2189,272.88,282.88
2190,192.99,202.99
2191,261.84,285.84
2192,159.1,183.1
2193,213.08,237.08
2194,123.35,147.35
2195,161.2,171.2
2196,241.73,265.73
2197,250.65,260.65
2198,250.13,274.13
2199,265.1,289.1
2200,121.97,145.97
2201,231.76,241.76
2202,188.15,198.15
2203,173.39,197.39
2204,260.2,284.2
2205,154.52,178.52
2206,334.04,344.04
2207,142.8,152.8
2208,262.38,272.38
2209,281.65,291.65
2210,201.38,225.38
2211,143.76,153.76
2212,428.01,438.01
2213,233.12,243.12
2214,183.12,207.12
2215,294.9,318.9
2216,184.11,208.11
2217,276.43,300.43
2218,232.76,242.76
2219,383.11,393.11
2220,222.43,232.43
2221,301.8,325.8
2222,131.76,141.76
2223,119.24,143.24
2224,154.96,178.96
2225,259.91,269.91
2226,222.91,232.91
2227,214.58,238.58
2228,125.37,135.37
2229,256.86,266.86
2230,141.74,165.74
2231,218.82,228.82
2232,103.31,113.31
2233,201.04,225.04
2234,138.11,148.11
2235,292.78,302.78
2236,166.68,176.68
2237,223.89,247.89
2238,113.38,137.38
2239,227.6,251.6
2240,258.59,282.59
2241,195.7,205.7
2242,235.64,259.64
2243,254.87,264.87
2244,277.17,301.17
2245,195.85,219.85
2246,391.98,401.98
2247,357.24,381.24
2248,166.61,176.61
2249,270.28,280.28
2250,108.5,118.5
2251,338.36,348.36
2252,263.22,273.22
2253,84.15,108.15
2254,266.23,290.23
2255,310.13,320.13
2256,292.76,302.76
2257,237.9,247.9
2258,166.14,176.14
2259,169.49,179.49
2260,188.52,198.52
2261,181.85,191.85
2262,202.61,212.61
2263,295.07,305.07
2264,319.45,329.45
2265,305.01,315.01
2266,187.24,211.24
2267,246.17,256.17
2268,179.1,203.1
2269,56.73,80.73
2270,208.05,232.05
2271,188.71,198.71
2272,338.28,362.28
2273,174.55,198.55
2274,249.87,259.87
2275,180.42,190.42
2276,136.55,160.55
2277,241.69,265.69
2278,133.81,143.81
2279,179.25,189.25
2280,230.09,240.09
2281,268.6,292.6
2282,193.71,203.71
2283,291.15,301.15
2284,4.35,28.35
2285,357.11,367.11
2286,121.78,145.78
2287,160.58,184.58
2288,221.91,245.91
2289,260.53,284.53
2290,217.5,227.5
2291,296.97,320.97
2292,171.21,181.21
2293,298.65,322.65
2294,240.39,264.39
2295,355.09,379.09
2296,56.48,80.48
2297,165.42,175.42
2298,225.1,235.1
2299,226.07,236.07
2300,182.31,206.31
2301,144.69,154.69
2302,196.15,220.15
2303,167.03,177.03
2304,221.53,245.53
2305,180.08,204.08
2306,206.71,230.71
2307,427.15,451.15
2308,300.01,310.01
2309,238.08,262.08
2310,165.4,175.4
2311,306.39,316.39
2312,198.45,208.45
2313,178.16,202.16
2314,361.41,371.41
2315,224.08,234.08
2316,246.01,256.01
2317,290.14,314.14
2318,333.2,357.2
2319,175.92,199.92
2320,142.19,152.19
2321,200.58,224.58
2322,320.46,344.46
2323,223.25,233.25
2324,215.67,239.67
2325,226.67,236.67
2326,267.56,277.56
2327,249.07,259.07
2328,326.88,336.88
2329,127.14,137.14
2330,74.35,98.35
2331,262.52,272.52
2332,156.39,166.39
2333,200.85,224.85
2334,238.2,262.2
2335,122.56,132.56
2336,261.63,271.63
2337,331.44,355.44
2338,260.12,270.12
2339,203.8,213.8
2340,269.05,293.05
2341,163.32,187.32
2342,461.46,471.46
2343,252.22,262.22
2344,214.12,224.12
2345,226.43,236.43
2346,169.94,179.94
2347,226.72,236.72
2348,151.42,161.42
2349,392.52,402.52
2350,206.74,216.74
2351,226.1,236.1
2352,190.09,200.09
2353,216.09,240.09
2354,166.93,176.93
2355,47.91,57.91
2356,235.74,245.74
2357,232.57,242.57
2358,383.69,407.69
2359,197.5,207.5
2360,280.92,290.92
2361,204.42,214.42
2362,295.2,319.2
2363,261.49,271.49
2364,268.54,292.54
2365,338.76,362.76
2366,158.37,168.37
2367,257.31,281.31
2368,161.56,185.56
2369,268.78,278.78
2370,212.15,222.15
2371,217.75,227.75
2372,205.66,215.66
2373,218.99,228.99
2374,222.0,246.0
2375,218.96,228.96
2376,301.28,311.28
2377,232.81,256.81
2378,233.26,243.26
2379,276.26,286.26
2380,181.45,205.45
2381,212.43,236.43
2382,307.03,317.03
2383,313.22,323.22
2384,199.24,209.24
2385,237.12,247.12
2386,252.66,262.66
2387,259.83,283.83
2388,302.05,312.05
2389,202.17,212.17
2390,259.01,269.01
2391,378.08,402.08
2392,314.07,324.07
2393,148.55,172.55
2394,316.19,326.19
2395,156.5,166.5
2396,237.38,261.38
2397,268.2,278.2
2398,166.6,190.6
2399,110.8,134.8
2400,165.5,189.5
2401,186.17,196.17
2402,239.87,249.87
2403,294.18,304.18
2404,288.93,298.93
2405,158.22,168.22
2406,136.75,146.75
2407,125.78,135.78
2408,217.86,227.86
2409,249.75,259.75
2410,318.9,328.9
2411,272.96,282.96
2412,249.47,259.47
2413,326.4,336.4
2414,204.02,228.02
2415,286.26,296.26
2416,225.47,249.47
2417,216.38,240.38
2418,146.81,156.81
2419,352.9,376.9
2420,382.11,406.11
2421,284.19,294.19
2422,19.58,29.58
2423,284.68,294.68
2424,229.9,253.9
2425,283.04,293.04
2426,219.14,243.14
2427,292.55,302.55
2428,168.01,192.01
2429,168.37,192.37
2430,286.88,296.88
2431,166.8,190.8
2432,190.31,214.31
2433,159.64,169.64
2434,143.78,167.78
2435,174.05,198.05
2436,191.36,201.36
2437,268.55,278.55
2438,215.14,239.14
2439,199.44,209.44
2440,294.26,304.26
2441,198.03,208.03
2442,233.65,257.65
2443,320.14,330.14
2444,144.98,168.98
2445,123.45,133.45
2446,313.84,323.84
2447,203.75,213.75
2448,335.73,345.73
2449,310.81,320.81
2450,204.03,228.03
2451,201.87,211.87
2452,138.18,162.18
2453,243.44,253.44
2454,298.63,308.63
2455,163.53,187.53
2456,211.78,221.78
2457,333.11,343.11
2458,322.17,332.17
2459,198.79,208.79
2460,199.55,223.55
2461,167.29,177.29
2462,169.37,179.37
2463,156.31,166.31
2464,199.05,223.05
2465,252.49,276.49
2466,225.79,235.79
2467,227.18,251.18
2468,210.97,234.97
2469,355.39,365.39
2470,191.3,215.3
2471,282.68,306.68
2472,240.85,250.85
2473,230.55,254.55
2474,105.43,129.43
2475,120.55,144.55
2476,334.22,344.22
2477,199.53,209.53
2478,251.14,261.14
2479,108.62,132.62
2480,183.68,193.68
2481,216.14,240.14
2482,202.68,226.68
2483,191.01,215.01
2484,349.33,359.33
2485,286.47,310.47
2486,182.22,192.22
2487,222.45,246.45
2488,145.12,169.12
2489,98.08,122.08
2490,182.89,192.89
2491,221.06,231.06
2492,211.9,221.9
2493,116.38,126.38
2494,224.7,248.7
2495,297.85,321.85
2496,251.87,275.87
2497,182.04,192.04
2498,106.09,116.09
2499,280.12,290.12
2500,187.91,211.91
2501,223.07,247.07
2502,251.94,261.94
2503,267.24,291.24
2504,226.83,250.83
2505,255.65,279.65
2506,253.02,277.02
2507,100.77,124.77
2508,238.54,248.54
2509,335.52,345.52
2510,217.08,241.08
2511,262.07,272.07
2512,185.25,209.25
2513,334.46,344.46
2514,186.91,210.91
2515,226.63,236.63
2516,194.94,204.94
2517,360.04,370.04
2518,205.84,229.84
2519,187.72,197.72
2520,296.0,320.0
2521,181.31,191.31
2522,153.4,163.4
2523,176.4,186.4
2524,173.49,183.49
2525,181.88,205.88
2526,210.94,234.94
2527,243.15,253.15
2528,50.98,74.98
2529,221.52,245.52
2530,248.39,272.39
2531,308.27,318.27
2532,299.47,309.47
2533,219.3,243.3
2534,159.86,183.86
2535,208.82,232.82
2536,287.0,297.0
2537,239.12,249.12
2538,201.44,225.44
2539,231.03,241.03
2540,388.86,412.86
2541,295.48,305.48
2542,308.05,318.05
2543,473.23,497.23
2544,239.3,263.3
2545,308.91,318.91
2546,77.6,101.6
2547,242.99,252.99
2548,298.06,308.06
2549,413.55,423.55
2550,211.52,221.52
2551,208.28,232.28
2552,226.76,250.76
2553,220.41,244.41
2554,222.58,232.58
2555,236.95,260.95
2556,325.92,349.92
2557,180.69,204.69
2558,204.67,214.67
2559,327.17,337.17
2560,218.51,242.51
2561,191.46,201.46
2562,300.19,310.19
2563,91.98,101.98
2564,237.13,247.13
2565,78.41,88.41
2566,311.23,321.23
2567,280.08,304.08
2568,218.48,228.48
2569,193.37,203.37
2570,103.58,113.58
2571,258.11,282.11
2572,253.59,277.59
2573,243.81,253.81
2574,272.72,282.72
2575,287.02,311.02
2576,262.59,272.59
2577,221.44,245.44
2578,383.01,393.01
2579,314.93,324.93
2580,349.44,373.44
2581,255.91,265.91
2582,245.05,255.05
2583,205.52,215.52
2584,213.99,237.99
2585,164.58,174.58
2586,218.03,242.03
2587,326.07,350.07
2588,263.47,287.47
2589,289.37,299.37
2590,294.27,318.27
2591,161.89,185.89
2592,274.84,298.84
2593,253.33,277.33
2594,161.76,171.76
2595,373.79,383.79
2596,275.9,285.9
2597,144.02,154.02
2598,214.28,224.28
2599,159.85,169.85
2600,170.81,180.81
2601,249.34,259.34
2602,193.47,203.47
2603,308.32,318.32
2604,289.76,299.76
2605,110.3,120.3
2606,253.49,263.49
2607,212.48,222.48
2608,176.22,200.22
2609,233.88,257.88
2610,374.96,384.96
2611,243.53,267.53
2612,104.88,114.88
2613,237.59,261.59
2614,238.06,262.06
2615,263.04,273.04
2616,194.27,204.27
2617,234.04,244.04
2618,172.24,196.24
2619,253.38,277.38
2620,145.82,169.82
2621,227.02,237.02
2622,422.31,432.31
2623,188.08,212.08
2624,195.51,205.51
2625,185.41,195.41
2626,305.63,315.63
2627,205.06,215.06
2628,278.97,288.97
2629,254.49,264.49
2630,241.54,251.54
2631,183.73,193.73
2632,229.63,239.63
2633,299.06,309.06
2634,-2.09,21.91
2635,188.96,198.96
2636,283.82,307.82
2637,191.42,201.42
2638,273.98,283.98
2639,378.91,388.91
2640,258.8,268.8
2641,206.29,216.29
2642,316.72,326.72
2643,115.36,139.36
2644,168.98,192.98
2645,224.37,248.37
2646,247.08,257.08
2647,260.85,284.85
2648,288.72,298.72
2649,82.71,106.71
2650,221.95,231.95
2651,266.3,290.3
2652,205.29,229.29
2653,326.18,336.18
2654,161.49,171.49
2655,219.02,229.02
2656,175.91,185.91
2657,117.88,127.88
2658,318.85,342.85
2659,296.91,306.91
2660,245.94,255.94
2661,205.27,229.27
2662,183.87,207.87
2663,207.49,231.49
2664,267.36,277.36
2665,302.66,312.66
2666,236.52,260.52
2667,275.28,299.28
2668,378.21,388.21
2669,263.87,273.87
2670,174.47,198.47
2671,172.84,182.84
2672,49.66,73.66
2673,328.01,352.01
2674,310.06,334.06
2675,75.63,85.63
2676,164.13,188.13
2677,303.16,327.16
2678,283.72,293.72
2679,187.79,211.79
2680,185.79,209.79
2681,164.36,188.36
2682,270.12,294.12
2683,271.13,281.13
2684,98.79,122.79
2685,320.02,344.02
2686,256.47,266.47
2687,243.03,253.03
2688,189.81,213.81
2689,169.4,179.4
2690,187.25,197.25
2691,262.5,272.5
2692,307.05,317.05
2693,208.38,218.38
2694,88.91,112.91
2695,374.33,384.33
2696,178.41,202.41
2697,398.88,408.88
2698,137.89,161.89
2699,231.31,241.31
2700,178.14,202.14
2701,215.53,225.53
2702,143.34,167.34
2703,190.66,200.66
2704,275.59,285.59
2705,108.11,118.11
2706,164.05,174.05
2707,276.38,300.38
2708,287.27,297.27
2709,189.72,199.72
2710,164.02,188.02
2711,238.85,248.85
2712,181.11,205.11
2713,348.87,358.87
2714,192.01,202.01
2715,206.29,216.29
2716,234.14,258.14
2717,144.19,154.19
2718,316.06,326.06
2719,145.13,155.13
2720,260.61,284.61
2721,206.4,216.4
2722,214.6,238.6
2723,87.77,97.77
2724,288.3,298.3
2725,137.32,147.32
2726,192.27,202.27
2727,170.01,180.01
2728,258.19,268.19
2729,242.66,252.66
2730,232.04,256.04
2731,317.28,341.28
2732,271.27,281.27
2733,98.75,108.75
2734,188.13,198.13
2735,329.28,339.28
2736,146.23,156.23
2737,224.05,234.05
2738,179.95,189.95
2739,301.12,325.12
2740,171.41,195.41
2741,140.74,150.74
2742,276.31,286.31
2743,267.24,291.24
2744,108.95,118.95
2745,266.87,276.87
2746,211.43,221.43
2747,202.63,212.63
2748,287.95,311.95
2749,257.27,267.27
2750,199.48,223.48
2751,260.9,270.9
2752,283.34,293.34
2753,273.48,283.48
2754,295.2,319.2
2755,242.94,266.94
2756,230.45,254.45
2757,270.54,294.54
2758,220.33,244.33
2759,312.98,322.98
2760,203.6,227.6
2761,309.74,319.74
2762,264.12,288.12
2763,259.88,269.88
2764,357.56,381.56
2765,43.23,53.23
2766,232.6,256.6
2767,210.39,220.39
2768,230.39,240.39
2769,299.18,323.18
2770,211.65,221.65
2771,224.23,248.23
2772,368.21,392.21
2773,317.51,327.51
2774,379.47,403.47
2775,345.53,369.53
2776,274.27,284.27
2777,235.3,245.3
2778,240.41,250.41
2779,26.48,36.48
2780,182.65,206.65
2781,291.57,301.57
2782,219.82,243.82
2783,96.6,120.6
2784,30.58,54.58
2785,330.4,354.4
2786,236.15,260.15
2787,301.15,311.15
2788,213.89,223.89
2789,315.69,339.69
2790,173.42,183.42
2791,321.92,345.92
2792,191.03,215.03
2793,332.05,342.05
2794,268.78,292.78
2795,201.12,225.12
2796,224.52,248.52
2797,272.39,282.39
2798,396.79,406.79
2799,191.55,215.55
2800,262.96,272.96
2801,223.56,233.56
2802,325.14,349.14
2803,122.5,132.5
2804,317.86,327.86
2805,208.46,232.46
2806,247.56,257.56
2807,204.79,214.79
2808,82.52,106.52
2809,126.51,150.51
2810,214.47,224.47
2811,152.45,162.45
2812,200.14,210.14
2813,194.32,204.32
2814,128.72,138.72
2815,220.54,230.54
2816,167.07,191.07
2817,138.41,148.41
2818,202.2,212.2
2819,193.47,203.47
2820,161.0,185.0
2821,164.89,174.89
2822,255.61,265.61
2823,247.36,271.36
2824,295.05,305.05
2825,279.91,289.91
2826,250.11,274.11
2827,195.8,205.8
2828,204.66,214.66
2829,268.69,278.69
2830,283.0,307.0
2831,192.54,202.54
2832,251.93,261.93
2833,272.2,296.2
2834,300.61,310.61
2835,186.55,210.55
2836,139.52,163.52
2837,317.28,327.28
2838,214.23,224.23
2839,174.06,198.06
2840,297.64,321.64
2841,332.37,342.37
2842,204.44,214.44
2843,274.32,298.32
2844,229.68,239.68
2845,201.03,211.03
2846,275.32,285.32
2847,130.57,140.57
2848,181.16,191.16
2849,233.97,243.97
2850,251.67,261.67
2851,192.83,202.83
2852,231.95,255.95
2853,378.57,388.57
2854,216.41,240.41
2855,274.69,284.69
2856,324.63,348.63
2857,218.3,228.3
2858,188.49,198.49
2859,275.55,285.55
2860,239.01,249.01
2861,234.82,244.82
2862,266.69,290.69
2863,270.78,280.78
2864,156.69,180.69
2865,359.71,369.71
2866,340.21,364.21
2867,361.14,371.14
2868,210.43,220.43
2869,287.87,297.87
2870,106.94,116.94
2871,173.71,183.71
2872,288.48,298.48
2873,273.16,283.16
2874,263.66,287.66
2875,209.61,233.61
2876,135.26,145.26
2877,239.41,263.41
2878,187.03,211.03
2879,186.41,210.41
2880,144.03,154.03
2881,211.63,221.63
2882,315.94,325.94
2883,251.71,275.71
2884,205.53,229.53
2885,235.13,259.13
2886,359.22,369.22
2887,280.84,290.84
2888,220.62,230.62
2889,339.68,363.68
2890,225.42,235.42
2891,384.73,394.73
2892,84.24,94.24
2893,270.45,294.45
2894,219.3,243.3
2895,173.99,197.99
2896,239.59,263.59
2897,289.91,299.91
2898,183.79,207.79
2899,220.44,230.44
2900,227.63,251.63
2901,219.78,229.78
2902,291.89,301.89
2903,220.4,230.4
2904,225.09,235.09
2905,182.91,206.91
2906,173.65,197.65
2907,99.96,123.96
2908,232.86,256.86
2909,177.4,201.4
2910,317.93,327.93
2911,169.99,193.99
2912,156.0,180.0
2913,159.85,169.85
2914,127.9,151.9
2915,284.07,294.07
2916,279.43,289.43
2917,322.45,332.45
2918,171.62,181.62
2919,152.96,162.96
2920,214.85,224.85
2921,146.05,156.05
2922,313.03,323.03
2923,317.67,327.67
2924,165.69,175.69
2925,246.18,256.18
2926,438.47,448.47
2927,175.48,185.48
2928,130.55,154.55
2929,265.62,289.62
2930,157.26,167.26
2931,108.2,118.2
2932,239.79,249.79
2933,344.53,354.53
2934,204.85,214.85
2935,201.18,225.18
2936,256.21,280.21
2937,139.13,163.13
2938,271.89,281.89
2939,218.93,228.93
2940,285.75,295.75
2941,223.96,233.96
2942,207.01,231.01
2943,295.54,305.54
2944,229.6,239.6
2945,218.69,242.69
2946,234.33,244.33
2947,98.18,122.18
2948,144.76,168.76
2949,305.78,315.78
2950,327.82,351.82
2951,224.07,248.07
2952,316.03,340.03
2953,274.56,298.56
2954,319.55,329.55
2955,335.62,345.62
2956,195.58,205.58
2957,180.22,190.22
2958,50.38,60.38
2959,254.37,264.37
2960,218.94,242.94
2961,196.3,220.3
2962,227.34,237.34
2963,141.42,151.42
2964,194.26,204.26
2965,246.62,256.62
2966,205.4,215.4
2967,240.2,250.2
2968,122.36,146.36
2969,280.58,304.58
2970,239.88,249.88
2971,80.78,104.78
2972,238.14,248.14
2973,214.75,224.75
2974,210.27,220.27
2975,301.03,311.03
2976,214.61,238.61
2977,249.88,259.88
2978,265.98,289.98
2979,292.12,302.12
2980,217.63,241.63
2981,44.25,54.25
2982,140.87,150.87
2983,219.53,229.53
2984,345.05,355.05
2985,317.13,327.13
2986,98.24,108.24
2987,276.12,286.12
2988,335.28,359.28
2989,280.46,290.46
2990,311.98,335.98
2991,288.35,298.35
2992,274.75,284.75
2993,377.36,387.36
2994,179.48,189.48
2995,135.3,159.3
2996,246.06,256.06
2997,237.17,247.17
2998,315.29,325.29
2999,291.17,315.17
3000,204.53,214.53
3001,202.57,212.57
3002,195.92,219.92
3003,212.12,222.12
3004,150.59,160.59
3005,297.8,321.8
3006,147.85,157.85
3007,144.87,154.87
3008,335.32,359.32
3009,171.87,195.87
3010,239.34,249.34
3011,281.79,291.79
3012,288.56,298.56
3013,329.69,353.69
3014,211.71,221.71
3015,226.46,236.46
3016,270.52,294.52
3017,137.71,161.71
3018,171.67,181.67
3019,178.32,202.32
3020,234.03,258.03
3021,281.59,291.59
3022,312.18,322.18
3023,196.34,206.34
3024,217.99,227.99
3025,276.09,286.09
3026,300.16,310.16
3027,323.91,333.91
3028,271.31,281.31
3029,155.77,179.77
3030,320.11,330.11
3031,305.0,315.0
3032,182.49,192.49
3033,180.47,190.47
3034,176.04,200.04
3035,206.32,216.32
3036,156.59,180.59
3037,186.6,196.6
3038,140.53,164.53
3039,77.12,87.12
3040,278.42,302.42
3041,185.71,195.71
3042,232.79,256.79
3043,196.35,206.35
3044,222.98,246.98
3045,274.67,284.67
3046,206.27,216.27
3047,307.3,331.3
3048,255.1,279.1
3049,277.56,287.56
3050,207.42,217.42
3051,206.48,216.48
3052,110.7,120.7
3053,255.87,265.87
3054,140.59,150.59
3055,256.61,280.61
3056,64.62,74.62
3057,127.27,137.27
3058,285.2,295.2
3059,227.54,237.54
3060,139.06,149.06
3061,151.83,175.83
3062,220.14,230.14
3063,222.7,232.7
3064,209.91,219.91
3065,200.71,210.71
3066,117.59,127.59
3067,323.64,347.64
3068,224.51,248.51
3069,197.63,207.63
3070,229.05,253.05
3071,217.49,227.49
3072,300.85,310.85
3073,188.01,198.01
3074,115.21,125.21
3075,213.64,223.64
3076,218.91,242.91
3077,253.86,277.86
3078,167.26,191.26
3079,174.3,184.3
3080,216.73,226.73
3081,251.39,261.39
3082,316.35,326.35
3083,103.06,113.06
3084,341.21,351.21
3085,192.08,202.08
3086,225.19,235.19
3087,287.6,311.6
3088,245.95,255.95
3089,139.31,163.31
3090,242.24,266.24
3091,97.09,107.09
3092,255.1,279.1
3093,173.73,183.73
3094,172.32,196.32
3095,150.97,174.97
3096,274.6,284.6
3097,341.57,351.57
3098,256.3,266.3
3099,463.97,473.97
3100,286.08,310.08
3101,200.61,224.61
3102,264.17,274.17
3103,96.7,120.7
3104,241.59,251.59
3105,333.83,343.83
3106,135.2,159.2
3107,383.86,393.86
3108,335.11,345.11
3109,213.58,237.58
3110,116.54,140.54
3111,184.5,194.5
3112,351.78,375.78
3113,276.37,286.37
3114,200.67,224.67
3115,270.73,280.73
3116,192.17,202.17
3117,309.85,319.85
3118,165.57,175.57
3119,280.34,290.34
3120,308.56,318.56
3121,307.54,331.54
3122,206.05,230.05
3123,171.52,181.52
3124,98.77,108.77
3125,207.34,231.34
3126,205.53,229.53
3127,307.6,317.6
3128,113.15,137.15
3129,217.7,227.7
3130,272.32,296.32
3131,192.39,216.39
3132,202.68,212.68
3133,307.62,317.62
3134,115.71,139.71
3135,190.18,200.18
3136,297.21,307.21
3137,222.7,246.7
3138,209.24,233.24
3139,36.89,60.89
3140,247.03,257.03
3141,233.62,243.62
3142,234.91,244.91
3143,234.89,258.89
3144,210.98,234.98
3145,176.52,200.52
3146,96.66,120.66
3147,316.28,326.28
3148,185.06,195.06
3149,153.35,163.35
3150,86.08,96.08
3151,452.39,476.39
3152,239.57,263.57
3153,183.16,207.16
3154,250.78,260.78
3155,237.05,247.05
3156,191.66,201.66
3157,191.14,215.14
3158,155.34,179.34
3159,131.49,155.49
3160,179.19,189.19
3161,209.19,233.19
3162,199.07,209.07
3163,251.09,275.09
3164,151.54,175.54
3165,237.4,261.4
3166,192.76,216.76
3167,228.88,238.88
3168,186.61,210.61
3169,246.19,256.19
3170,324.8,348.8
3171,109.14,133.14
3172,256.48,266.48
3173,314.6,324.6
3174,312.64,336.64
3175,222.5,232.5
3176,151.8,161.8
3177,96.32,106.32
3178,245.29,269.29
3179,168.97,192.97
3180,217.16,227.16
3181,235.77,245.77
3182,121.68,145.68
3183,176.84,200.84
3184,314.67,324.67
3185,328.93,352.93
3186,238.22,262.22
3187,259.05,269.05
3188,307.18,317.18
3189,251.87,261.87
3190,257.52,267.52
3191,208.46,218.46
3192,199.91,209.91
3193,146.25,170.25
3194,247.81,271.81
3195,234.08,258.08
3196,267.27,277.27
3197,147.38,171.38
3198,283.93,293.93
3199,336.18,346.18
3200,186.53,196.53
3201,206.24,230.24
3202,146.01,156.01
3203,291.95,301.95
3204,304.69,314.69
3205,292.61,302.61
3206,278.63,302.63
3207,250.94,260.94
3208,165.55,189.55
3209,405.99,415.99
3210,174.7,184.7
3211,377.3,401.3
3212,220.3,230.3
3213,191.97,201.97
3214,351.78,375.78
3215,237.11,261.11
3216,268.18,278.18
3217,269.45,279.45
3218,374.27,398.27
3219,259.93,269.93
3220,225.98,235.98
3221,412.81,422.81
3222,240.56,264.56
3223,280.23,304.23
3224,272.62,296.62
3225,254.85,264.85
3226,269.22,293.22
3227,124.2,134.2
3228,290.04,300.04
3229,252.6,262.6
3230,254.31,278.31
3231,297.4,307.4
3232,249.13,259.13
3233,169.13,193.13
3234,183.21,193.21
3235,239.63,249.63
3236,237.25,261.25
3237,174.51,184.51
3238,246.09,256.09
3239,231.25,241.25
3240,152.27,162.27
3241,275.39,299.39
3242,275.13,285.13
3243,209.49,233.49
3244,206.83,216.83
3245,196.1,206.1
3246,236.5,246.5
3247,138.82,148.82
3248,187.61,211.61
3249,257.18,267.18
3250,263.57,273.57
3251,191.92,201.92
3252,145.77,155.77
3253,320.4,330.4
3254,203.24,227.24
3255,295.55,305.55
3256,346.03,356.03
3257,302.4,312.4
3258,247.25,271.25
3259,262.21,286.21
3260,284.95,308.95
3261,146.03,156.03
3262,233.44,243.44
3263,157.25,167.25
3264,275.23,285.23
3265,241.66,265.66
3266,453.82,463.82
3267,144.39,168.39
3268,221.76,231.76
3269,158.87,182.87
3270,104.61,128.61
3271,380.92,404.92
3272,222.53,232.53
3273,313.04,323.04
3274,305.08,315.08
3275,228.65,238.65
3276,130.78,140.78
3277,271.56,281.56
3278,239.62,249.62
3279,56.45,80.45
3280,342.97,366.97
3281,254.02,264.02
3282,150.34,160.34
3283,199.57,209.57
3284,291.37,315.37
3285,340.07,364.07
3286,100.32,110.32
3287,316.39,340.39
3288,292.69,302.69
3289,209.63,233.63
3290,250.9,260.9
3291,214.58,224.58
3292,295.55,319.55
3293,157.51,167.51
3294,181.03,191.03
3295,263.56,273.56
3296,238.72,248.72
3297,182.99,192.99
3298,61.55,71.55
3299,194.83,204.83
3300,93.56,103.56
3301,227.96,251.96
3302,183.37,193.37
3303,137.43,147.43
3304,234.93,244.93
3305,333.43,343.43
3306,183.11,207.11
3307,294.88,304.88
3308,325.93,335.93
3309,207.23,231.23
3310,318.85,328.85
3311,217.5,227.5
3312,125.11,135.11
3313,197.53,207.53
3314,217.86,241.86
3315,116.06,126.06
3316,70.92,94.92
3317,216.61,240.61
3318,416.59,440.59
3319,236.49,246.49
3320,211.77,221.77
3321,357.58,367.58
3322,187.63,211.63
3323,142.4,152.4
3324,219.18,243.18
3325,317.02,327.02
3326,230.21,254.21
3327,195.92,205.92
3328,159.02,169.02
3329,205.2,215.2
3330,172.06,196.06
3331,333.24,343.24
3332,189.78,213.78
3333,226.41,250.41
3334,152.29,176.29
3335,195.1,219.1
3336,155.24,165.24
3337,173.41,183.41
3338,241.3,251.3
3339,319.57,329.57
3340,288.32,298.32
3341,376.77,400.77
3342,297.0,307.0
3343,358.06,368.06
3344,255.37,265.37
3345,234.57,258.57
3346,252.61,276.61
3347,260.34,284.34
3348,310.04,320.04
3349,211.27,221.27
3350,116.31,140.31
3351,376.92,400.92
3352,226.21,236.21
3353,191.26,201.26
3354,377.29,401.29
3355,446.76,456.76
3356,190.65,200.65
3357,354.1,364.1
3358,336.12,360.12
3359,184.65,194.65
3360,215.08,239.08
3361,216.08,240.08
3362,304.57,314.57
3363,199.62,223.62
3364,234.66,258.66
3365,381.79,405.79
3366,48.66,72.66
3367,238.96,248.96
3368,54.71,78.71
3369,229.12,239.12
3370,220.39,230.39
3371,144.5,168.5
3372,251.98,275.98
3373,170.47,194.47
3374,332.83,342.83
3375,233.18,257.18
3376,306.09,316.09
3377,177.07,187.07
3378,351.1,361.1
3379,313.1,323.1
3380,227.48,237.48
3381,202.39,212.39
3382,203.8,227.8
3383,126.41,136.41
3384,189.75,199.75
3385,219.98,229.98
3386,195.74,205.74
3387,153.14,177.14
3388,238.89,248.89
3389,189.45,199.45
3390,173.91,183.91
3391,311.92,335.92
3392,163.69,173.69
3393,154.14,164.14
3394,353.44,377.44
3395,269.25,293.25
3396,169.38,193.38
3397,213.0,223.0
3398,143.63,167.63
3399,265.23,275.23
3400,229.1,239.1
3401,266.81,276.81
3402,141.26,151.26
3403,170.56,180.56
3404,284.39,308.39
3405,321.06,331.06
3406,301.4,325.4
3407,248.75,272.75
3408,298.9,322.9
3409,250.35,260.35
3410,177.33,187.33
3411,186.57,196.57
3412,293.02,317.02
3413,343.48,353.48
3414,132.9,142.9
3415,114.66,138.66
3416,319.21,343.21
3417,235.28,245.28
3418,124.82,134.82
3419,141.66,165.66
3420,175.24,199.24
3421,74.26,98.26
3422,251.88,261.88
3423,249.52,259.52
3424,189.25,213.25
3425,273.69,283.69
3426,209.79,219.79
3427,158.17,168.17
3428,239.15,249.15
3429,205.42,215.42
3430,283.09,293.09
3431,240.77,250.77
3432,132.73,156.73
3433,233.25,257.25
3434,304.12,328.12
3435,312.48,322.48
3436,187.91,197.91
3437,180.15,204.15
3438,171.0,181.0
3439,103.56,113.56
3440,324.92,334.92
3441,203.81,213.81
3442,326.58,336.58
3443,211.28,235.28
3444,266.37,276.37
3445,232.54,242.54
3446,258.14,268.14
3447,103.28,127.28
3448,193.09,203.09
3449,203.24,227.24
3450,260.05,270.05
3451,221.78,245.78
3452,234.02,244.02
3453,209.87,219.87
3454,175.1,185.1
3455,227.79,237.79
3456,299.72,309.72
3457,253.98,263.98
3458,290.84,314.84
3459,285.3,295.3
3460,181.06,191.06
3461,63.97,87.97
3462,213.54,223.54
3463,193.99,203.99
3464,124.48,134.48
3465,161.29,171.29
3466,168.64,192.64
3467,202.16,212.16
3468,273.3,283.3
3469,253.48,277.48
3470,297.18,307.18
3471,64.32,74.32
3472,274.41,298.41
3473,197.59,207.59
3474,157.34,181.34
3475,134.63,144.63
3476,177.12,187.12
3477,174.16,198.16
3478,132.46,156.46
3479,207.77,217.77
3480,375.28,399.28
3481,210.61,220.61
3482,277.88,287.88
3483,186.6,210.6
3484,126.13,136.13
3485,186.47,196.47
3486,208.56,218.56
3487,360.77,384.77
3488,151.13,161.13
3489,179.96,203.96
3490,177.82,201.82
3491,54.45,64.45
3492,255.72,279.72
3493,292.66,302.66
3494,288.7,298.7
3495,221.08,231.08
3496,261.6,271.6
3497,327.15,337.15
3498,252.11,262.11
3499,363.99,373.99
3500,306.6,330.6
3501,227.61,237.61
3502,295.09,305.09
3503,242.73,266.73
3504,261.28,271.28
3505,287.84,297.84
3506,236.58,246.58
3507,131.98,155.98
3508,233.39,243.39
3509,167.89,191.89
3510,331.25,341.25
3511,248.35,258.35
3512,19.56,29.56
3513,354.29,364.29
3514,101.9,111.9
3515,253.73,263.73
3516,198.43,222.43
3517,331.37,341.37
3518,223.34,233.34
3519,198.03,208.03
3520,120.52,130.52
3521,117.72,127.72
3522,103.2,127.2
3523,152.52,162.52
3524,245.93,255.93
3525,165.65,175.65
3526,132.82,142.82
3527,202.39,212.39
3528,126.04,136.04
3529,178.51,188.51
3530,207.86,217.86
3531,257.72,267.72
3532,173.14,197.14
3533,242.63,252.63
3534,287.09,311.09
3535,301.47,325.47
3536,260.63,270.63
3537,221.18,231.18
3538,275.17,299.17
3539,183.62,193.62
3540,269.59,293.59
3541,219.12,229.12
3542,205.0,229.0
3543,143.88,167.88
3544,207.75,217.75
3545,96.8,106.8
3546,308.41,332.41
3547,252.04,276.04
3548,164.34,188.34
3549,202.21,212.21
3550,381.64,391.64
3551,196.78,220.78
3552,305.05,329.05
3553,304.66,328.66
3554,211.65,221.65
3555,183.46,193.46
3556,210.31,234.31
3557,242.8,252.8
3558,378.07,388.07
3559,176.76,186.76
3560,104.26,128.26
3561,193.86,203.86
3562,203.36,213.36
3563,209.37,219.37
3564,281.7,291.7
3565,208.85,218.85
3566,266.55,276.55
3567,223.61,233.61
3568,204.98,228.98
3569,290.86,300.86
3570,213.64,237.64
3571,265.88,275.88
3572,223.83,247.83
3573,286.59,296.59
3574,194.05,218.05
3575,170.7,194.7
3576,248.34,258.34
3577,159.09,183.09
3578,309.7,319.7
3579,310.15,320.15
3580,280.83,304.83
3581,219.8,229.8
3582,260.28,270.28
3583,238.74,262.74
3584,230.4,240.4
3585,200.08,210.08
3586,15.94,25.94
3587,280.01,304.01
3588,173.69,183.69
3589,224.64,234.64
3590,174.1,184.1
3591,236.47,246.47
3592,254.68,278.68
3593,209.71,233.71
3594,244.12,268.12
3595,158.94,168.94
3596,290.02,314.02
3597,328.13,338.13
3598,165.17,189.17
3599,247.09,257.09
3600,234.58,244.58
3601,139.98,149.98
3602,184.73,194.73
3603,249.92,259.92
3604,203.42,213.42
3605,189.18,199.18
3606,278.36,288.36
3607,340.48,364.48
3608,227.36,237.36
3609,285.46,295.46
3610,246.93,270.93
3611,197.88,221.88
3612,192.91,202.91
3613,230.67,254.67
3614,236.66,246.66
3615,260.65,270.65
3616,182.14,206.14
3617,203.74,227.74
3618,260.12,284.12
3619,244.74,254.74
3620,290.45,300.45
3621,172.39,182.39
3622,139.6,163.6
3623,142.94,152.94
3624,177.06,201.06
3625,40.46,50.46
3626,236.05,246.05
3627,316.11,326.11
3628,111.8,121.8
3629,278.18,302.18
3630,417.65,441.65
3631,323.55,347.55
3632,298.62,308.62
3633,117.02,127.02
3634,296.44,306.44
3635,209.8,219.8
3636,140.77,150.77
3637,268.46,278.46
3638,367.62,391.62
3639,175.77,185.77
3640,147.29,171.29
3641,332.14,342.14
3642,172.36,182.36
3643,238.58,248.58
3644,243.87,267.87
3645,306.33,330.33
3646,284.25,294.25
3647,217.12,227.12
3648,273.82,283.82
3649,186.58,196.58
3650,271.59,281.59
3651,213.57,237.57
3652,242.54,266.54
3653,269.44,279.44
3654,213.15,223.15
3655,274.39,298.39
3656,155.13,165.13
3657,253.5,277.5
3658,197.97,207.97
3659,235.56,259.56
3660,284.2,294.2
3661,150.55,160.55
3662,151.26,161.26
3663,307.03,317.03
3664,285.1,309.1
3665,216.61,240.61
3666,256.04,280.04
3667,266.77,276.77
3668,214.93,224.93
3669,135.94,145.94
3670,177.47,187.47
3671,173.29,183.29
3672,170.0,194.0
3673,130.31,154.31
3674,257.22,281.22
3675,274.17,284.17
3676,246.96,270.96
3677,224.35,234.35
3678,334.91,344.91
3679,325.66,349.66
3680,278.88,302.88
3681,405.06,415.06
3682,140.62,164.62
3683,338.85,348.85
3684,295.59,305.59
3685,204.56,228.56
3686,200.75,210.75
3687,298.39,308.39
3688,278.58,288.58
3689,280.04,290.04
3690,247.95,271.95
3691,243.75,253.75
3692,412.45,436.45
3693,156.48,166.48
3694,159.31,169.31
3695,224.19,248.19
3696,268.22,278.22
3697,137.6,147.6
3698,299.38,323.38
3699,97.04,121.04
3700,179.71,189.71
3701,208.9,232.9
3702,257.9,267.9
3703,286.4,296.4
3704,187.77,197.77
3705,216.45,240.45
3706,289.99,299.99
3707,105.53,115.53
3708,235.33,245.33
3709,278.31,288.31
3710,251.98,275.98
3711,183.28,207.28
3712,390.83,400.83
3713,257.09,281.09
3714,223.59,247.59
3715,292.98,302.98
3716,204.63,214.63
3717,280.02,290.02
3718,175.69,185.69
3719,159.68,169.68
3720,207.65,217.65
3721,148.86,158.86
3722,166.73,190.73
3723,138.4,148.4
3724,118.75,142.75
3725,272.74,282.74
3726,178.69,202.69
3727,173.48,197.48
3728,199.74,209.74
3729,263.63,287.63
3730,227.35,237.35
3731,282.07,306.07
3732,171.37,181.37
3733,87.79,97.79
3734,259.96,269.96
3735,249.06,259.06
3736,187.55,211.55
3737,125.23,135.23
3738,202.37,212.37
3739,290.47,300.47
3740,344.24,354.24
3741,368.85,392.85
3742,184.73,208.73
3743,237.15,261.15
3744,190.9,214.9
3745,291.05,301.05
3746,122.11,146.11
3747,248.87,258.87
3748,156.68,180.68
3749,165.69,175.69
3750,224.36,234.36
3751,144.08,168.08
3752,253.57,263.57
3753,232.76,256.76
3754,310.51,320.51
3755,189.61,213.61
3756,391.43,401.43
3757,199.9,223.9
3758,260.93,270.93
3759,161.75,185.75
3760,326.8,350.8
3761,273.35,283.35
3762,196.97,206.97
3763,225.59,235.59
3764,291.34,315.34
3765,246.83,256.83
3766,139.37,163.37
3767,207.09,231.09
3768,243.79,253.79
3769,247.08,271.08
3770,196.57,206.57
3771,240.71,250.71
3772,164.71,174.71
3773,170.18,180.18
3774,181.03,205.03
3775,330.6,340.6
3776,225.59,249.59
3777,128.06,138.06
3778,397.89,421.89
3779,241.93,251.93
3780,187.62,197.62
3781,297.13,307.13
3782,330.51,340.51
3783,236.3,246.3
3784,206.57,230.57
3785,127.1,151.1
3786,287.64,311.64
3787,147.49,157.49
3788,189.76,199.76
3789,89.43,99.43
3790,101.91,111.91
3791,179.01,203.01
3792,229.78,239.78
3793,222.96,246.96
3794,260.17,270.17
3795,306.33,316.33
3796,206.89,230.89
3797,166.59,190.59
3798,248.99,258.99
3799,244.05,268.05
3800,378.72,388.72
3801,216.19,226.19
3802,183.3,193.3
3803,218.14,228.14
3804,168.12,192.12
3805,101.46,125.46
3806,235.13,245.13
3807,169.56,193.56
3808,178.11,188.11
3809,254.15,264.15
3810,223.38,247.38
3811,9.2,19.2
3812,332.96,342.96
3813,206.51,230.51
3814,189.46,199.46
3815,290.52,300.52
3816,306.79,330.79
3817,224.68,234.68
3818,178.6,188.6
3819,215.58,225.58
3820,344.6,354.6
3821,296.69,306.69
3822,149.63,159.63
3823,224.11,248.11
3824,225.73,235.73
3825,271.3,295.3
3826,190.83,214.83
3827,248.7,272.7
3828,233.33,257.33
3829,160.91,184.91
3830,240.48,250.48
3831,234.33,258.33
3832,253.43,263.43
3833,114.76,124.76
3834,375.99,385.99
3835,210.33,220.33
3836,215.44,225.44
3837,319.21,329.21
3838,173.29,197.29
3839,223.5,247.5
3840,118.21,128.21
3841,266.92,276.92
3842,351.57,361.57
3843,92.59,116.59
3844,116.29,140.29
3845,131.39,155.39
3846,182.29,192.29
3847,362.92,372.92
3848,205.26,215.26
3849,211.26,221.26
3850,210.46,220.46
3851,205.63,215.63
3852,287.82,297.82
3853,248.26,258.26
3854,290.89,300.89
3855,256.67,280.67
3856,240.22,264.22
3857,167.79,191.79
3858,267.47,277.47
3859,257.25,267.25
3860,187.57,211.57
3861,167.34,177.34
3862,194.1,204.1
3863,251.73,275.73
3864,94.96,104.96
3865,249.75,273.75
3866,215.29,225.29
3867,186.27,196.27
3868,242.19,252.19
3869,272.83,282.83
3870,115.63,125.63
3871,158.67,168.67
3872,138.13,148.13
3873,187.12,197.12
3874,239.46,263.46
3875,292.78,316.78
3876,182.16,192.16
3877,113.52,137.52
3878,357.44,367.44
3879,285.03,295.03
3880,77.12,101.12
3881,228.06,238.06
3882,371.5,381.5
3883,197.59,207.59
3884,296.27,306.27
3885,217.29,241.29
3886,269.47,293.47
3887,227.12,237.12
3888,209.65,219.65
3889,233.95,243.95
3890,174.54,184.54
3891,260.61,284.61
3892,292.08,302.08
3893,343.38,353.38
3894,162.16,172.16
3895,125.47,135.47
3896,157.34,167.34
3897,280.03,304.03
3898,196.1,206.1
3899,309.4,319.4
3900,186.96,196.96
3901,252.55,276.55
3902,276.27,286.27
3903,192.91,216.91
3904,299.27,309.27
3905,189.05,199.05
3906,424.64,434.64
3907,270.6,280.6
3908,223.07,233.07
3909,120.5,130.5
3910,234.39,258.39
3911,205.56,215.56
3912,186.92,196.92
3913,243.21,253.21
3914,258.06,268.06
3915,219.61,243.61
3916,227.99,237.99
3917,113.23,137.23
3918,231.66,255.66
3919,260.52,270.52
3920,246.88,270.88
3921,130.19,140.19
3922,367.09,377.09
3923,272.61,282.61
3924,197.02,221.02
3925,224.68,234.68
3926,349.04,359.04
3927,208.8,218.8
3928,270.76,294.76
3929,179.81,189.81
3930,346.16,356.16
3931,278.07,288.07
3932,209.26,219.26
3933,228.09,252.09
3934,319.6,329.6
3935,243.23,267.23
3936,52.98,76.98
3937,55.08,65.08
3938,309.41,333.41
3939,283.31,293.31
3940,160.04,170.04
3941,107.26,131.26
3942,260.14,270.14
3943,227.21,251.21
3944,310.7,334.7
3945,76.32,100.32
3946,151.72,161.72
3947,136.7,146.7
3948,271.82,295.82
3949,219.43,243.43
3950,261.09,285.09
3951,248.63,258.63
3952,77.73,101.73
3953,284.22,294.22
3954,129.57,139.57
3955,35.23,45.23
3956,362.87,372.87
3957,126.69,150.69
3958,116.03,140.03
3959,255.81,279.81
3960,221.23,231.23
3961,159.17,169.17
3962,265.07,275.07
3963,197.25,207.25
3964,231.32,241.32
3965,102.17,112.17
3966,326.5,350.5
3967,154.07,178.07
3968,284.02,308.02
3969,144.88,154.88
3970,315.01,325.01
3971,346.92,370.92
3972,154.68,178.68
3973,275.36,285.36
3974,195.19,219.19
3975,276.15,300.15
3976,291.48,301.48
3977,133.09,157.09
3978,269.9,279.9
3979,271.22,295.22
3980,305.59,315.59
3981,79.55,89.55
3982,311.19,335.19
3983,241.69,251.69
3984,175.91,199.91
3985,185.03,195.03
3986,186.02,196.02
3987,351.57,375.57
3988,215.19,225.19
3989,197.54,221.54
3990,172.38,196.38
3991,171.0,181.0
3992,214.34,224.34
3993,289.05,299.05
3994,262.0,272.0
3995,241.04,265.04
3996,134.8,158.8
3997,413.04,437.04
3998,130.46,140.46
3999,299.36,309.36
4000,265.5,289.5
