id_client,age,rappel,suit_compte,depense
1,39,1,1,5.76
2,40,0,0,124.21
3,37,1,1,142.74
4,35,0,1,69.39
5,58,1,1,51.32
6,21,1,1,115.99
7,33,1,1,156.69
8,50,1,1,154.27
9,43,0,0,28.3
10,27,1,1,108.81
11,50,1,1,135.95
12,29,0,1,162.43
13,32,0,0,60.06
14,35,0,0,44.74
15,18,1,1,166.67
16,30,1,1,96.95
17,43,1,1,121.39
18,31,1,1,163.47
19,43,0,0,92.65
20,26,1,1,158.61
21,36,1,1,174.31
22,36,1,1,135.91
23,41,1,1,53.51
24,28,1,1,88.64
25,35,0,1,130.63
26,49,0,1,50.14
27,43,1,1,16.6
28,37,0,0,59.39
29,25,0,0,142.52
30,49,1,1,207.19
31,56,1,0,70.86
32,28,1,1,41.0
33,47,1,0,41.38
34,41,0,0,75.05
35,34,0,0,98.32
36,39,0,1,184.21
37,45,1,1,126.7
38,21,1,1,90.56
39,44,1,1,79.6
40,54,0,1,133.78
41,18,0,1,95.5
42,35,0,0,66.42
43,27,1,0,87.96
44,46,0,0,29.89
45,41,1,1,147.45
46,35,0,0,76.86
47,41,1,1,54.34
48,47,0,1,102.75
49,18,0,0,17.77
50,42,1,1,93.93
51,45,1,1,96.31
52,23,0,0,147.2
53,29,1,1,126.39
54,41,0,1,198.81
55,29,0,1,86.96
56,66,1,1,97.1
57,27,1,1,131.33
58,27,1,1,115.65
59,44,0,0,-3.94
60,32,0,0,92.85
61,44,0,1,135.3
62,27,0,1,134.55
63,46,1,1,90.53
64,33,0,0,68.25
65,48,0,0,75.95
66,44,1,1,132.2
67,29,0,1,61.65
68,20,0,0,60.94
69,34,1,1,89.1
70,44,0,1,144.7
71,52,0,0,20.84
72,49,1,1,138.68
73,27,1,1,138.79
74,32,1,0,59.54
75,28,1,1,223.49
76,44,1,1,135.53
77,40,1,0,198.82
78,23,0,0,90.42
79,31,1,0,26.29
80,25,1,1,95.47
81,23,1,1,139.75
82,29,1,1,66.28
83,35,0,0,96.82
84,45,0,0,95.88
85,57,1,1,131.79
86,24,1,1,140.42
87,31,0,0,29.94
88,44,0,0,58.1
89,34,0,0,140.94
90,30,1,1,0.05
91,35,0,0,61.77
92,31,1,1,169.1
93,33,0,0,123.26
94,42,0,0,49.78
95,41,0,1,54.21
96,35,0,1,150.21
97,74,1,1,53.98
98,28,1,1,85.07
99,33,1,1,68.94
100,43,0,1,142.7
101,30,0,0,11.13
102,39,1,1,98.46
103,40,1,1,63.95
104,44,0,1,151.81
105,44,0,1,59.0
106,32,0,1,146.11
107,31,0,0,81.87
108,35,0,1,83.84
109,35,0,0,27.51
110,22,1,0,36.07
111,35,1,1,152.82
112,28,0,1,63.71
113,51,1,0,-36.37
114,33,0,0,53.36
115,53,0,1,64.94
116,22,1,1,-11.37
117,45,0,0,69.11
118,28,1,1,173.27
119,24,0,0,109.09
120,32,1,1,133.52
121,42,0,0,90.62
122,33,1,0,42.72
123,43,0,0,4.07
124,36,1,1,69.79
125,52,0,1,162.27
126,32,1,1,153.42
127,18,1,1,145.45
128,43,0,0,144.59
129,21,1,1,72.16
130,42,1,1,159.9
131,37,0,0,73.79
132,37,1,1,162.12
133,24,1,1,97.72
134,39,0,1,65.81
135,34,1,1,22.1
136,49,1,1,100.86
137,42,1,0,141.6
138,44,0,0,84.61
139,18,1,1,144.24
140,18,1,0,78.77
141,29,0,1,21.81
142,36,0,0,5.07
143,29,0,0,118.27
144,49,0,0,16.67
145,23,0,1,149.17
146,44,0,1,120.89
147,51,0,1,84.15
148,29,1,1,162.23
149,61,0,0,11.85
150,30,0,1,164.08
151,33,1,0,55.43
152,21,1,1,104.56
153,46,1,1,121.39
154,49,1,1,84.61
155,44,0,0,115.24
156,18,0,1,159.65
157,47,1,1,116.56
158,45,1,1,119.71
159,19,0,0,134.19
160,56,0,0,42.76
161,43,0,1,122.14
162,32,0,1,151.63
163,46,0,1,105.04
164,34,1,1,31.57
165,20,1,0,61.11
166,45,0,0,116.37
167,37,1,1,58.77
168,57,1,0,67.23
169,33,1,1,61.28
170,47,1,1,82.98
171,34,0,0,106.68
172,27,0,0,24.4
173,32,0,0,18.48
174,18,0,1,141.2
175,31,0,1,100.17
176,29,0,1,137.17
177,53,0,0,57.5
178,51,0,1,42.4
179,63,0,0,-23.68
180,39,0,0,23.62
181,39,1,1,102.71
182,31,0,0,50.01
183,43,0,1,53.04
184,31,0,1,192.28
185,42,0,1,36.73
186,23,0,0,137.2
187,54,0,1,78.84
188,40,1,0,-41.24
189,30,1,1,13.15
190,22,0,1,99.74
191,39,0,0,-61.73
192,38,1,1,196.09
193,46,0,0,36.07
194,33,1,0,110.15
195,65,0,0,29.78
196,33,0,0,153.09
197,58,0,1,92.72
198,33,1,0,-6.71
199,37,1,0,-65.7
200,18,0,1,109.02
201,33,0,0,92.75
202,46,1,1,121.42
203,29,1,1,132.86
204,50,0,1,107.26
205,36,0,1,202.59
206,35,0,0,51.72
207,36,0,1,111.08
208,37,0,1,125.25
209,45,1,1,96.77
210,30,0,0,113.72
211,23,0,0,92.67
212,56,1,1,53.51
213,39,1,1,176.34
214,31,1,0,202.46
215,33,0,1,110.96
216,43,1,1,127.4
217,30,0,1,84.32
218,48,0,0,70.71
219,27,0,0,36.96
220,38,1,1,84.29
221,22,1,1,78.26
222,41,1,0,70.82
223,38,0,0,44.85
224,42,1,1,66.03
225,29,0,1,160.59
226,23,0,1,108.2
227,33,1,1,116.6
228,25,1,1,213.97
229,42,1,0,84.73
230,48,0,1,80.58
231,31,0,1,131.38
232,18,1,1,79.53
233,31,1,0,8.99
234,54,1,1,93.98
235,30,1,1,162.97
236,43,0,0,153.13
237,41,1,1,109.84
238,39,1,1,69.56
239,47,0,0,104.47
240,26,0,0,48.84
241,33,0,1,167.32
242,39,1,1,101.01
243,18,0,0,73.94
244,30,0,0,88.96
245,35,0,0,5.07
246,41,1,0,-2.41
247,26,1,1,181.88
248,40,0,0,106.77
249,21,1,1,137.49
250,26,0,0,23.45
251,38,1,1,165.13
252,35,0,0,126.75
253,46,0,1,60.12
254,27,1,1,142.41
255,45,0,1,107.55
256,50,0,0,59.04
257,41,1,0,124.14
258,24,1,1,99.5
259,40,1,1,188.64
260,42,1,1,91.57
261,41,1,1,138.81
262,18,1,1,43.74
263,30,0,1,15.29
264,43,1,1,188.84
265,26,0,0,55.56
266,31,1,1,168.21
267,37,0,0,45.25
268,49,1,1,69.08
269,51,1,1,44.57
270,38,0,0,50.94
271,25,1,0,26.73
272,34,1,1,106.05
273,33,1,1,120.8
274,50,0,0,107.64
275,18,0,1,213.7
276,47,1,1,125.5
277,32,1,1,69.41
278,26,0,1,174.15
279,42,0,1,42.23
280,51,1,1,-3.85
281,44,1,1,188.84
282,43,1,1,99.28
283,48,0,0,78.4
284,60,1,1,62.5
285,34,0,0,113.66
286,37,0,0,86.56
287,33,0,0,164.59
288,44,0,1,156.18
289,36,1,1,27.31
290,21,0,0,73.14
291,50,1,1,43.68
292,20,0,0,103.25
293,62,1,1,125.06
294,18,1,1,82.88
295,34,0,0,35.5
296,44,0,0,2.91
297,33,0,0,15.57
298,46,1,0,28.62
299,41,0,0,0.36
300,18,0,0,95.74
301,41,0,0,101.13
302,57,0,1,93.26
303,38,1,1,63.05
304,31,1,1,30.01
305,38,0,1,145.44
306,31,0,1,105.37
307,51,1,1,157.78
308,35,1,1,157.71
309,54,0,0,21.71
310,28,0,1,82.21
311,24,0,1,112.8
312,28,1,1,12.94
313,22,1,1,136.74
314,72,1,1,78.63
315,31,1,1,83.35
316,25,0,0,135.5
317,55,1,1,40.95
318,38,1,1,71.37
319,18,1,0,15.18
320,20,1,1,95.03
321,20,1,1,134.84
322,35,0,0,25.78
323,37,1,0,96.29
324,46,1,1,92.88
325,41,0,1,67.68
326,35,1,1,88.1
327,55,0,1,102.21
328,60,0,1,131.61
329,18,1,1,117.45
330,30,1,1,97.63
331,52,1,0,30.41
332,24,0,0,82.46
333,34,0,0,93.52
334,44,0,1,81.66
335,42,0,1,88.42
336,31,0,0,78.01
337,62,0,0,70.44
338,46,0,0,124.44
339,27,1,1,127.68
340,18,1,1,63.51
341,33,0,1,75.5
342,18,1,1,91.57
343,30,1,0,83.74
344,37,0,0,95.75
345,48,0,0,145.33
346,46,0,1,156.1
347,46,0,1,51.4
348,34,1,1,111.75
349,27,1,1,91.96
350,32,0,1,166.36
351,51,0,0,18.53
352,36,0,1,100.19
353,42,0,1,-22.52
354,40,0,0,27.61
355,25,1,0,57.45
356,18,0,0,53.48
357,42,0,1,162.65
358,30,1,1,85.92
359,50,1,1,97.65
360,44,1,1,121.71
361,37,0,1,178.5
362,28,1,1,69.3
363,37,1,1,36.29
364,38,0,1,72.58
365,29,0,0,-41.84
366,42,1,1,149.48
367,49,1,1,51.53
368,43,1,1,117.53
369,32,1,1,132.98
370,41,0,0,84.44
371,60,1,1,90.27
372,38,0,1,34.22
373,46,1,1,101.34
374,50,1,1,52.73
375,22,1,1,119.89
376,54,1,1,115.26
377,50,0,0,56.38
378,36,1,1,167.51
379,39,1,1,81.85
380,32,1,1,87.0
381,52,1,1,141.86
382,54,1,1,130.68
383,26,1,1,125.14
384,24,0,1,97.23
385,38,1,1,64.81
386,18,0,1,85.37
387,25,0,0,69.68
388,20,0,0,128.22
389,21,0,1,92.81
390,47,0,1,20.77
391,39,0,0,41.8
392,18,1,0,35.32
393,64,0,0,36.3
394,18,1,0,94.9
395,24,0,1,118.86
396,19,1,1,119.96
397,46,1,1,131.17
398,45,0,0,147.11
399,38,0,1,142.56
400,27,0,1,163.77
401,35,0,0,107.93
402,25,1,1,160.35
403,58,1,1,137.82
404,56,0,0,28.82
405,18,0,0,90.83
406,61,1,1,83.13
407,37,1,0,114.89
408,46,0,0,42.01
409,44,1,1,168.63
410,61,0,0,33.88
411,35,1,1,118.71
412,34,1,1,172.44
413,22,0,0,54.2
414,47,0,1,73.46
415,21,0,0,133.36
416,31,1,1,72.25
417,18,0,0,113.41
418,26,1,1,117.79
419,39,0,0,56.5
420,49,0,0,10.05
421,47,0,0,117.64
422,31,1,1,58.24
423,51,1,1,185.77
424,28,1,0,4.48
425,27,1,0,104.79
426,41,1,0,55.53
427,41,1,0,16.75
428,22,1,1,116.19
429,27,0,0,108.98
430,38,1,0,73.74
431,31,1,0,128.07
432,25,1,0,88.61
433,30,0,0,51.49
434,23,1,1,212.35
435,35,1,1,186.28
436,30,1,1,190.68
437,30,0,0,61.73
438,68,1,1,15.57
439,46,1,1,148.91
440,52,1,1,44.86
441,27,0,0,66.26
442,33,0,1,88.65
443,54,1,1,93.18
444,36,1,1,118.13
445,26,0,1,-4.66
446,27,0,0,98.64
447,42,0,0,65.2
448,41,0,0,147.24
449,53,0,0,132.44
450,43,1,1,129.09
451,34,0,0,94.57
452,26,0,1,219.52
453,34,0,1,58.3
454,46,0,0,123.13
455,47,0,0,1.74
456,48,1,1,31.46
457,44,0,1,59.52
458,23,1,0,10.16
459,27,0,0,-11.38
460,40,0,1,173.43
461,44,1,1,129.89
462,37,1,1,178.01
463,18,1,1,93.25
464,23,1,0,44.06
465,38,1,1,114.85
466,31,1,1,53.32
467,26,1,1,86.14
468,45,1,1,77.78
469,35,1,0,56.7
470,38,1,1,257.22
471,28,0,0,11.96
472,24,1,1,55.43
473,49,0,1,131.74
474,42,0,0,123.45
475,18,1,1,68.77
476,38,1,1,38.66
477,51,1,1,108.05
478,18,1,1,101.12
479,37,1,0,30.22
480,34,0,0,73.61
481,30,1,1,120.02
482,49,0,0,92.45
483,29,1,1,172.38
484,22,1,1,102.5
485,33,0,1,110.59
486,54,1,1,133.5
487,59,0,1,98.22
488,44,1,1,62.51
489,42,1,1,120.45
490,50,1,1,172.12
491,18,1,1,67.34
492,41,0,1,72.24
493,46,1,1,170.87
494,28,0,0,81.02
495,31,1,0,36.26
496,41,0,0,107.3
497,44,0,1,135.9
498,31,0,0,79.27
499,32,0,1,173.57
500,29,0,1,158.23
501,26,0,1,138.38
502,27,0,0,41.78
503,23,0,0,69.72
504,43,1,1,50.84
505,25,1,1,149.39
506,25,1,1,68.28
507,47,0,0,110.19
508,30,1,1,144.87
509,43,1,1,108.65
510,47,1,1,56.5
511,31,0,1,216.04
512,28,0,1,143.94
513,47,0,1,85.39
514,44,1,1,55.99
515,28,1,1,128.73
516,34,1,0,123.2
517,31,0,0,134.69
518,38,0,0,114.68
519,34,1,1,35.33
520,26,0,1,77.36
521,40,1,1,148.57
522,29,1,1,131.54
523,49,1,0,77.05
524,24,0,0,71.66
525,30,1,0,46.64
526,36,0,0,30.25
527,30,0,0,116.28
528,48,1,1,129.48
529,52,0,0,55.58
530,37,0,0,-0.6
531,22,0,0,98.64
532,24,0,1,90.81
533,21,0,0,58.41
534,33,0,1,123.42
535,18,1,0,65.72
536,41,1,1,128.59
537,43,0,0,-13.05
538,43,0,0,162.13
539,27,0,0,41.52
540,39,1,1,35.96
541,50,1,1,61.56
542,54,0,0,-22.42
543,28,1,1,164.51
544,43,0,1,206.65
545,38,0,0,162.91
546,18,1,1,172.2
547,51,1,1,75.54
548,28,0,0,27.32
549,56,0,1,85.22
550,36,0,1,114.35
551,41,0,0,99.35
552,45,0,0,39.99
553,28,1,1,191.63
554,31,0,1,94.65
555,43,1,1,189.42
556,61,0,0,142.3
557,27,1,1,94.93
558,41,0,0,9.92
559,40,0,0,52.75
560,47,0,0,131.63
561,53,0,1,-28.02
562,33,0,1,172.97
563,18,0,0,51.72
564,26,0,0,81.1
565,19,0,0,48.99
566,27,0,0,71.27
567,40,0,1,104.29
568,23,0,0,47.78
569,42,0,0,22.99
570,46,0,0,102.16
571,39,0,1,18.26
572,47,0,0,62.46
573,52,0,0,110.94
574,39,1,1,167.98
575,34,1,1,134.17
576,18,1,0,30.5
577,39,1,1,21.16
578,40,0,0,88.04
579,26,0,1,98.58
580,42,0,0,121.92
581,28,1,1,112.83
582,36,1,1,80.28
583,37,0,1,90.0
584,30,1,1,138.93
585,56,1,1,20.38
586,28,0,0,65.86
587,26,1,1,128.69
588,35,1,0,137.22
589,52,0,1,23.44
590,34,0,0,29.79
591,39,0,0,82.87
592,44,0,0,98.85
593,31,0,0,104.81
594,35,0,1,118.92
595,35,0,1,138.88
596,32,0,0,79.92
597,46,0,0,63.08
598,18,1,1,154.96
599,49,1,1,-37.69
600,32,1,0,17.75
601,27,0,0,58.39
602,37,0,1,4.71
603,24,1,1,0.25
604,22,0,0,103.31
605,38,1,1,84.17
606,30,0,1,142.55
607,31,0,0,57.7
608,22,1,1,86.13
609,52,1,0,166.24
610,47,1,0,-9.72
611,40,1,1,81.81
612,26,0,0,-61.27
613,34,1,1,102.68
614,47,0,1,142.22
615,63,1,1,128.16
616,52,1,1,53.99
617,22,1,1,90.9
618,18,0,1,42.34
619,31,0,1,108.25
620,57,0,1,62.67
621,42,0,1,143.38
622,41,0,0,67.49
623,22,0,0,137.13
624,44,1,1,147.51
625,28,1,1,138.17
626,29,0,0,99.23
627,54,0,1,195.51
628,25,1,1,145.88
629,39,1,1,19.9
630,46,1,1,69.71
631,29,0,0,155.5
632,44,1,1,86.36
633,32,1,1,124.0
634,40,0,0,34.02
635,68,1,1,36.97
636,49,0,1,165.57
637,43,1,1,119.59
638,47,0,0,64.83
639,31,0,0,99.31
640,42,0,0,124.64
641,37,0,0,-37.01
642,29,0,0,40.67
643,43,1,1,114.2
644,40,1,0,92.82
645,32,0,1,200.42
646,30,0,1,175.2
647,43,1,1,115.68
648,32,0,0,36.88
649,18,0,1,38.52
650,32,1,1,-30.91
651,48,0,0,37.79
652,42,0,1,146.14
653,25,1,1,52.56
654,39,1,1,81.92
655,36,1,1,61.11
656,51,1,0,26.1
657,33,0,1,96.07
658,36,1,1,230.28
659,18,0,0,123.24
660,31,1,1,48.08
661,51,1,1,2.82
662,25,1,0,38.14
663,26,1,1,148.41
664,56,1,1,111.23
665,39,0,0,154.2
666,37,1,0,16.44
667,33,0,1,79.09
668,35,1,1,178.44
669,37,0,1,-24.97
670,32,0,0,107.18
671,46,0,0,70.89
672,36,0,1,96.36
673,30,0,1,106.05
674,43,1,1,129.9
675,44,0,0,145.39
676,42,1,0,44.39
677,31,1,1,77.86
678,38,1,1,247.79
679,26,0,0,62.61
680,53,1,1,80.44
681,71,0,0,17.04
682,43,0,0,191.32
683,43,0,1,51.81
684,29,0,0,101.51
685,37,1,1,38.86
686,23,1,1,63.07
687,26,1,1,104.25
688,27,0,0,26.84
689,45,1,0,-2.73
690,18,0,1,162.41
691,45,1,1,98.1
692,41,0,0,72.48
693,56,0,0,52.28
694,18,1,1,112.8
695,36,1,1,148.71
696,40,0,0,56.11
697,32,0,1,211.83
698,46,1,1,143.28
699,47,0,1,160.88
700,35,1,1,139.05
701,33,0,0,23.59
702,53,0,1,74.95
703,22,1,1,61.31
704,44,1,1,103.41
705,24,1,0,19.32
706,39,1,1,69.34
707,18,0,0,117.08
708,48,0,1,18.16
709,35,1,1,179.81
710,33,1,0,91.18
711,57,0,1,161.17
712,28,1,1,131.34
713,42,0,0,42.16
714,33,1,1,67.31
715,44,1,0,57.4
716,18,1,1,105.92
717,48,0,1,105.04
718,22,1,0,43.19
719,34,0,1,159.62
720,28,1,1,139.41
721,31,1,0,87.68
722,35,0,1,137.76
723,46,1,1,129.59
724,38,0,0,39.21
725,43,0,1,96.74
726,44,0,1,14.18
727,57,1,1,17.58
728,38,0,1,106.37
729,35,1,0,84.08
730,46,0,1,175.97
731,45,1,1,191.76
732,51,0,1,97.97
733,51,1,1,44.89
734,37,1,1,40.63
735,41,0,0,53.98
736,37,0,0,44.23
737,26,0,0,137.16
738,31,1,1,102.42
739,39,0,1,88.87
740,33,1,1,143.7
741,45,1,0,46.49
742,41,0,1,146.46
743,23,1,1,140.72
744,37,1,1,121.11
745,36,0,0,138.0
746,45,1,1,88.97
747,45,1,1,106.97
748,21,1,0,127.67
749,58,1,1,51.66
750,20,0,0,66.76
751,43,0,0,58.61
752,28,0,0,53.99
753,33,0,0,72.32
754,36,0,1,157.76
755,54,0,0,-1.03
756,35,0,0,33.22
757,52,1,1,63.64
758,42,1,0,-4.37
759,36,1,1,75.77
760,44,1,0,-48.29
761,38,1,1,80.72
762,59,0,0,48.78
763,18,1,1,177.06
764,41,0,1,167.08
765,18,0,0,82.1
766,33,1,1,126.5
767,31,1,0,5.36
768,58,0,0,41.59
769,35,0,1,161.33
770,29,1,1,142.4
771,59,0,0,71.17
772,48,1,1,9.49
773,36,0,1,105.77
774,28,1,0,-35.18
775,39,0,1,177.12
776,35,1,1,124.73
777,43,1,1,125.33
778,65,1,1,141.6
779,18,1,1,135.52
780,38,1,0,74.96
781,30,1,1,30.54
782,67,1,1,81.62
783,18,1,0,61.28
784,46,1,1,76.94
785,50,0,0,9.2
786,44,0,0,55.85
787,30,0,0,98.6
788,29,1,1,74.49
789,46,1,1,60.9
790,20,0,1,177.95
791,22,1,1,156.79
792,40,0,1,89.56
793,38,0,1,93.56
794,30,1,1,67.82
795,22,1,1,49.1
796,47,0,0,59.29
797,26,1,0,91.4
798,58,0,1,111.09
799,27,1,1,169.19
800,51,1,1,92.16
801,31,0,0,101.04
802,37,1,1,46.58
803,25,1,1,57.47
804,33,0,0,114.06
805,48,0,0,84.0
806,32,0,1,124.64
807,39,0,0,65.42
808,26,0,0,20.89
809,37,1,0,22.38
810,38,1,1,63.68
811,31,1,1,77.02
812,26,0,1,118.83
813,52,0,1,99.66
814,57,1,0,134.9
815,39,0,0,112.48
816,44,1,1,147.24
817,44,1,0,110.83
818,34,0,0,58.34
819,41,0,0,12.88
820,20,1,0,60.03
821,47,1,1,43.14
822,47,1,1,104.88
823,36,0,1,148.41
824,33,1,1,147.46
825,38,1,1,105.82
826,23,1,1,166.6
827,30,0,0,23.38
828,37,1,1,120.31
829,61,1,1,100.44
830,24,1,0,46.63
831,37,1,0,15.95
832,41,0,1,19.78
833,47,0,0,126.86
834,39,0,0,2.11
835,36,0,0,126.59
836,45,1,0,62.48
837,18,0,0,85.13
838,39,1,1,40.12
839,26,1,1,23.43
840,45,1,1,52.36
841,43,1,1,120.73
842,29,0,0,28.54
843,56,0,1,125.42
844,52,1,1,97.0
845,36,0,0,56.19
846,18,1,0,12.39
847,42,0,1,135.58
848,47,1,1,71.55
849,18,1,1,145.27
850,41,0,0,34.28
851,20,0,0,29.12
852,32,0,1,81.57
853,64,1,0,-25.25
854,54,0,0,66.41
855,21,0,0,76.79
856,26,1,0,92.56
857,45,0,0,61.89
858,51,1,0,-17.53
859,28,1,0,63.75
860,45,0,0,-1.75
861,39,0,1,138.21
862,36,1,1,74.18
863,38,1,1,12.03
864,24,0,1,129.5
865,43,0,1,142.61
866,27,0,1,92.28
867,45,0,1,127.04
868,30,0,1,98.44
869,35,1,1,136.68
870,47,0,0,114.89
871,25,1,1,118.72
872,20,1,1,98.67
873,28,0,0,56.05
874,18,1,1,44.26
875,35,1,1,82.17
876,36,0,1,115.6
877,28,0,1,134.08
878,40,1,0,84.21
879,21,0,0,2.18
880,46,1,1,109.97
881,43,1,1,107.88
882,40,0,1,81.82
883,38,1,1,105.63
884,43,1,1,190.83
885,44,0,0,24.47
886,49,1,1,153.4
887,31,1,1,96.84
888,18,1,1,134.85
889,43,0,0,98.86
890,48,1,1,110.17
891,30,1,1,129.68
892,42,1,0,88.18
893,53,0,1,90.76
894,34,1,1,74.63
895,32,0,0,25.77
896,48,1,1,185.0
897,54,0,1,84.08
898,35,1,1,82.66
899,41,1,1,8.7
900,18,0,1,113.58
901,23,1,1,88.88
902,42,1,1,129.9
903,38,1,1,147.93
904,31,1,1,195.34
905,22,0,0,-22.42
906,52,0,0,-3.17
907,42,1,1,60.46
908,26,1,0,132.16
909,30,1,1,66.22
910,21,0,1,90.55
911,20,1,1,79.65
912,18,1,1,106.54
913,30,1,0,33.91
914,30,1,1,124.66
915,28,0,0,121.71
916,50,0,1,113.8
917,45,0,0,76.21
918,47,0,0,93.08
919,41,1,1,144.17
920,34,0,0,96.1
921,44,1,1,86.55
922,31,0,0,18.01
923,38,0,1,101.82
924,50,1,1,132.11
925,37,0,1,63.17
926,33,0,0,130.21
927,36,1,0,140.55
928,28,0,1,121.79
929,45,1,1,94.08
930,18,1,1,48.92
931,57,0,1,109.97
932,30,0,0,120.2
933,18,1,0,156.1
934,29,1,1,207.97
935,33,1,0,47.02
936,32,0,1,168.32
937,47,0,0,17.86
938,34,0,1,149.52
939,21,1,0,18.29
940,45,1,1,35.36
941,18,1,1,116.89
942,55,0,0,-42.46
943,36,0,1,216.46
944,19,0,1,55.22
945,37,0,1,148.49
946,52,1,1,90.02
947,54,0,1,117.67
948,40,0,0,63.81
949,44,1,1,113.98
950,25,1,1,50.42
951,46,1,1,78.34
952,32,0,0,33.49
953,18,1,1,156.76
954,27,1,0,35.27
955,52,1,1,115.23
956,35,0,0,93.16
957,35,0,1,82.83
958,43,0,1,71.62
959,38,0,1,100.85
960,65,1,0,70.72
961,24,0,1,229.99
962,28,1,1,107.81
963,23,1,1,155.34
964,31,0,1,80.98
965,27,0,0,85.87
966,45,0,1,117.93
967,50,1,1,106.28
968,41,0,1,166.33
969,58,0,1,99.76
970,30,0,0,10.37
971,58,1,1,74.57
972,32,0,0,63.69
973,26,1,1,147.56
974,40,0,0,61.29
975,18,1,1,119.62
976,28,0,0,94.94
977,37,1,1,55.23
978,25,1,1,161.27
979,23,0,1,145.34
980,46,0,0,39.88
981,50,0,0,21.72
982,39,1,1,117.15
983,19,0,0,103.18
984,38,0,1,133.69
985,34,1,1,199.64
986,18,1,1,126.89
987,45,0,0,90.0
988,30,0,0,161.49
989,35,0,0,118.67
990,45,0,0,93.44
991,18,0,1,141.09
992,31,0,1,83.23
993,32,1,1,112.53
994,44,1,1,105.83
995,18,1,1,203.63
996,28,1,1,192.15
997,51,0,0,118.76
998,48,0,1,88.22
999,44,1,1,71.23
1000,39,0,1,89.78
1001,43,1,0,20.71
1002,51,1,0,19.27
1003,33,0,0,56.62
1004,32,1,0,34.53
1005,18,1,1,80.47
1006,36,0,0,75.17
1007,41,1,0,-101.16
1008,32,0,0,136.35
1009,41,0,0,117.36
1010,32,0,1,75.65
1011,43,0,1,2.0
1012,42,1,0,-9.06
1013,35,1,0,-1.6
1014,39,1,0,57.26
1015,53,1,1,76.22
1016,50,0,0,2.12
1017,35,0,1,79.4
1018,39,1,1,233.29
1019,45,0,1,86.25
1020,33,0,1,94.17
1021,54,0,0,64.12
1022,57,0,1,93.61
1023,34,1,1,111.11
1024,29,1,1,112.06
1025,39,1,1,161.36
1026,53,1,1,135.68
1027,28,0,0,57.52
1028,66,0,1,63.41
1029,53,1,1,178.13
1030,24,0,0,55.5
1031,35,0,0,32.58
1032,46,0,1,153.52
1033,48,0,1,124.71
1034,42,1,1,70.89
1035,21,1,1,155.55
1036,39,1,1,51.02
1037,52,0,0,42.33
1038,52,1,0,13.71
1039,38,1,1,119.65
1040,41,1,1,145.03
1041,39,0,0,122.55
1042,24,1,1,59.48
1043,26,1,1,120.0
1044,47,0,0,48.31
1045,25,0,0,72.69
1046,51,1,1,160.12
1047,40,0,0,42.77
1048,30,0,1,121.08
1049,39,0,0,118.09
1050,61,0,1,77.41
1051,40,0,1,97.7
1052,38,0,1,107.06
1053,60,1,1,111.57
1054,37,1,1,194.53
1055,27,1,1,130.2
1056,38,1,1,85.94
1057,50,1,0,100.24
1058,26,0,0,139.06
1059,22,0,0,60.97
1060,25,1,1,98.77
1061,60,1,1,97.58
1062,50,0,0,165.04
1063,26,1,1,214.7
1064,28,1,1,148.91
1065,54,0,0,43.25
1066,33,1,0,208.69
1067,49,0,0,57.89
1068,41,0,0,92.46
1069,35,0,1,142.6
1070,44,0,1,192.74
1071,28,0,0,59.29
1072,56,0,1,9.71
1073,28,0,0,170.75
1074,33,1,1,111.79
1075,38,1,1,182.03
1076,38,0,1,174.66
1077,33,1,1,146.46
1078,48,1,1,105.94
1079,43,0,0,100.49
1080,30,1,1,81.5
1081,46,1,1,48.95
1082,36,0,0,105.29
1083,48,0,1,99.25
1084,61,1,1,-71.68
1085,41,1,1,142.32
1086,42,1,1,140.97
1087,29,0,0,21.46
1088,54,0,0,123.88
1089,23,0,1,92.28
1090,38,0,0,135.05
1091,35,0,1,59.14
1092,26,0,0,57.47
1093,23,1,1,58.83
1094,29,1,1,109.79
1095,38,0,1,81.32
1096,45,0,1,88.22
1097,28,1,1,80.64
1098,32,1,1,26.04
1099,30,0,0,9.2
1100,21,0,0,81.0
1101,40,1,1,77.91
1102,48,1,1,59.64
1103,32,0,1,182.33
1104,47,0,1,124.15
1105,35,1,1,76.07
1106,28,1,1,187.55
1107,29,0,1,109.8
1108,30,0,0,127.62
1109,39,0,1,71.48
1110,50,1,1,137.05
1111,32,0,1,179.74
1112,46,1,1,93.08
1113,37,1,1,194.85
1114,23,1,1,121.55
1115,18,1,1,111.93
1116,31,0,0,140.94
1117,25,0,0,41.32
1118,47,0,0,-3.46
1119,49,0,0,140.71
1120,35,1,1,124.82
1121,35,0,0,73.39
1122,35,0,1,199.61
1123,26,0,0,120.94
1124,38,0,0,-4.34
1125,49,1,1,102.5
1126,34,1,1,179.56
1127,64,1,1,78.58
1128,32,1,1,101.58
1129,18,0,0,41.46
1130,36,1,1,99.19
1131,32,0,0,35.89
1132,70,1,0,-52.36
1133,29,0,0,99.9
1134,49,1,1,50.47
1135,26,1,0,69.07
1136,34,1,1,145.21
1137,31,0,0,82.24
1138,21,1,1,106.06
1139,38,1,0,35.53
1140,30,0,1,68.56
1141,48,0,0,91.72
1142,34,0,0,76.37
1143,41,1,0,83.62
1144,54,0,1,138.81
1145,33,0,0,71.35
1146,27,0,0,116.9
1147,51,0,1,149.25
1148,43,1,1,145.37
1149,43,0,1,124.74
1150,29,1,1,105.52
1151,29,1,1,129.84
1152,32,1,1,112.74
1153,37,0,1,170.99
1154,44,0,1,112.74
1155,60,0,0,51.51
1156,39,1,1,79.0
1157,40,1,1,158.85
1158,61,1,1,81.92
1159,45,1,1,130.19
1160,38,0,0,-44.91
1161,26,0,1,147.32
1162,21,1,1,194.49
1163,50,0,0,49.17
1164,48,1,1,73.95
1165,47,1,1,98.21
1166,45,0,1,109.72
1167,52,1,1,79.8
1168,42,0,0,58.08
1169,32,0,0,95.05
1170,31,0,0,58.63
1171,26,1,1,95.56
1172,36,0,0,60.81
1173,33,0,0,89.98
1174,32,1,1,144.81
1175,46,0,1,135.03
1176,32,1,1,255.58
1177,38,0,1,158.34
1178,35,1,0,73.86
1179,33,0,0,137.49
1180,25,1,0,92.14
1181,57,1,1,70.11
1182,37,0,1,62.37
1183,47,1,1,87.37
1184,33,1,1,102.95
1185,25,0,0,117.88
1186,58,1,1,119.5
1187,32,1,1,115.77
1188,40,1,1,74.75
1189,42,0,0,58.82
1190,45,1,1,185.67
1191,35,1,1,48.82
1192,39,1,1,67.17
1193,32,1,1,72.94
1194,47,0,1,170.01
1195,43,0,0,63.4
1196,34,0,1,57.81
1197,59,0,0,47.38
1198,43,0,1,108.82
1199,28,1,0,61.26
1200,22,0,0,179.36
1201,33,0,1,-7.99
1202,29,1,1,135.02
1203,28,1,1,116.68
1204,45,0,0,100.35
1205,43,1,0,51.43
1206,32,0,1,191.37
1207,40,1,0,65.38
1208,60,0,1,141.24
1209,36,0,0,64.31
1210,21,1,1,150.48
1211,18,1,1,128.97
1212,22,1,1,117.12
1213,44,1,1,98.02
1214,37,0,1,99.98
1215,40,1,1,58.54
1216,19,0,0,79.56
1217,29,1,1,108.56
1218,41,1,1,71.29
1219,26,0,1,32.76
1220,31,0,1,32.79
1221,35,1,0,-6.05
1222,45,1,1,131.19
1223,38,0,0,144.98
1224,29,0,0,113.37
1225,34,1,1,70.91
1226,51,0,0,-2.19
1227,54,1,0,13.68
1228,36,0,1,76.87
1229,38,1,1,119.94
1230,32,1,0,-36.82
1231,21,1,1,206.28
1232,60,0,0,48.44
1233,33,1,1,32.75
1234,44,1,0,24.52
1235,20,1,1,94.8
1236,35,1,1,155.41
1237,30,0,1,138.81
1238,39,0,0,94.5
1239,31,1,1,156.4
1240,38,0,0,60.8
1241,27,0,1,211.34
1242,26,0,0,33.29
1243,55,0,0,64.06
1244,36,1,1,93.82
1245,29,0,1,152.4
1246,30,0,0,64.37
1247,18,1,0,126.51
1248,28,0,1,124.9
1249,39,1,1,105.41
1250,32,1,0,32.2
1251,53,1,1,127.57
1252,43,1,1,64.95
1253,18,1,1,120.25
1254,24,0,1,202.87
1255,23,1,1,117.69
1256,27,0,0,102.96
1257,31,0,0,155.4
1258,47,1,1,151.26
1259,26,0,0,32.91
1260,23,1,0,6.88
1261,38,0,1,83.92
1262,37,1,1,100.8
1263,28,0,0,83.12
1264,39,1,0,125.17
1265,29,0,1,164.1
1266,40,1,0,53.6
1267,65,1,1,29.73
1268,32,1,1,83.37
1269,36,1,0,89.66
1270,34,1,1,142.22
1271,57,0,0,70.39
1272,38,1,1,132.67
1273,51,0,1,71.41
1274,45,0,1,115.58
1275,33,0,1,167.61
1276,29,1,0,39.51
1277,44,0,1,157.94
1278,51,0,0,23.05
1279,32,1,1,130.77
1280,56,1,1,-2.67
1281,53,0,1,22.07
1282,42,1,1,75.97
1283,31,0,0,176.1
1284,18,0,1,165.1
1285,46,1,1,122.57
1286,18,1,1,87.12
1287,33,1,1,55.8
1288,22,0,0,94.64
1289,24,1,1,66.72
1290,34,1,0,57.99
1291,50,0,1,58.97
1292,18,1,1,99.15
1293,31,0,0,-3.21
1294,32,1,1,7.66
1295,32,0,1,100.15
1296,30,1,1,68.19
1297,27,1,1,63.37
1298,27,1,1,183.65
1299,21,0,0,135.36
1300,53,0,1,64.44
1301,30,0,0,69.63
1302,22,1,1,86.36
1303,33,1,1,142.82
1304,35,0,1,10.37
1305,34,1,1,100.58
1306,40,1,0,73.1
1307,30,0,1,56.81
1308,37,1,1,120.03
1309,39,1,1,108.56
1310,34,1,1,148.73
1311,40,0,0,114.26
1312,43,1,1,76.35
1313,54,1,1,196.41
1314,35,0,0,69.93
1315,37,0,1,128.37
1316,27,0,0,52.74
1317,37,0,1,155.72
1318,48,1,1,179.22
1319,36,1,1,82.92
1320,54,0,1,92.41
1321,47,0,1,83.13
1322,39,1,1,106.88
1323,65,1,1,150.99
1324,26,0,0,57.38
1325,33,0,0,2.85
1326,27,0,1,115.51
1327,36,0,0,224.39
1328,35,1,1,31.97
1329,43,1,0,71.47
1330,46,1,0,23.04
1331,40,0,0,6.45
1332,50,1,1,36.92
1333,18,0,1,92.51
1334,18,0,1,59.41
1335,39,1,1,45.67
1336,44,1,1,31.76
1337,24,1,1,94.76
1338,34,1,1,197.41
1339,19,0,1,188.66
1340,39,0,0,59.08
1341,53,0,0,68.75
1342,18,1,1,91.04
1343,27,1,0,133.21
1344,52,0,0,77.54
1345,25,1,1,144.22
1346,32,0,0,60.72
1347,21,1,1,151.31
1348,26,1,0,115.08
1349,18,0,0,93.98
1350,38,1,1,48.23
1351,33,0,1,91.75
1352,36,1,1,82.98
1353,20,0,1,28.31
1354,60,0,0,31.2
1355,31,0,0,15.85
1356,43,0,1,153.13
1357,56,1,1,99.03
1358,33,1,0,95.19
1359,35,0,0,-57.15
1360,21,1,1,158.63
1361,31,0,0,61.62
1362,44,0,1,115.82
1363,43,0,1,114.18
1364,23,1,1,113.62
1365,41,0,1,76.67
1366,18,0,1,107.88
1367,26,1,0,-32.48
1368,29,0,0,72.22
1369,38,0,1,132.49
1370,32,1,1,68.2
1371,41,1,1,203.09
1372,33,0,0,48.65
1373,43,1,1,119.72
1374,19,0,0,64.69
1375,31,0,1,173.71
1376,37,0,0,98.36
1377,27,1,1,142.07
1378,60,1,1,39.98
1379,40,1,1,107.11
1380,37,1,1,110.22
1381,41,1,1,111.24
1382,34,0,1,122.26
1383,37,1,1,88.56
1384,55,0,0,69.95
1385,49,1,1,95.89
1386,44,0,1,111.26
1387,35,0,1,146.13
1388,43,0,1,108.77
1389,30,0,1,59.8
1390,37,0,0,43.45
1391,32,1,1,88.52
1392,35,1,1,80.97
1393,35,1,1,158.23
1394,28,0,1,168.19
1395,45,1,1,118.46
1396,46,1,1,95.81
1397,28,0,1,131.65
1398,47,1,1,97.91
1399,40,0,0,131.18
1400,43,0,0,15.39
1401,33,0,0,-5.53
1402,39,1,1,106.52
1403,18,0,0,127.8
1404,36,0,0,120.81
1405,53,1,1,162.75
1406,51,1,1,123.18
1407,36,1,1,82.73
1408,40,0,0,91.06
1409,18,0,0,102.53
1410,29,1,1,55.58
1411,29,1,1,159.35
1412,49,0,1,-50.64
1413,34,1,0,30.01
1414,34,0,0,89.54
1415,25,1,0,90.74
1416,39,0,1,48.46
1417,44,0,0,120.98
1418,60,1,1,61.94
1419,47,0,1,115.95
1420,55,0,1,95.87
1421,43,1,1,55.78
1422,19,1,1,116.25
1423,32,1,1,129.11
1424,39,0,1,117.56
1425,38,1,1,121.98
1426,35,0,0,40.82
1427,41,0,0,36.92
1428,27,1,1,60.65
1429,43,1,1,70.49
1430,19,1,1,103.74
1431,22,1,1,168.75
1432,33,1,1,99.14
1433,42,0,1,3.62
1434,51,1,1,110.73
1435,44,0,1,112.17
1436,35,0,1,87.05
1437,64,0,0,73.9
1438,18,1,1,80.7
1439,38,1,1,148.34
1440,26,0,0,100.31
1441,46,0,1,90.17
1442,29,1,0,53.86
1443,22,1,0,38.57
1444,33,1,1,138.01
1445,22,0,1,160.78
1446,38,0,1,69.83
1447,21,0,0,78.26
1448,57,0,0,46.27
1449,32,1,0,-16.76
1450,52,0,0,-24.71
1451,33,0,0,25.3
1452,43,0,1,120.08
1453,19,0,0,116.21
1454,28,1,1,142.32
1455,28,0,0,55.33
1456,38,1,1,119.78
1457,37,1,1,94.55
1458,18,1,1,132.57
1459,53,1,1,20.35
1460,32,0,1,67.03
1461,43,1,0,63.75
1462,22,1,1,80.31
1463,52,1,1,-21.1
1464,26,1,1,109.21
1465,34,0,1,67.33
1466,34,1,0,63.25
1467,18,1,1,145.19
1468,36,1,1,137.0
1469,19,0,1,135.98
1470,56,1,1,58.87
1471,25,0,0,49.92
1472,38,0,0,72.54
1473,33,1,1,59.66
1474,42,0,0,98.76
1475,32,0,0,86.13
1476,44,1,1,126.7
1477,43,1,0,132.88
1478,40,1,1,143.35
1479,51,0,0,134.16
1480,27,0,0,26.56
1481,35,1,1,110.23
1482,38,1,0,46.22
1483,28,0,0,148.47
1484,36,1,1,120.08
1485,28,1,1,95.97
1486,66,0,1,125.72
1487,45,0,0,35.54
1488,45,1,0,97.55
1489,23,0,0,93.65
1490,28,0,0,154.2
1491,22,1,0,84.01
1492,49,0,1,82.36
1493,36,1,1,54.51
1494,21,0,0,93.48
1495,20,1,1,145.55
1496,41,0,1,118.91
1497,27,1,1,90.69
1498,29,1,1,179.76
1499,24,1,1,132.76
1500,36,0,1,11.28
1501,18,0,0,63.94
1502,26,0,0,125.11
1503,48,1,0,92.31
1504,40,1,1,64.1
1505,31,1,1,114.06
1506,51,1,1,20.03
1507,18,1,1,111.46
1508,40,1,0,44.19
1509,18,0,0,87.95
1510,28,1,1,152.12
1511,18,0,0,75.39
1512,47,0,1,60.3
1513,47,0,0,-25.59
1514,60,1,1,99.04
1515,57,1,1,136.67
1516,42,1,1,91.46
1517,28,0,0,55.0
1518,65,0,0,23.68
1519,38,1,1,86.59
1520,44,0,0,94.01
1521,18,1,0,71.9
1522,46,0,1,14.45
1523,63,0,0,82.58
1524,35,0,0,-41.51
1525,18,1,1,82.19
1526,26,1,1,3.88
1527,28,0,1,143.99
1528,39,1,1,84.98
1529,44,1,1,115.44
1530,33,1,1,125.28
1531,28,1,1,102.99
1532,43,1,1,85.67
1533,39,0,1,31.47
1534,51,1,1,102.85
1535,30,0,1,157.0
1536,47,1,1,84.16
1537,23,1,0,-6.21
1538,25,0,0,11.68
1539,35,0,0,51.96
1540,65,0,1,-17.14
1541,37,1,1,48.57
1542,33,1,1,50.28
1543,41,0,0,105.05
1544,24,1,1,106.19
1545,48,0,1,154.61
1546,55,1,1,17.04
1547,41,0,0,37.15
1548,44,0,0,61.76
1549,45,0,0,157.19
1550,29,0,1,190.54
1551,40,0,0,104.73
1552,48,1,1,92.6
1553,47,1,1,124.45
1554,18,0,0,33.63
1555,22,1,1,69.53
1556,48,1,1,122.32
1557,28,1,1,105.59
1558,41,1,0,68.96
1559,31,0,0,80.52
1560,18,0,1,195.22
1561,28,1,1,38.07
1562,35,1,1,197.74
1563,34,0,1,-14.34
1564,38,1,0,61.43
1565,32,1,1,14.33
1566,26,1,1,120.45
1567,45,0,0,26.4
1568,53,0,0,46.63
1569,28,1,1,99.2
1570,37,1,1,79.23
1571,31,0,0,109.53
1572,40,0,0,126.81
1573,44,0,0,105.75
1574,27,1,1,62.7
1575,21,1,0,109.58
1576,39,1,1,100.64
1577,18,1,1,57.99
1578,39,0,0,153.04
1579,18,0,0,63.02
1580,21,1,1,119.67
1581,23,1,1,83.09
1582,42,0,1,56.57
1583,50,1,1,-47.37
1584,40,1,1,114.41
1585,24,0,0,86.16
1586,61,1,1,102.67
1587,18,1,1,139.99
1588,45,0,0,-59.27
1589,24,0,0,13.76
1590,37,1,1,92.99
1591,46,1,1,67.31
1592,35,1,0,118.35
1593,30,1,1,80.67
1594,42,1,1,-0.97
1595,43,0,0,66.94
1596,40,0,0,-36.04
1597,52,0,0,54.54
1598,35,1,1,121.34
1599,39,0,0,102.09
1600,24,0,0,-12.82
1601,47,0,0,85.9
1602,50,0,0,102.74
1603,32,0,1,171.39
1604,18,1,0,38.76
1605,40,1,1,130.52
1606,43,0,1,120.31
1607,34,0,1,204.53
1608,28,1,0,54.99
1609,31,0,0,114.49
1610,27,1,1,138.3
1611,18,0,1,181.93
1612,28,0,0,83.26
1613,30,1,1,167.1
1614,21,0,1,109.42
1615,34,0,1,144.66
1616,42,0,1,66.66
1617,57,1,0,41.42
1618,39,1,0,-71.44
1619,38,1,1,21.75
1620,53,0,1,210.5
1621,30,0,1,97.45
1622,42,0,0,102.15
1623,44,0,0,33.67
1624,46,0,1,76.99
1625,48,1,0,7.31
1626,32,1,1,57.41
1627,34,1,1,15.34
1628,21,0,1,10.59
1629,52,0,0,11.03
1630,38,1,1,59.43
1631,47,1,1,104.98
1632,30,1,1,66.66
1633,24,1,0,-4.3
1634,26,0,1,138.66
1635,28,0,0,83.35
1636,32,1,0,106.77
1637,39,0,1,133.49
1638,42,1,0,-13.32
1639,50,0,1,124.4
1640,30,0,0,111.69
1641,49,0,1,3.77
1642,46,1,1,80.74
1643,57,1,1,86.04
1644,31,1,0,55.63
1645,31,0,1,146.19
1646,33,0,1,16.53
1647,51,0,1,236.99
1648,20,0,0,61.49
1649,58,0,1,108.7
1650,48,1,1,149.39
1651,18,0,1,106.37
1652,38,0,0,34.48
1653,29,0,0,-25.19
1654,40,0,1,70.85
1655,22,0,0,86.09
1656,65,1,1,120.53
1657,30,1,1,144.81
1658,33,1,0,49.33
1659,29,1,0,100.99
1660,33,0,0,39.45
1661,44,0,1,92.23
1662,39,1,0,105.33
1663,51,1,1,85.93
1664,55,0,0,8.37
1665,35,1,1,98.53
1666,27,0,1,159.24
1667,42,0,0,27.78
1668,28,0,1,103.91
1669,19,0,0,89.32
1670,29,0,0,-2.79
1671,48,0,0,3.77
1672,33,1,1,223.1
1673,48,1,1,32.66
1674,32,0,0,45.34
1675,41,0,0,96.45
1676,23,1,1,128.31
1677,34,0,0,60.9
1678,23,0,1,122.61
1679,46,1,1,75.07
1680,41,1,1,103.26
1681,58,1,1,143.22
1682,38,1,0,83.86
1683,25,1,1,92.67
1684,18,1,0,99.21
1685,46,0,1,136.41
1686,33,0,0,90.38
1687,56,1,1,108.78
1688,57,0,1,47.96
1689,45,1,1,146.69
1690,27,1,1,80.89
1691,53,0,0,70.69
1692,46,1,1,99.33
1693,18,0,0,58.04
1694,26,0,0,79.14
1695,27,0,1,131.67
1696,23,0,1,139.77
1697,54,1,1,195.7
1698,23,1,0,55.11
1699,34,1,1,101.06
1700,47,0,1,189.41
1701,32,0,1,51.49
1702,43,1,1,107.83
1703,38,1,1,139.47
1704,25,0,0,88.39
1705,38,1,0,95.01
1706,24,0,0,99.6
1707,29,1,1,126.52
1708,41,1,1,109.39
1709,37,0,0,-17.81
1710,28,1,1,96.87
1711,54,1,1,59.67
1712,56,0,1,115.11
1713,40,0,1,136.24
1714,18,1,1,99.5
1715,30,0,1,55.59
1716,39,0,0,-12.52
1717,24,0,0,22.24
1718,40,0,1,34.47
1719,42,0,0,-26.98
1720,37,0,1,94.71
1721,25,0,1,101.13
1722,38,0,0,147.89
1723,40,0,1,81.4
1724,38,1,1,52.79
1725,23,1,1,-25.68
1726,36,1,1,134.69
1727,29,0,1,82.66
1728,28,0,0,62.57
1729,71,0,1,46.26
1730,39,0,1,118.31
1731,29,1,0,34.48
1732,18,0,0,40.87
1733,47,1,1,47.47
1734,31,1,1,172.06
1735,36,0,0,149.68
1736,50,1,0,14.59
1737,38,1,1,143.13
1738,27,1,1,19.22
1739,43,0,1,108.15
1740,36,1,1,97.16
1741,36,1,1,112.95
1742,29,0,1,103.53
1743,20,0,0,41.63
1744,45,0,0,44.27
1745,33,1,1,119.21
1746,28,1,1,141.98
1747,18,1,1,68.71
1748,49,0,0,40.96
1749,38,0,1,158.46
1750,33,1,1,44.5
1751,34,0,0,114.93
1752,41,0,0,57.42
1753,20,0,1,212.21
1754,75,1,1,88.96
1755,44,0,0,-50.61
1756,41,0,1,114.3
1757,71,0,1,11.89
1758,20,0,0,34.4
1759,39,0,0,45.89
1760,18,1,1,120.15
1761,24,1,1,37.72
1762,29,1,1,88.34
1763,29,0,0,148.69
1764,43,0,0,18.03
1765,48,0,1,-0.66
1766,35,1,1,165.98
1767,51,0,1,138.61
1768,52,1,1,131.94
1769,33,0,1,100.34
1770,31,0,0,63.55
1771,30,0,0,151.35
1772,46,1,1,91.02
1773,51,0,0,17.13
1774,33,0,1,92.07
1775,39,0,0,197.54
1776,38,0,1,18.36
1777,31,0,1,147.06
1778,28,1,1,231.03
1779,47,1,1,6.86
1780,28,0,1,153.4
1781,34,1,0,54.64
1782,18,0,0,162.34
1783,41,0,1,140.25
1784,40,0,0,72.79
1785,28,0,1,98.0
1786,29,1,1,54.65
1787,31,1,1,47.43
1788,43,0,0,48.58
1789,19,0,0,156.27
1790,28,1,0,32.82
1791,38,1,0,-0.81
1792,33,1,1,134.75
1793,29,0,0,-0.76
1794,46,0,0,140.61
1795,50,0,1,74.09
1796,18,1,0,59.6
1797,39,1,1,22.96
1798,34,0,1,113.85
1799,25,1,1,115.94
1800,28,0,1,136.76
1801,33,0,0,163.37
1802,27,1,0,51.98
1803,61,1,1,90.44
1804,42,1,1,62.98
1805,21,1,1,69.57
1806,68,1,1,31.36
1807,29,1,0,86.27
1808,24,0,0,55.2
1809,22,0,1,68.68
1810,25,0,1,109.14
1811,40,1,1,91.2
1812,55,1,0,66.8
1813,26,0,1,64.96
1814,40,0,1,35.49
1815,61,0,0,93.31
1816,45,1,1,136.1
1817,28,1,1,88.0
1818,34,1,1,164.9
1819,43,1,1,48.47
1820,54,1,1,91.0
1821,41,0,1,14.96
1822,40,1,0,67.79
1823,34,1,1,60.26
1824,18,0,0,-5.47
1825,22,0,0,176.35
1826,43,0,1,116.11
1827,52,1,1,-11.54
1828,23,0,0,185.94
1829,59,1,1,65.68
1830,46,1,0,34.99
1831,31,0,0,29.46
1832,21,1,1,140.25
1833,30,1,1,174.07
1834,60,0,0,132.68
1835,35,0,1,151.17
1836,49,0,0,92.49
1837,42,1,1,165.91
1838,27,0,1,91.01
1839,25,0,0,161.83
1840,49,0,0,-45.4
1841,21,0,1,72.91
1842,43,0,0,52.98
1843,25,0,0,43.55
1844,30,0,0,55.16
1845,55,1,1,49.53
1846,36,0,0,100.78
1847,49,0,0,103.09
1848,25,1,1,141.62
1849,47,0,1,210.67
1850,21,0,1,171.15
1851,43,1,1,90.94
1852,41,1,1,15.94
1853,42,1,0,64.13
1854,39,0,1,143.96
1855,18,0,1,37.06
1856,42,0,1,88.86
1857,29,1,1,195.09
1858,23,0,0,102.74
1859,26,1,0,102.55
1860,34,0,0,23.8
1861,28,1,0,-60.25
1862,36,0,0,144.66
1863,35,1,1,87.87
1864,44,0,0,40.98
1865,31,0,0,161.06
1866,28,0,1,115.51
1867,24,0,0,44.97
1868,48,0,1,65.58
1869,35,1,1,42.49
1870,30,0,0,14.65
1871,45,1,1,67.62
1872,55,1,1,166.06
1873,36,0,0,84.02
1874,50,1,1,39.06
1875,30,0,1,81.29
1876,45,0,0,-13.84
1877,33,0,1,150.0
1878,29,1,1,45.68
1879,36,1,1,94.04
1880,54,0,0,12.15
1881,46,1,1,156.44
1882,42,1,1,60.03
1883,55,1,1,102.81
1884,44,1,1,94.76
1885,31,0,0,135.01
1886,24,1,1,139.05
1887,44,1,1,77.71
1888,53,1,1,146.92
1889,40,0,0,140.1
1890,58,1,1,145.85
1891,25,1,1,71.49
1892,50,0,0,36.03
1893,27,1,1,94.22
1894,26,1,1,117.3
1895,25,0,0,88.42
1896,52,0,1,105.37
1897,37,0,1,128.28
1898,30,0,1,76.93
1899,19,1,1,161.38
1900,36,0,1,195.62
1901,38,1,0,63.94
1902,42,0,1,169.29
1903,39,1,1,55.84
1904,44,1,1,144.45
1905,36,1,0,56.36
1906,61,0,0,85.15
1907,33,1,1,203.75
1908,49,1,1,111.04
1909,35,0,0,130.05
1910,37,1,1,43.95
1911,45,0,0,159.62
1912,33,1,1,79.13
1913,28,1,1,158.45
1914,25,0,0,23.13
1915,38,0,1,228.03
1916,42,0,1,147.83
1917,53,1,1,108.99
1918,55,0,1,130.31
1919,30,1,1,107.85
1920,23,1,1,34.47
1921,35,0,1,129.58
1922,29,1,0,44.19
1923,21,0,1,141.79
1924,37,1,0,20.0
1925,38,1,1,90.5
1926,42,0,0,98.71
1927,34,1,1,168.28
1928,41,1,1,118.88
1929,44,0,0,100.06
1930,33,0,1,123.79
1931,31,0,0,146.88
1932,49,1,1,191.18
1933,40,0,1,85.81
1934,60,0,1,114.29
1935,29,0,0,149.76
1936,32,1,1,134.59
1937,34,1,1,109.93
1938,32,1,1,128.79
1939,26,1,0,53.59
1940,30,1,1,96.55
1941,36,1,0,75.49
1942,57,1,1,189.66
1943,38,1,1,40.84
1944,39,0,1,108.32
1945,38,0,0,72.47
1946,40,0,1,162.37
1947,29,0,1,124.24
1948,26,1,1,0.64
1949,38,1,0,59.95
1950,25,1,1,137.87
1951,27,0,0,7.75
1952,34,1,1,184.23
1953,45,0,0,74.92
1954,53,0,1,131.28
1955,36,0,0,65.68
1956,56,1,1,199.11
1957,39,1,1,67.85
1958,35,1,1,120.83
1959,18,0,0,117.17
1960,39,1,1,126.85
1961,39,1,1,50.32
1962,46,1,1,92.45
1963,32,1,1,91.29
1964,37,1,1,111.07
1965,35,1,1,74.03
1966,36,1,1,70.11
1967,49,1,1,85.98
1968,50,0,1,151.06
1969,36,0,0,29.69
1970,32,0,0,85.97
1971,28,0,0,61.77
1972,31,0,0,90.99
1973,39,1,1,8.6
1974,44,1,1,96.71
1975,40,0,0,48.9
1976,42,0,0,121.02
1977,37,0,1,126.53
1978,48,1,1,134.17
1979,62,0,1,126.26
1980,36,1,0,-20.38
1981,31,0,1,96.68
1982,20,0,1,119.47
1983,56,0,0,20.15
1984,61,1,1,48.08
1985,39,1,1,142.1
1986,44,1,0,101.79
1987,52,0,0,150.0
1988,56,1,1,131.57
1989,25,0,0,144.05
1990,26,1,1,150.87
1991,44,0,0,34.03
1992,32,1,1,37.91
1993,28,0,0,43.43
1994,32,1,1,30.59
1995,55,1,0,38.02
1996,34,0,1,158.47
1997,28,0,0,88.96
1998,32,1,1,85.84
1999,26,0,1,136.7
2000,25,1,1,70.66
2001,55,1,1,44.21
2002,38,1,1,96.65
2003,25,1,1,172.19
2004,54,0,1,21.0
2005,34,1,1,75.75
2006,25,0,0,15.48
2007,58,1,1,139.56
2008,43,0,0,5.24
2009,39,1,1,105.05
2010,48,0,1,54.96
2011,35,1,1,158.02
2012,27,0,0,102.38
2013,50,0,0,16.07
2014,37,0,0,14.85
2015,47,1,1,84.3
2016,23,1,1,138.04
2017,48,1,1,94.02
2018,32,0,1,48.5
2019,32,0,1,148.62
2020,33,0,1,108.07
2021,34,1,0,83.95
2022,51,0,0,68.09
2023,39,1,1,120.58
2024,39,1,1,107.41
2025,38,1,1,112.85
2026,24,0,1,129.41
2027,49,1,1,80.44
2028,45,0,1,148.2
2029,54,1,1,79.67
2030,36,0,1,77.87
2031,52,0,1,151.41
2032,36,0,1,53.62
2033,50,0,1,97.7
2034,36,1,0,66.2
2035,42,1,1,159.77
2036,18,1,1,76.96
2037,25,1,1,170.48
2038,39,1,0,22.38
2039,35,1,0,104.37
2040,22,1,1,126.39
2041,31,1,1,235.01
2042,32,0,0,61.64
2043,34,1,1,55.27
2044,33,1,0,20.61
2045,36,0,0,128.54
2046,38,0,0,39.44
2047,33,1,1,94.29
2048,30,0,0,111.97
2049,30,0,0,38.51
2050,32,0,1,85.32
2051,31,1,0,92.64
2052,37,1,0,44.63
2053,36,0,0,61.39
2054,58,1,1,35.07
2055,45,0,1,55.1
2056,27,1,1,128.3
2057,56,0,1,-12.59
2058,18,0,0,168.59
2059,23,1,1,123.6
2060,39,1,0,-49.93
2061,20,1,1,133.82
2062,36,1,1,119.47
2063,20,1,1,117.63
2064,51,1,1,121.49
2065,50,1,1,111.97
2066,38,0,0,94.5
2067,18,0,0,49.1
2068,51,1,1,20.45
2069,35,0,0,90.33
2070,29,1,1,123.12
2071,29,0,0,104.49
2072,34,1,1,105.85
2073,47,0,1,81.63
2074,33,0,1,77.13
2075,36,0,0,58.28
2076,26,1,1,140.66
2077,21,1,0,47.15
2078,36,0,1,169.38
2079,56,1,1,114.09
2080,47,1,1,206.37
2081,50,0,1,175.95
2082,49,0,0,84.31
2083,26,1,1,55.84
2084,43,0,0,178.95
2085,38,0,1,52.81
2086,52,0,0,123.06
2087,54,0,1,107.7
2088,34,1,1,67.85
2089,37,0,1,9.4
2090,44,1,1,143.91
2091,32,1,1,167.82
2092,55,0,0,87.89
2093,47,0,0,80.41
2094,45,0,1,52.13
2095,45,1,1,-8.02
2096,51,0,1,98.58
2097,56,0,0,14.98
2098,42,1,1,116.8
2099,27,1,0,63.98
2100,51,1,1,163.07
2101,29,1,1,111.32
2102,37,0,1,132.93
2103,19,1,1,171.81
2104,34,1,1,116.19
2105,18,0,0,65.83
2106,37,1,1,52.21
2107,43,0,0,-28.45
2108,48,1,1,53.9
2109,43,1,1,108.71
2110,48,1,1,90.99
2111,66,0,1,65.01
2112,25,0,1,163.59
2113,34,0,0,0.2
2114,26,0,0,55.34
2115,59,0,0,16.73
2116,34,1,1,23.29
2117,46,0,1,34.89
2118,39,0,0,-44.84
2119,24,0,0,108.94
2120,62,1,1,57.57
2121,38,1,1,251.6
2122,45,1,1,136.61
2123,42,0,1,74.75
2124,32,0,1,198.12
2125,20,0,0,73.32
2126,47,1,1,86.82
2127,42,1,1,45.88
2128,18,1,1,126.64
2129,36,0,0,75.0
2130,37,1,0,45.38
2131,34,0,1,174.98
2132,36,0,0,74.69
2133,25,1,1,100.14
2134,42,0,1,82.44
2135,28,0,0,19.22
2136,32,0,0,-28.84
2137,29,1,1,176.29
2138,21,0,0,43.84
2139,28,0,0,55.7
2140,33,1,1,87.1
2141,43,0,0,154.99
2142,33,1,1,60.41
2143,39,0,0,42.43
2144,41,1,1,171.26
2145,41,1,1,59.63
2146,39,1,1,125.62
2147,23,1,1,149.46
2148,34,0,0,34.21
2149,44,1,1,90.85
2150,18,0,1,245.15
2151,24,0,1,168.71
2152,18,0,0,59.18
2153,53,1,1,63.4
2154,41,1,1,123.22
2155,40,0,1,149.33
2156,30,1,0,171.47
2157,49,0,0,42.6
2158,30,1,1,115.49
2159,31,0,1,202.98
2160,18,1,1,106.88
2161,29,0,1,139.5
2162,49,1,1,52.38
2163,26,0,1,176.63
2164,34,1,1,167.13
2165,22,0,0,61.6
2166,26,1,1,102.13
2167,55,0,0,30.09
2168,27,0,1,96.93
2169,44,1,1,64.92
2170,40,0,0,48.23
2171,47,1,1,76.75
2172,51,1,1,73.35
2173,48,0,0,-7.2
2174,49,0,1,41.86
2175,31,1,0,73.88
2176,42,0,0,27.17
2177,47,1,1,103.35
2178,29,0,1,92.25
2179,53,1,1,120.08
2180,45,0,1,89.17
2181,48,0,1,133.58
2182,28,0,1,-27.59
2183,24,1,1,93.67
2184,33,0,1,43.89
2185,41,1,1,167.33
2186,31,0,0,44.28
2187,34,1,1,204.53
2188,30,0,1,172.81
2189,32,1,1,111.91
2190,46,0,1,-6.83
2191,29,0,0,44.37
2192,48,0,0,136.21
2193,51,0,1,50.03
2194,31,0,1,149.01
2195,45,0,0,81.11
2196,30,1,1,72.4
2197,29,1,1,99.36
2198,42,1,1,174.28
2199,40,0,1,204.54
2200,47,0,0,108.31
2201,32,1,1,72.65
2202,49,0,0,31.45
2203,44,0,0,29.88
2204,41,1,0,62.67
2205,41,1,0,27.81
2206,19,1,1,88.6
2207,33,1,1,203.38
2208,19,1,1,125.74
2209,38,0,0,145.58
2210,48,0,1,133.67
2211,23,0,1,100.58
2212,18,1,1,56.46
2213,45,0,0,44.85
2214,32,0,0,82.31
2215,40,1,1,126.37
2216,42,1,1,165.93
2217,31,0,0,47.7
2218,27,0,0,72.91
2219,52,1,1,111.17
2220,32,1,1,39.1
2221,29,1,1,32.56
2222,28,0,0,117.08
2223,33,0,1,140.11
2224,18,0,1,126.04
2225,30,0,0,77.55
2226,42,1,1,170.81
2227,38,1,1,51.17
2228,47,0,1,79.74
2229,22,0,1,110.15
2230,24,1,0,41.16
2231,41,1,1,41.76
2232,33,1,1,146.26
2233,29,1,0,53.0
2234,33,1,1,132.84
2235,18,0,1,45.31
2236,43,0,0,48.06
2237,34,0,0,104.28
2238,36,1,1,114.79
2239,35,0,1,169.21
2240,27,1,1,125.04
2241,42,0,0,138.51
2242,28,1,0,82.14
2243,40,0,0,25.3
2244,31,1,0,32.89
2245,43,0,0,106.54
2246,31,0,0,96.65
2247,33,0,0,40.92
2248,33,0,0,17.63
2249,31,1,1,149.12
2250,27,1,1,88.54
2251,47,0,0,88.81
2252,45,0,1,146.57
2253,29,0,0,46.6
2254,18,1,1,113.53
2255,48,0,0,52.95
2256,20,1,1,72.28
2257,44,1,1,116.27
2258,27,0,1,166.89
2259,24,0,0,84.51
2260,33,1,0,113.52
2261,39,1,0,49.29
2262,43,1,0,57.32
2263,37,1,0,50.66
2264,54,1,1,128.23
2265,41,1,1,242.32
2266,39,0,0,48.52
2267,28,1,1,107.68
2268,45,1,1,26.93
2269,19,1,0,44.37
2270,48,0,0,41.55
2271,37,0,0,83.8
2272,48,0,0,-0.14
2273,42,0,1,119.73
2274,28,1,1,118.3
2275,28,0,0,33.6
2276,43,0,1,55.67
2277,44,0,0,66.42
2278,29,0,0,88.32
2279,30,0,1,29.32
2280,33,0,1,106.36
2281,40,1,0,64.53
2282,22,0,0,30.37
2283,48,0,1,153.6
2284,45,0,0,-16.01
2285,40,0,0,60.62
2286,34,1,1,145.68
2287,28,0,0,21.81
2288,53,1,0,33.79
2289,23,0,1,185.3
2290,32,1,1,113.16
2291,21,0,0,19.66
2292,28,0,1,59.71
2293,29,1,1,155.06
2294,34,1,1,159.45
2295,50,1,1,16.29
2296,29,0,0,29.51
2297,46,1,0,67.98
2298,39,1,1,95.17
2299,47,0,0,17.5
2300,18,1,1,131.68
2301,36,1,1,99.76
2302,50,1,1,151.43
2303,18,1,0,95.9
2304,38,1,1,27.54
2305,43,0,0,6.51
2306,36,1,1,108.47
2307,40,1,1,67.03
2308,34,1,1,144.46
2309,34,1,0,16.94
2310,38,1,1,97.64
2311,33,1,1,43.91
2312,38,0,1,91.63
2313,28,0,1,145.34
2314,22,0,1,30.78
2315,39,1,1,78.91
2316,37,1,1,118.09
2317,53,1,0,124.09
2318,32,1,1,82.49
2319,34,1,1,115.65
2320,31,0,1,162.87
2321,27,0,0,99.12
2322,35,1,1,95.44
2323,51,0,0,35.78
2324,41,0,0,1.39
2325,38,1,1,89.38
2326,18,0,1,236.28
2327,44,1,1,95.21
2328,39,0,0,45.47
2329,41,1,1,37.32
2330,28,1,1,147.82
2331,31,0,0,51.82
2332,34,0,0,76.67
2333,37,0,0,87.88
2334,26,0,0,96.81
2335,22,0,0,70.95
2336,18,1,1,106.99
2337,52,0,0,41.26
2338,26,0,0,112.76
2339,39,1,0,50.74
2340,36,0,1,153.89
2341,59,1,0,-20.21
2342,22,0,1,187.34
2343,40,1,1,51.95
2344,52,0,0,51.16
2345,24,1,1,160.49
2346,48,1,1,99.04
2347,36,1,0,156.86
2348,25,1,1,2.39
2349,30,0,1,39.36
2350,46,1,1,97.39
2351,21,0,0,110.0
2352,37,0,0,93.46
2353,29,0,0,58.81
2354,26,0,0,68.16
2355,42,1,1,86.8
2356,25,0,1,110.26
2357,37,1,0,84.01
2358,27,0,1,169.84
2359,33,1,1,104.27
2360,27,0,0,105.62
2361,28,0,0,74.15
2362,48,1,1,68.3
2363,31,1,1,165.32
2364,26,0,1,90.25
2365,34,1,1,113.02
2366,30,1,1,47.15
2367,30,0,1,67.52
2368,25,0,1,165.99
2369,46,0,0,40.26
2370,26,0,1,183.93
2371,29,1,1,176.88
2372,29,0,0,106.8
2373,29,0,1,103.69
2374,31,0,0,69.2
2375,38,0,0,60.83
2376,40,1,1,135.06
2377,32,0,0,91.98
2378,41,0,0,-40.29
2379,48,1,1,164.58
2380,41,0,0,37.95
2381,18,0,0,147.76
2382,32,0,0,170.05
2383,37,0,1,82.36
2384,31,0,0,79.44
2385,37,1,0,-51.09
2386,40,0,0,122.42
2387,40,1,1,106.08
2388,45,1,1,81.68
2389,61,0,1,93.19
2390,34,0,0,81.77
2391,42,0,0,-30.7
2392,30,0,1,164.57
2393,40,0,1,142.54
2394,35,0,0,71.27
2395,46,1,1,151.83
2396,18,0,0,88.81
2397,57,1,1,69.84
2398,31,1,0,95.34
2399,18,1,1,141.68
2400,35,1,0,44.68
2401,42,1,0,148.88
2402,47,1,1,99.16
2403,35,1,1,92.34
2404,38,0,1,117.91
2405,40,1,1,137.87
2406,40,1,1,71.18
2407,52,0,0,47.02
2408,43,1,1,67.34
2409,43,0,1,78.99
2410,20,0,1,109.49
2411,23,1,0,62.0
2412,41,0,0,114.25
2413,62,1,1,136.0
2414,24,1,1,156.65
2415,25,0,0,193.4
2416,47,0,0,73.59
2417,47,1,1,3.92
2418,33,1,0,70.1
2419,25,0,1,131.46
2420,33,0,1,105.82
2421,47,0,1,50.82
2422,38,1,0,39.35
2423,39,0,1,159.27
2424,31,1,1,181.89
2425,33,0,1,125.24
2426,42,1,1,56.85
2427,34,1,1,237.34
2428,50,1,1,96.74
2429,38,1,1,157.4
2430,28,0,1,81.8
2431,34,0,1,91.96
2432,41,1,0,79.8
2433,47,1,0,18.73
2434,48,0,0,8.74
2435,19,0,0,87.68
2436,32,0,0,52.44
2437,42,0,0,8.82
2438,30,0,1,153.64
2439,29,1,1,141.08
2440,35,1,1,179.27
2441,43,0,0,73.35
2442,29,0,0,132.41
2443,24,0,0,176.18
2444,40,0,0,101.25
2445,31,0,0,158.79
2446,46,0,0,89.59
2447,34,0,0,74.32
2448,28,1,1,80.43
2449,46,0,0,77.66
2450,55,0,0,-0.14
2451,30,1,1,117.86
2452,42,1,1,52.2
2453,27,0,0,86.52
2454,33,1,1,76.1
2455,49,0,0,26.55
2456,27,0,1,161.01
2457,27,0,1,76.57
2458,52,1,1,167.66
2459,27,1,0,116.65
2460,33,1,1,169.63
2461,30,1,1,227.45
2462,25,0,1,83.94
2463,28,0,0,70.35
2464,30,1,1,98.91
2465,37,0,1,96.19
2466,19,1,1,175.8
2467,44,0,0,71.32
2468,34,1,1,127.46
2469,51,0,0,68.29
2470,19,0,0,60.69
2471,36,1,1,127.34
2472,33,0,0,73.41
2473,41,0,0,25.8
2474,30,0,0,-0.13
2475,25,0,0,117.29
2476,29,1,1,100.25
2477,25,1,1,100.3
2478,19,0,0,71.04
2479,41,0,0,71.0
2480,45,0,0,16.28
2481,26,1,1,135.58
2482,57,0,1,110.8
2483,35,0,1,55.41
2484,37,0,1,80.09
2485,42,0,0,151.54
2486,36,0,1,141.05
2487,52,1,1,38.65
2488,29,0,0,127.49
2489,49,0,1,103.29
2490,26,0,0,130.7
2491,25,0,1,103.52
2492,38,1,0,32.22
2493,52,0,1,56.28
2494,57,0,1,126.01
2495,18,0,0,150.39
2496,39,1,1,54.16
2497,35,1,0,48.38
2498,53,0,0,-44.66
2499,38,0,0,46.88
2500,43,0,0,108.87
2501,33,0,1,108.09
2502,43,1,1,194.91
2503,33,0,1,172.98
2504,47,0,1,191.9
2505,43,1,1,155.42
2506,26,1,1,152.39
2507,18,1,1,145.73
2508,45,1,0,47.62
2509,23,0,0,185.28
2510,29,0,1,188.12
2511,48,0,1,74.01
2512,29,0,1,211.59
2513,54,0,1,131.26
2514,29,0,0,31.63
2515,22,0,0,188.71
2516,34,0,1,162.87
2517,34,1,1,111.05
2518,43,0,0,0.28
2519,32,1,0,102.8
2520,27,0,1,91.95
2521,47,0,0,113.98
2522,37,0,1,98.2
2523,19,0,1,146.74
2524,52,1,1,75.49
2525,60,1,1,112.07
2526,46,1,0,67.39
2527,37,0,1,86.24
2528,21,1,1,40.18
2529,26,1,1,18.1
2530,18,1,0,55.55
2531,38,0,1,218.77
2532,46,0,0,102.13
2533,19,0,1,156.53
2534,38,1,1,141.64
2535,42,0,1,0.67
2536,31,1,1,101.17
2537,53,1,1,63.49
2538,39,1,1,131.78
2539,37,0,0,108.24
2540,18,1,1,132.05
2541,26,0,1,128.66
2542,33,1,1,90.97
2543,37,1,0,89.91
2544,18,0,0,30.83
2545,19,0,0,54.01
2546,29,1,0,31.95
2547,18,1,1,99.56
2548,31,1,1,129.04
2549,37,0,0,0.73
2550,54,1,1,123.93
2551,35,0,0,113.81
2552,54,0,0,42.1
2553,53,1,1,147.76
2554,36,0,0,120.76
2555,18,0,1,36.54
2556,38,1,1,118.12
2557,27,1,1,41.81
2558,37,0,0,81.46
2559,47,0,0,29.19
2560,41,0,1,180.93
2561,58,1,1,159.76
2562,49,1,1,7.04
2563,18,1,1,107.17
2564,42,0,0,94.46
2565,38,1,1,157.02
2566,43,0,0,113.6
2567,32,0,0,131.46
2568,48,0,0,-10.51
2569,51,0,0,65.01
2570,45,0,1,166.59
2571,35,0,0,66.71
2572,35,1,1,63.31
2573,37,1,0,66.19
2574,32,0,0,58.67
2575,48,1,1,47.77
2576,51,0,1,190.51
2577,46,0,1,186.67
2578,29,1,1,131.67
2579,30,0,0,115.14
2580,27,1,1,176.06
2581,37,0,0,83.34
2582,40,1,1,93.07
2583,42,1,1,108.63
2584,28,0,1,152.07
2585,48,1,1,117.31
2586,38,1,1,52.09
2587,43,1,0,84.37
2588,34,0,1,151.76
2589,47,0,1,80.66
2590,30,1,1,159.5
2591,35,1,1,49.09
2592,32,1,1,91.72
2593,27,0,1,124.78
2594,18,0,0,10.87
2595,49,0,0,90.32
2596,42,0,1,135.74
2597,40,1,1,64.15
2598,40,0,1,50.34
2599,57,1,1,104.22
2600,35,1,1,122.76
2601,44,0,1,216.32
2602,18,0,0,79.94
2603,30,1,1,170.44
2604,27,0,1,251.0
2605,46,0,0,82.62
2606,30,0,0,28.36
2607,47,1,1,45.09
2608,28,1,1,206.12
2609,24,0,0,66.45
2610,34,1,1,117.58
2611,38,0,1,127.07
2612,37,1,1,137.23
2613,49,1,1,196.33
2614,34,1,1,110.77
2615,28,0,0,65.38
2616,45,0,1,81.12
2617,47,1,1,131.26
2618,45,1,1,63.51
2619,45,0,0,80.64
2620,46,0,1,18.99
2621,18,0,0,89.44
2622,51,0,1,90.47
2623,32,0,0,95.75
2624,42,0,0,-42.83
2625,34,0,0,81.96
2626,36,0,0,129.22
2627,32,1,1,127.3
2628,35,0,1,61.25
2629,31,0,1,92.11
2630,33,0,1,186.51
2631,18,1,1,158.96
2632,42,1,0,127.0
2633,38,0,0,119.35
2634,22,0,0,105.54
2635,27,0,0,58.92
2636,51,0,0,79.12
2637,45,1,1,59.3
2638,42,1,1,159.6
2639,53,0,1,54.28
2640,35,0,0,50.39
2641,30,1,1,99.1
2642,36,0,0,78.82
2643,24,0,1,131.92
2644,34,1,1,153.91
2645,50,1,1,69.06
2646,36,1,1,166.96
2647,35,1,0,-35.54
2648,41,0,1,175.43
2649,45,1,1,211.74
2650,47,1,1,73.77
2651,48,1,1,-21.54
2652,18,0,0,143.55
2653,19,0,0,116.83
2654,51,1,1,117.75
2655,30,0,0,95.8
2656,32,0,0,74.31
2657,27,0,1,161.64
2658,18,0,0,138.68
2659,30,0,1,93.72
2660,32,1,1,113.38
2661,63,0,0,82.5
2662,31,1,0,32.35
2663,33,0,0,3.33
2664,27,0,0,38.51
2665,43,1,0,-2.87
2666,50,1,0,77.07
2667,35,1,1,86.38
2668,27,0,1,233.85
2669,38,0,0,68.4
2670,23,1,0,68.51
2671,33,0,0,4.99
2672,59,0,0,27.18
2673,20,1,0,100.91
2674,49,0,1,137.17
2675,25,1,1,157.5
2676,32,1,0,127.11
2677,38,1,1,65.77
2678,48,1,1,153.15
2679,46,0,0,105.6
2680,40,0,1,93.18
2681,53,1,1,8.67
2682,43,1,1,105.51
2683,54,0,1,103.89
2684,18,1,1,115.42
2685,34,1,1,101.01
2686,30,1,1,-9.98
2687,43,0,0,109.59
2688,19,1,1,174.12
2689,18,1,1,142.72
2690,54,1,1,135.27
2691,34,0,0,143.22
2692,54,1,0,26.67
2693,62,0,1,170.36
2694,38,0,0,81.14
2695,30,1,1,164.76
2696,41,1,1,121.3
2697,40,0,0,117.27
2698,24,1,1,72.59
2699,26,0,0,76.04
2700,33,1,1,112.21
2701,38,1,1,96.76
2702,44,0,0,16.73
2703,44,0,0,99.92
2704,57,1,1,87.59
2705,23,0,1,56.19
2706,31,1,0,109.7
2707,33,1,1,86.77
2708,39,1,1,99.54
2709,26,1,0,-13.7
2710,41,1,1,97.14
2711,46,0,1,111.45
2712,36,0,1,107.37
2713,41,1,1,201.82
2714,39,0,1,42.77
2715,26,1,1,131.42
2716,32,1,1,130.34
2717,35,1,1,10.79
2718,47,0,0,104.66
2719,52,1,1,72.27
2720,27,1,1,134.25
2721,45,1,1,100.23
2722,55,1,1,72.37
2723,35,0,0,112.92
2724,20,0,1,45.97
2725,28,0,1,92.37
2726,45,1,0,-28.39
2727,40,0,1,123.61
2728,27,1,1,83.57
2729,41,1,1,136.3
2730,27,1,1,121.36
2731,37,0,1,163.2
2732,42,0,0,152.42
2733,29,1,1,141.75
2734,57,1,1,121.88
2735,26,1,1,116.41
2736,29,1,1,156.13
2737,23,1,1,252.94
2738,36,1,1,176.75
2739,21,0,0,90.54
2740,35,0,1,239.42
2741,44,0,0,69.24
2742,37,0,0,42.19
2743,24,0,0,138.4
2744,31,0,0,107.56
2745,38,1,1,34.6
2746,38,0,1,88.95
2747,30,1,1,62.02
2748,43,1,1,134.55
2749,28,1,1,92.16
2750,37,0,1,78.11
2751,19,0,0,64.8
2752,57,1,1,81.8
2753,26,0,1,121.1
2754,40,1,1,90.56
2755,37,1,1,203.0
2756,50,0,0,49.11
2757,35,0,0,131.41
2758,29,0,1,56.09
2759,39,0,0,57.26
2760,41,0,0,101.18
2761,29,1,1,73.32
2762,34,1,1,106.03
2763,46,0,1,109.83
2764,43,1,1,64.12
2765,50,1,1,79.01
2766,33,0,1,115.0
2767,39,1,1,95.1
2768,43,1,1,21.73
2769,33,0,1,33.89
2770,57,1,1,110.96
2771,36,1,1,108.77
2772,43,0,1,248.78
2773,41,1,1,55.92
2774,51,1,1,-61.41
2775,50,0,1,7.72
2776,29,1,1,20.42
2777,35,1,1,108.16
2778,37,0,0,114.94
2779,37,0,1,97.33
2780,35,0,0,153.95
2781,59,1,1,55.52
2782,36,1,0,36.68
2783,29,1,1,9.19
2784,25,0,1,103.77
2785,45,1,1,102.51
2786,44,0,1,115.95
2787,33,0,0,85.41
2788,37,0,1,100.04
2789,27,1,1,92.15
2790,49,1,1,32.25
2791,23,0,0,108.58
2792,27,0,0,5.81
2793,55,1,1,206.67
2794,50,1,1,91.94
2795,52,0,1,83.44
2796,35,1,0,112.01
2797,24,0,1,73.93
2798,44,1,1,93.22
2799,22,0,0,71.21
2800,41,1,1,69.76
2801,44,0,0,76.89
2802,26,1,1,139.6
2803,50,1,1,19.28
2804,24,0,0,90.84
2805,40,0,0,113.4
2806,29,1,1,216.83
2807,29,1,1,95.96
2808,34,0,1,116.11
2809,48,0,0,73.18
2810,37,0,1,167.0
2811,32,1,1,138.7
2812,44,0,1,129.3
2813,36,1,1,63.4
2814,35,1,1,141.59
2815,46,0,0,78.42
2816,23,1,1,108.53
2817,25,1,1,86.03
2818,28,0,0,152.38
2819,56,1,1,62.05
2820,57,0,1,-5.67
2821,40,1,1,96.29
2822,38,0,1,173.45
2823,34,0,1,130.11
2824,26,1,1,176.52
2825,36,1,1,138.66
2826,51,1,1,136.34
2827,41,0,0,49.84
2828,18,0,1,97.42
2829,27,1,1,198.14
2830,48,1,1,200.63
2831,46,0,0,33.43
2832,29,1,0,93.4
2833,30,0,1,87.79
2834,54,0,1,99.1
2835,27,1,0,48.68
2836,47,1,1,51.79
2837,56,0,0,33.95
2838,39,1,1,148.44
2839,31,0,0,94.99
2840,40,1,1,93.24
2841,32,1,1,117.22
2842,18,0,0,40.95
2843,34,0,1,83.08
2844,35,1,1,171.86
2845,27,1,1,160.88
2846,31,0,0,76.68
2847,32,1,1,78.44
2848,26,0,1,229.33
2849,35,1,1,106.71
2850,46,0,1,39.44
2851,39,0,1,97.12
2852,26,0,1,91.06
2853,28,0,1,122.54
2854,35,1,0,62.41
2855,18,0,0,-12.5
2856,18,1,0,151.72
2857,45,0,1,226.9
2858,24,0,1,144.88
2859,47,1,1,56.31
2860,40,1,1,105.56
2861,42,1,1,129.82
2862,22,1,1,135.05
2863,30,0,0,59.65
2864,49,1,1,141.49
2865,45,0,1,122.69
2866,28,1,1,182.17
2867,39,1,1,163.81
2868,43,1,0,66.42
2869,36,0,0,-12.12
2870,38,1,1,98.88
2871,35,0,1,96.38
2872,18,0,1,77.22
2873,37,0,1,119.31
2874,25,0,0,142.3
2875,59,0,0,104.74
2876,25,0,0,61.19
2877,69,1,1,137.6
2878,22,1,1,38.68
2879,18,0,0,7.38
2880,33,0,1,165.8
2881,35,1,1,113.09
2882,37,1,1,128.61
2883,36,0,1,193.41
2884,42,0,0,114.31
2885,50,1,1,143.98
2886,26,0,1,41.83
2887,24,1,0,46.51
2888,39,0,0,113.16
2889,44,1,1,111.46
2890,28,0,1,141.12
2891,33,0,1,189.08
2892,43,0,0,45.0
2893,34,1,1,280.67
2894,62,0,0,75.54
2895,28,1,1,-12.58
2896,39,1,1,58.92
2897,29,1,1,108.38
2898,30,0,0,102.28
2899,30,0,0,152.47
2900,52,0,1,149.1
2901,57,0,0,32.07
2902,47,0,0,93.01
2903,52,1,0,8.13
2904,51,1,1,51.96
2905,35,1,0,98.59
2906,31,0,1,8.13
2907,45,1,1,104.79
2908,39,1,1,92.35
2909,46,1,1,160.02
2910,42,1,1,40.52
2911,39,1,1,69.97
2912,31,0,0,93.29
2913,49,1,1,157.25
2914,37,0,1,119.65
2915,45,0,1,132.7
2916,53,1,1,90.56
2917,18,0,1,47.09
2918,75,1,1,128.46
2919,54,0,0,39.12
2920,29,1,0,-4.99
2921,47,1,1,100.11
2922,27,1,0,33.49
2923,38,0,1,54.26
2924,39,1,1,32.39
2925,30,0,1,138.46
2926,21,1,1,117.63
2927,24,0,1,152.11
2928,41,0,1,195.33
2929,47,0,1,163.03
2930,50,1,0,45.76
2931,47,1,1,42.41
2932,48,0,0,17.85
2933,18,0,1,46.61
2934,22,0,1,94.38
2935,23,1,1,93.29
2936,35,0,1,184.75
2937,38,1,1,136.24
2938,42,0,1,115.38
2939,36,1,1,138.29
2940,50,0,0,33.7
2941,28,0,1,156.43
2942,42,1,1,167.7
2943,44,1,0,16.66
2944,49,0,0,5.6
2945,40,0,1,121.11
2946,25,0,0,27.41
2947,37,0,0,88.5
2948,30,0,1,132.97
2949,39,1,1,121.73
2950,31,0,1,153.35
2951,45,1,1,190.93
2952,44,0,1,98.17
2953,19,1,0,15.21
2954,31,0,1,43.39
2955,36,1,1,126.12
2956,18,1,1,218.93
2957,29,1,1,129.26
2958,48,1,1,204.49
2959,23,0,1,193.2
2960,28,1,1,21.36
2961,18,1,1,95.23
2962,20,0,1,59.01
2963,32,1,1,99.88
2964,38,0,0,151.84
2965,18,0,1,121.42
2966,27,1,1,139.81
2967,34,1,0,42.27
2968,37,0,0,44.21
2969,29,1,1,109.15
2970,41,1,0,70.81
2971,46,1,1,72.62
2972,37,1,1,244.35
2973,19,0,0,175.21
2974,33,0,0,120.34
2975,37,1,1,130.5
2976,22,0,1,76.56
2977,18,1,1,103.29
2978,27,1,0,44.78
2979,28,1,1,133.82
2980,38,0,0,73.16
2981,18,1,1,246.66
2982,44,1,1,83.02
2983,34,0,1,72.55
2984,53,0,0,41.57
2985,35,1,1,72.14
2986,29,1,1,51.56
2987,49,1,0,75.3
2988,26,0,0,44.43
2989,19,0,1,187.45
2990,21,0,1,80.28
2991,41,1,1,86.12
2992,40,0,0,117.3
2993,29,0,0,-56.41
2994,48,1,1,4.75
2995,34,1,1,92.93
2996,42,0,0,28.25
2997,45,1,1,155.83
2998,18,0,0,72.83
2999,31,0,0,27.77
3000,38,0,1,118.02
3001,29,1,1,166.32
3002,47,1,1,94.45
3003,43,0,1,127.62
3004,41,1,1,103.65
3005,32,0,1,144.13
3006,44,0,0,67.03
3007,44,1,0,151.99
3008,44,1,1,77.53
3009,48,1,1,184.72
3010,41,1,1,71.59
3011,36,0,1,187.61
3012,36,0,0,120.89
3013,50,1,1,119.24
3014,49,0,0,35.24
3015,27,0,0,121.39
3016,40,0,1,192.49
3017,24,0,1,93.81
3018,30,0,0,70.1
3019,51,1,0,33.54
3020,25,0,0,53.52
3021,50,1,0,59.37
3022,43,0,0,61.83
3023,27,1,1,78.03
3024,34,0,1,164.74
3025,32,0,0,40.59
3026,34,0,1,15.7
3027,31,1,1,95.14
3028,19,1,1,119.06
3029,40,0,1,39.53
3030,46,1,1,67.72
3031,49,0,1,174.63
3032,33,1,1,207.94
3033,18,0,0,21.0
3034,39,1,0,26.27
3035,28,1,1,111.0
3036,30,0,1,83.74
3037,24,1,0,-34.32
3038,52,0,1,101.75
3039,35,0,0,28.1
3040,53,0,0,69.16
3041,31,1,0,-1.1
3042,31,1,1,93.43
3043,37,0,0,95.88
3044,44,1,1,120.78
3045,38,1,1,95.21
3046,41,0,0,70.38
3047,39,0,1,170.79
3048,38,1,1,83.74
3049,46,1,0,58.53
3050,24,1,1,64.96
3051,28,1,1,94.3
3052,44,0,1,113.03
3053,38,1,0,27.01
3054,53,0,0,40.61
3055,47,0,0,77.23
3056,29,1,1,110.93
3057,38,0,1,116.21
3058,22,0,0,98.95
3059,21,0,1,196.09
3060,38,0,1,164.93
3061,51,0,0,28.85
3062,33,1,1,146.04
3063,40,0,1,129.89
3064,31,1,0,103.09
3065,27,1,0,96.95
3066,21,0,1,143.71
3067,51,1,1,135.84
3068,36,1,1,113.45
3069,29,1,1,172.21
3070,51,1,1,34.82
3071,48,0,0,122.71
3072,46,0,1,99.09
3073,57,1,1,75.45
3074,53,0,0,82.26
3075,31,0,1,35.07
3076,42,0,1,138.23
3077,29,0,0,131.57
3078,31,0,1,56.67
3079,31,0,1,137.45
3080,39,0,1,95.48
3081,53,0,0,46.77
3082,34,0,0,71.03
3083,54,1,1,55.87
3084,49,0,1,133.82
3085,30,1,1,173.2
3086,31,1,0,2.64
3087,28,1,1,119.73
3088,43,0,1,52.57
3089,44,0,1,100.43
3090,38,1,1,137.06
3091,25,1,1,136.79
3092,22,1,1,138.06
3093,20,1,1,224.25
3094,34,0,0,66.44
3095,43,0,1,170.61
3096,27,1,1,48.03
3097,18,0,1,110.27
3098,52,0,0,56.72
3099,51,1,1,46.91
3100,18,0,0,138.04
3101,20,1,1,132.35
3102,18,0,0,96.96
3103,33,1,0,33.4
3104,39,1,1,49.29
3105,46,1,1,78.79
3106,34,1,1,171.7
3107,43,0,1,117.79
3108,46,0,0,54.08
3109,35,0,0,117.68
3110,23,0,0,83.52
3111,32,1,0,116.06
3112,55,1,0,105.03
3113,27,0,0,123.85
3114,29,0,1,132.97
3115,23,0,1,192.8
3116,35,0,0,47.74
3117,43,1,1,117.01
3118,18,1,1,195.92
3119,55,0,0,51.43
3120,32,0,1,234.9
3121,33,0,1,108.49
3122,36,0,1,77.85
3123,39,0,0,28.08
3124,44,1,1,73.78
3125,19,1,1,115.94
3126,39,1,1,84.37
3127,27,1,1,112.79
3128,18,0,0,90.4
3129,25,0,0,116.9
3130,33,0,0,62.92
3131,44,1,1,78.51
3132,37,0,0,197.28
3133,42,1,1,60.11
3134,31,1,1,110.8
3135,42,1,1,138.64
3136,23,1,1,27.52
3137,33,0,1,109.41
3138,23,0,1,205.1
3139,41,0,1,116.82
3140,29,0,1,113.28
3141,42,0,1,162.14
3142,28,1,1,106.38
3143,26,1,1,7.08
3144,28,0,1,123.07
3145,20,0,0,90.8
3146,38,0,0,5.39
3147,39,1,1,94.54
3148,55,0,0,72.98
3149,32,1,1,123.67
3150,42,0,0,33.67
3151,32,1,1,249.82
3152,46,1,1,69.68
3153,34,1,1,81.53
3154,29,1,1,158.32
3155,26,1,0,41.14
3156,52,1,1,102.81
3157,29,0,1,116.36
3158,18,0,0,115.71
3159,18,1,0,100.47
3160,37,0,1,92.09
3161,38,0,0,87.92
3162,53,1,1,67.97
3163,35,1,1,81.53
3164,38,0,1,138.85
3165,19,1,1,132.8
3166,48,0,0,36.84
3167,33,1,1,112.45
3168,29,0,1,42.8
3169,26,0,1,137.55
3170,36,0,1,144.8
3171,18,1,1,181.46
3172,31,0,1,85.85
3173,51,0,1,57.93
3174,44,0,0,65.49
3175,37,0,0,91.44
3176,45,1,0,6.16
3177,27,1,1,93.55
3178,41,1,1,154.4
3179,34,0,1,76.08
3180,22,0,0,-41.21
3181,34,0,0,45.71
3182,25,1,1,53.5
3183,32,1,1,89.9
3184,43,0,1,94.51
3185,47,0,1,176.27
3186,49,0,0,-28.04
3187,31,1,1,106.2
3188,29,1,1,102.37
3189,23,0,1,143.83
3190,42,1,1,113.21
3191,38,1,1,74.22
3192,60,0,1,37.85
3193,33,0,0,102.04
3194,24,0,1,64.2
3195,49,1,1,207.8
3196,24,1,1,17.52
3197,50,0,0,88.21
3198,38,1,0,85.36
3199,36,1,1,168.17
3200,30,0,1,94.82
3201,43,1,1,117.87
3202,27,0,0,157.14
3203,20,1,1,110.11
3204,24,0,1,198.53
3205,36,1,0,53.32
3206,47,1,1,102.39
3207,59,1,1,-57.74
3208,34,1,0,91.88
3209,41,0,0,101.02
3210,30,0,1,127.14
3211,34,0,0,-2.54
3212,33,1,1,126.64
3213,37,1,1,67.72
3214,31,0,1,146.13
3215,54,0,1,42.07
3216,42,0,1,85.38
3217,60,1,1,71.82
3218,25,0,0,66.57
3219,57,1,1,37.54
3220,24,0,0,54.17
3221,30,1,0,53.76
3222,39,1,1,42.01
3223,34,0,0,87.69
3224,27,1,1,146.25
3225,39,0,1,56.4
3226,35,1,1,130.55
3227,40,0,1,135.57
3228,45,1,1,108.0
3229,34,0,0,88.08
3230,18,0,1,144.56
3231,44,1,1,79.07
3232,43,1,1,208.3
3233,22,1,1,111.66
3234,37,0,1,62.48
3235,40,1,1,139.04
3236,53,0,1,76.89
3237,36,0,0,124.23
3238,35,0,0,138.4
3239,55,1,0,48.24
3240,51,1,1,73.57
3241,36,1,0,15.21
3242,38,0,1,93.83
3243,29,0,1,142.55
3244,34,1,1,200.02
3245,36,0,1,119.33
3246,48,1,0,59.23
3247,56,1,1,40.71
3248,18,0,0,142.01
3249,34,1,1,133.05
3250,34,1,1,107.22
3251,38,1,1,133.37
3252,38,1,1,107.5
3253,30,1,0,66.53
3254,47,1,1,112.0
3255,28,1,1,-7.66
3256,44,0,0,56.03
3257,35,1,1,70.16
3258,31,0,0,60.92
3259,45,0,1,112.5
3260,42,0,0,55.88
3261,40,1,1,187.3
3262,50,0,1,188.67
3263,32,1,1,181.01
3264,52,1,0,55.46
3265,60,0,0,106.67
3266,47,0,0,72.96
3267,41,1,1,78.38
3268,37,1,1,87.34
3269,36,0,1,72.43
3270,30,0,1,118.66
3271,29,1,1,96.73
3272,43,1,1,82.07
3273,33,0,0,69.06
3274,49,0,0,39.57
3275,41,1,1,48.91
3276,21,0,1,74.94
3277,41,0,0,59.1
3278,38,1,1,120.43
3279,44,1,1,98.0
3280,37,0,0,91.2
3281,61,1,0,99.52
3282,28,0,0,82.71
3283,45,1,0,60.73
3284,38,1,0,103.32
3285,29,0,0,87.26
3286,31,0,1,213.58
3287,35,1,1,136.83
3288,36,0,0,54.15
3289,31,1,1,45.54
3290,46,0,1,34.11
3291,62,1,1,103.18
3292,42,1,1,192.97
3293,44,1,1,101.04
3294,36,1,0,41.25
3295,45,1,1,158.32
3296,41,1,1,98.75
3297,33,0,0,74.8
3298,51,0,1,101.32
3299,37,0,1,47.01
3300,36,1,1,104.73
3301,45,0,1,133.15
3302,49,1,1,68.6
3303,47,0,0,21.2
3304,41,0,1,96.23
3305,30,0,1,116.02
3306,21,0,1,67.59
3307,53,1,1,37.92
3308,22,1,1,205.44
3309,33,1,1,70.58
3310,26,1,1,143.67
3311,37,0,0,78.68
3312,33,1,1,91.4
3313,32,0,1,53.52
3314,44,0,1,50.08
3315,20,0,0,119.7
3316,30,1,1,107.07
3317,46,0,0,-11.95
3318,30,0,0,69.83
3319,57,1,1,3.53
3320,27,1,1,83.94
3321,37,1,1,190.92
3322,34,1,1,71.27
3323,41,0,0,120.52
3324,20,1,1,170.24
3325,40,0,0,72.67
3326,35,0,1,105.08
3327,35,0,0,25.78
3328,44,1,1,19.58
3329,31,1,1,39.23
3330,42,0,1,131.72
3331,39,0,0,114.57
3332,36,1,1,148.17
3333,50,1,1,4.37
3334,24,0,1,47.64
3335,60,1,1,186.66
3336,45,0,1,108.78
3337,41,0,0,-10.59
3338,36,0,0,20.76
3339,42,0,0,110.63
3340,41,1,0,58.45
3341,46,0,1,52.87
3342,33,1,1,155.46
3343,40,0,0,34.31
3344,47,0,1,12.89
3345,32,0,1,166.58
3346,43,0,0,100.96
3347,25,1,1,143.81
3348,26,1,0,-0.47
3349,29,1,1,143.68
3350,20,1,0,124.1
3351,39,1,1,181.78
3352,41,0,1,62.94
3353,57,0,1,101.24
3354,37,1,1,174.7
3355,25,1,0,91.14
3356,28,0,1,106.35
3357,32,1,1,207.25
3358,39,1,1,146.06
3359,48,0,1,79.68
3360,62,0,0,87.7
3361,29,1,1,74.82
3362,18,1,1,125.16
3363,29,1,1,149.68
3364,27,1,1,105.61
3365,31,1,1,95.84
3366,39,1,1,85.06
3367,43,1,1,153.35
3368,52,0,1,144.41
3369,32,1,1,81.43
3370,37,0,1,128.93
3371,32,1,1,169.09
3372,31,1,1,104.55
3373,36,1,1,113.55
3374,32,0,0,96.35
3375,48,1,0,-44.34
3376,42,1,0,-65.86
3377,41,0,1,142.0
3378,18,1,1,82.36
3379,30,1,0,134.91
3380,32,1,1,133.17
3381,35,1,1,174.06
3382,50,1,1,110.06
3383,36,1,1,196.05
3384,24,1,1,143.8
3385,24,1,1,135.53
3386,33,1,1,45.68
3387,49,0,0,124.0
3388,37,0,1,64.0
3389,38,0,0,12.76
3390,37,0,1,173.4
3391,34,1,0,85.07
3392,28,1,1,120.77
3393,40,0,0,68.52
3394,22,1,1,98.09
3395,42,0,0,142.02
3396,48,1,1,28.98
3397,38,1,1,21.48
3398,27,1,1,75.39
3399,52,0,1,65.06
3400,38,1,0,79.48
3401,55,0,1,142.04
3402,32,0,0,80.55
3403,34,0,0,98.47
3404,47,0,1,150.19
3405,26,0,0,36.77
3406,21,0,1,122.7
3407,36,1,1,98.45
3408,41,0,0,99.05
3409,48,1,1,47.54
3410,48,0,1,79.78
3411,44,1,1,89.09
3412,42,1,1,181.09
3413,37,1,1,174.14
3414,31,0,1,139.08
3415,37,1,1,227.85
3416,28,1,0,-8.32
3417,42,0,0,15.84
3418,22,0,0,109.24
3419,47,0,0,131.67
3420,52,0,1,23.21
3421,29,0,0,-45.1
3422,35,0,0,83.59
3423,44,1,0,96.99
3424,39,0,1,102.35
3425,31,0,0,31.38
3426,38,0,1,162.27
3427,40,1,1,228.64
3428,27,0,0,132.92
3429,35,0,1,115.58
3430,53,0,0,170.21
3431,21,1,1,162.46
3432,41,0,0,71.23
3433,57,0,1,124.04
3434,28,0,1,65.78
3435,39,1,1,123.11
3436,43,0,0,66.22
3437,18,1,0,77.76
3438,35,0,1,137.42
3439,26,0,1,141.58
3440,26,0,0,102.49
3441,35,0,1,116.99
3442,35,1,1,73.83
3443,30,0,1,142.98
3444,49,1,1,131.78
3445,31,0,1,161.28
3446,22,1,1,123.91
3447,33,0,0,28.17
3448,22,0,0,104.87
3449,40,0,1,158.35
3450,44,1,1,95.31
3451,30,1,1,109.93
3452,18,0,1,69.48
3453,55,0,1,38.84
3454,43,0,1,94.6
3455,35,1,1,176.28
3456,47,1,1,61.44
3457,28,0,0,64.25
3458,39,0,0,21.46
3459,22,0,0,49.62
3460,37,0,1,126.63
3461,20,1,0,134.47
3462,37,1,1,182.15
3463,20,1,1,106.18
3464,61,1,1,95.97
3465,25,1,0,59.08
3466,30,1,0,110.43
3467,31,0,0,118.19
3468,22,0,1,166.5
3469,40,0,1,124.58
3470,20,0,0,131.61
3471,30,0,0,-11.84
3472,27,1,1,112.48
3473,27,1,1,54.35
3474,49,1,1,103.68
3475,40,0,1,209.02
3476,18,0,0,-12.74
3477,29,1,0,132.97
3478,37,1,1,116.94
3479,50,1,1,124.04
3480,39,0,0,6.21
3481,36,1,1,86.67
3482,44,1,1,62.92
3483,32,1,1,184.91
3484,18,0,0,117.8
3485,32,0,1,104.52
3486,37,1,1,165.36
3487,27,0,1,144.61
3488,38,1,1,70.66
3489,26,0,1,180.02
3490,62,1,1,191.05
3491,32,1,1,157.93
3492,49,0,1,128.26
3493,44,0,1,205.96
3494,30,1,0,80.47
3495,35,0,0,44.31
3496,31,0,0,29.44
3497,31,1,1,120.75
3498,39,0,0,14.17
3499,47,1,1,88.25
3500,32,0,1,40.69
3501,42,1,1,74.33
3502,23,1,1,93.42
3503,47,0,0,90.29
3504,39,0,0,-43.69
3505,37,0,1,78.11
3506,32,0,0,47.58
3507,41,0,0,10.46
3508,35,0,0,9.65
3509,30,1,1,120.41
3510,38,1,1,85.83
3511,39,1,1,60.73
3512,40,1,1,126.35
3513,39,0,0,94.39
3514,26,1,1,139.43
3515,41,1,1,128.98
3516,65,1,1,79.62
3517,18,0,0,57.54
3518,49,1,0,-4.44
3519,41,1,1,139.49
3520,38,1,0,85.77
3521,33,0,1,124.72
3522,42,0,1,49.35
3523,49,0,0,39.03
3524,40,1,1,106.62
3525,44,1,1,70.28
3526,43,1,0,43.14
3527,33,1,1,146.1
3528,46,0,0,102.73
3529,39,0,1,124.28
3530,38,0,1,124.75
3531,35,1,1,-1.91
3532,46,1,1,150.13
3533,18,1,1,169.37
3534,55,1,1,53.93
3535,35,0,0,45.99
3536,29,0,0,135.52
3537,44,1,1,71.4
3538,37,1,1,81.34
3539,38,0,0,106.15
3540,44,1,1,1.75
3541,44,0,1,96.05
3542,22,0,0,96.85
3543,49,0,1,34.72
3544,41,0,1,112.71
3545,48,0,1,81.74
3546,58,0,0,76.93
3547,43,0,0,95.24
3548,30,1,1,22.6
3549,25,0,0,120.73
3550,46,1,1,150.5
3551,31,0,0,18.51
3552,42,1,1,112.92
3553,43,0,0,57.52
3554,44,0,0,75.27
3555,47,1,1,100.73
3556,22,0,0,57.67
3557,36,1,1,117.15
3558,43,0,0,164.24
3559,24,1,1,141.89
3560,24,0,0,112.77
3561,28,0,1,136.38
3562,18,1,0,101.99
3563,24,0,1,124.27
3564,44,0,0,129.39
3565,45,1,1,85.91
3566,25,1,1,150.1
3567,32,1,1,160.23
3568,38,1,1,73.96
3569,50,0,1,102.35
3570,23,1,1,60.54
3571,51,1,0,91.31
3572,28,0,0,186.69
3573,31,0,1,90.25
3574,45,0,1,100.81
3575,32,1,1,74.96
3576,49,0,1,61.56
3577,48,0,0,79.0
3578,30,0,0,116.62
3579,37,1,1,137.35
3580,44,1,1,179.51
3581,49,1,1,138.02
3582,37,1,1,31.67
3583,39,1,1,162.22
3584,40,0,1,80.1
3585,49,1,1,105.08
3586,41,1,1,125.36
3587,29,0,0,78.08
3588,32,0,0,113.57
3589,33,1,1,124.14
3590,22,0,0,38.05
3591,43,0,1,100.37
3592,42,1,1,116.04
3593,45,0,1,78.87
3594,48,0,0,-1.11
3595,23,0,0,87.02
3596,54,1,1,18.41
3597,30,0,0,39.86
3598,30,0,1,198.95
3599,49,1,1,66.3
3600,22,1,1,174.3
3601,48,0,1,2.01
3602,41,1,1,32.57
3603,39,1,1,85.96
3604,38,1,1,80.76
3605,28,0,0,72.25
3606,50,1,1,111.31
3607,39,1,1,171.6
3608,22,1,1,146.26
3609,45,1,1,175.34
3610,32,0,1,119.16
3611,56,1,0,-16.42
3612,18,0,1,222.25
3613,42,1,1,95.39
3614,50,1,1,80.81
3615,57,0,1,151.99
3616,41,0,1,126.59
3617,25,0,0,-2.29
3618,36,1,1,98.94
3619,39,1,0,71.04
3620,35,1,1,29.48
3621,44,1,1,12.8
3622,27,0,1,175.76
3623,37,0,0,46.72
3624,27,1,1,151.9
3625,41,0,0,70.48
3626,43,1,1,129.58
3627,45,0,1,155.76
3628,31,1,1,111.64
3629,27,0,0,37.03
3630,19,0,0,62.76
3631,43,1,1,138.3
3632,38,0,0,68.48
3633,32,1,1,104.78
3634,30,1,1,151.52
3635,41,1,1,117.64
3636,44,1,1,116.24
3637,45,0,0,28.43
3638,29,1,0,144.72
3639,45,0,0,98.22
3640,22,1,0,59.15
3641,46,0,0,85.94
3642,57,1,1,74.37
3643,56,0,1,190.69
3644,26,0,0,63.84
3645,48,0,0,-4.63
3646,21,0,1,171.48
3647,36,0,1,186.56
3648,29,0,0,71.06
3649,38,0,1,122.04
3650,32,1,1,64.0
3651,36,1,1,72.49
3652,37,1,1,141.26
3653,44,0,0,108.87
3654,22,1,1,41.55
3655,41,1,1,53.09
3656,45,1,1,101.0
3657,43,0,1,151.75
3658,32,1,0,93.27
3659,34,0,1,90.52
3660,38,0,0,104.67
3661,25,1,0,111.8
3662,18,1,1,172.07
3663,18,1,1,155.68
3664,26,0,0,-7.39
3665,18,0,1,134.87
3666,30,0,0,35.17
3667,43,0,1,171.17
3668,40,0,0,109.15
3669,52,1,1,198.72
3670,36,1,0,28.01
3671,33,0,1,63.73
3672,28,0,1,154.81
3673,27,0,1,71.04
3674,25,0,1,192.12
3675,38,1,1,87.55
3676,27,1,1,144.75
3677,18,0,0,35.2
3678,40,1,1,109.95
3679,32,0,1,124.39
3680,18,0,1,82.27
3681,33,1,0,85.31
3682,36,0,1,136.0
3683,27,0,1,64.06
3684,37,1,1,174.43
3685,31,0,0,82.4
3686,57,1,1,46.27
3687,44,0,1,71.33
3688,27,0,1,101.29
3689,32,0,0,46.58
3690,24,1,0,77.59
3691,51,0,1,101.35
3692,41,0,1,49.4
3693,38,1,1,177.86
3694,27,1,1,98.55
3695,46,0,1,85.45
3696,33,1,1,64.43
3697,34,1,0,87.91
3698,45,0,0,143.97
3699,25,0,0,95.36
3700,35,0,1,81.68
3701,29,0,1,115.53
3702,43,1,1,223.44
3703,41,0,1,77.71
3704,46,0,0,36.66
3705,24,1,1,139.29
3706,40,0,1,132.67
3707,35,0,1,117.46
3708,23,0,0,20.28
3709,46,0,0,127.87
3710,18,1,1,124.68
3711,51,0,1,37.41
3712,51,1,1,71.03
3713,38,1,1,34.79
3714,49,1,1,168.87
3715,36,1,0,77.78
3716,39,0,0,67.59
3717,27,1,0,104.91
3718,36,1,1,118.39
3719,33,0,1,209.95
3720,37,0,0,65.46
3721,35,0,0,13.76
3722,35,0,0,59.4
3723,19,0,0,81.94
3724,43,1,1,80.99
3725,33,0,1,95.55
3726,33,1,1,54.57
3727,18,0,0,85.28
3728,46,0,1,46.39
3729,31,0,0,-23.47
3730,31,1,1,107.65
3731,27,1,1,110.09
3732,48,1,1,20.0
3733,50,1,1,73.1
3734,36,1,0,90.17
3735,24,0,0,102.82
3736,41,0,0,125.62
3737,39,1,1,74.45
3738,24,1,0,21.82
3739,24,1,1,105.06
3740,30,1,1,117.7
3741,40,1,1,64.92
3742,22,0,1,115.89
3743,27,1,1,197.1
3744,28,0,0,71.31
3745,30,0,1,136.35
3746,35,0,1,141.76
3747,37,0,0,-0.57
3748,46,1,1,101.14
3749,32,1,1,143.21
3750,22,0,1,72.74
3751,34,0,0,109.04
3752,56,1,1,56.61
3753,29,0,0,100.49
3754,30,0,0,29.23
3755,56,1,1,109.17
3756,36,0,1,141.53
3757,18,1,1,75.89
3758,52,0,0,164.35
3759,24,0,0,66.03
3760,42,0,0,76.25
3761,45,0,1,108.44
3762,39,1,1,15.5
3763,27,1,1,75.78
3764,30,0,0,132.41
3765,31,0,0,138.69
3766,55,0,1,170.22
3767,47,0,1,105.41
3768,49,1,1,53.4
3769,53,1,1,88.83
3770,44,1,1,34.68
3771,32,0,0,118.36
3772,18,1,1,108.54
3773,23,1,1,118.85
3774,40,1,1,74.26
3775,64,0,0,45.75
3776,43,1,1,99.22
3777,43,0,0,128.31
3778,43,1,1,43.63
3779,46,0,0,99.53
3780,28,0,0,83.95
3781,18,0,0,54.09
3782,47,0,0,15.85
3783,61,0,0,38.27
3784,51,0,0,39.29
3785,36,0,0,9.63
3786,41,0,0,11.32
3787,36,1,1,175.14
3788,27,1,1,140.06
3789,39,1,1,149.69
3790,48,0,1,114.51
3791,39,0,1,151.0
3792,35,0,0,23.51
3793,36,0,0,70.95
3794,22,1,1,24.38
3795,50,0,0,102.8
3796,40,1,1,95.43
3797,32,1,0,97.17
3798,35,1,1,33.32
3799,45,0,1,167.96
3800,33,1,1,140.88
3801,24,1,0,70.21
3802,29,1,1,47.66
3803,33,0,1,116.64
3804,32,0,0,61.04
3805,31,1,1,174.11
3806,56,1,1,126.34
3807,42,1,1,74.2
3808,24,1,1,4.94
3809,30,0,1,130.41
3810,35,1,0,30.2
3811,29,0,0,60.9
3812,38,1,0,35.04
3813,18,0,1,116.45
3814,41,0,1,111.98
3815,30,1,1,79.39
3816,42,1,1,12.07
3817,39,1,1,73.49
3818,38,0,1,109.37
3819,33,1,0,93.19
3820,37,1,1,153.3
3821,42,1,1,88.51
3822,45,0,0,29.67
3823,46,1,1,114.16
3824,35,0,0,43.18
3825,44,0,1,72.71
3826,38,0,0,86.04
3827,61,0,1,67.66
3828,39,0,0,60.61
3829,37,0,0,18.66
3830,21,1,0,130.48
3831,20,1,1,172.08
3832,40,1,1,72.44
3833,43,0,1,44.73
3834,33,1,1,132.37
3835,32,0,0,-23.33
3836,30,0,0,91.11
3837,44,0,1,153.86
3838,33,0,1,153.04
3839,45,1,1,40.42
3840,42,1,1,98.67
3841,35,1,1,80.39
3842,37,0,0,82.7
3843,30,1,1,144.31
3844,37,1,0,136.57
3845,40,1,1,183.77
3846,20,0,1,151.06
3847,48,1,1,120.91
3848,51,1,0,20.03
3849,18,1,1,179.92
3850,42,0,0,37.85
3851,35,1,1,116.47
3852,46,1,1,189.38
3853,35,0,1,40.3
3854,52,1,1,50.01
3855,26,1,1,218.94
3856,39,0,0,65.69
3857,34,1,1,195.48
3858,30,0,1,161.6
3859,33,1,1,136.46
3860,47,1,1,140.22
3861,23,0,1,141.48
3862,39,1,1,182.95
3863,48,0,0,6.26
3864,42,0,0,70.24
3865,22,0,0,145.81
3866,41,0,0,140.33
3867,54,0,0,134.8
3868,18,0,1,174.2
3869,50,0,1,193.01
3870,28,1,0,51.61
3871,43,1,0,48.15
3872,42,1,0,25.01
3873,35,1,1,66.84
3874,36,1,1,67.24
3875,40,0,1,55.39
3876,20,1,1,166.81
3877,51,0,1,63.49
3878,18,1,0,-27.12
3879,18,0,1,83.9
3880,20,1,1,113.78
3881,39,1,1,81.75
3882,53,1,1,128.33
3883,38,1,1,226.0
3884,48,1,1,109.1
3885,19,1,1,102.75
3886,63,0,1,4.0
3887,37,0,1,45.62
3888,46,0,0,101.45
3889,44,0,0,168.35
3890,44,0,0,108.14
3891,32,0,1,70.44
3892,35,1,1,148.31
3893,33,1,1,130.89
3894,36,1,1,63.78
3895,35,0,1,134.54
3896,48,0,1,142.01
3897,24,0,0,80.15
3898,36,1,1,157.36
3899,32,0,1,58.88
3900,35,0,0,136.72
3901,33,1,1,152.04
3902,22,0,0,113.87
3903,19,0,0,140.91
3904,18,0,1,156.53
3905,27,0,0,9.78
3906,23,0,0,32.45
3907,34,0,0,-12.92
3908,29,0,0,39.91
3909,31,1,1,143.93
3910,25,0,0,156.67
3911,29,1,1,119.8
3912,31,0,1,142.92
3913,33,0,0,55.96
3914,22,0,1,200.8
3915,40,1,1,101.24
3916,44,0,0,57.12
3917,23,0,1,128.82
3918,67,0,1,127.67
3919,44,0,0,121.4
3920,34,0,1,114.02
3921,46,1,1,90.96
3922,39,0,0,109.73
3923,35,0,1,90.65
3924,46,0,0,26.89
3925,31,0,0,119.58
3926,18,1,1,145.05
3927,53,1,1,94.38
3928,44,0,1,47.26
3929,30,1,1,106.77
3930,35,1,1,98.25
3931,34,0,1,67.02
3932,34,0,1,184.8
3933,18,1,1,103.56
3934,46,0,0,52.78
3935,44,0,1,-2.01
3936,51,0,1,48.25
3937,30,1,0,51.82
3938,36,0,0,45.19
3939,30,1,1,108.3
3940,34,0,0,134.87
3941,27,0,1,99.18
3942,37,1,0,32.93
3943,40,1,0,-24.18
3944,34,0,1,219.91
3945,31,1,1,149.8
3946,24,1,1,138.61
3947,43,1,1,138.04
3948,33,0,0,123.59
3949,18,0,1,184.09
3950,59,1,1,77.24
3951,44,0,0,24.21
3952,37,0,0,82.13
3953,18,1,1,184.91
3954,52,1,1,203.3
3955,35,0,1,120.86
3956,35,0,0,65.88
3957,46,0,1,169.88
3958,20,0,0,53.21
3959,19,0,0,135.68
3960,33,1,1,65.77
3961,46,1,0,28.42
3962,34,0,0,75.58
3963,35,0,0,32.79
3964,61,0,1,148.02
3965,18,1,1,89.68
3966,62,1,1,94.97
3967,25,0,0,77.46
3968,34,0,0,53.27
3969,51,1,1,82.6
3970,38,0,0,-8.71
3971,43,0,0,-21.53
3972,34,1,1,67.82
3973,34,0,0,27.39
3974,27,1,1,193.17
3975,23,1,1,97.66
3976,18,0,1,81.74
3977,60,0,1,130.33
3978,38,0,0,27.52
3979,48,0,1,49.58
3980,45,0,1,61.97
3981,21,0,1,169.58
3982,18,1,1,80.46
3983,31,1,1,102.39
3984,41,0,0,75.45
3985,26,0,0,-20.97
3986,36,0,0,162.96
3987,31,0,0,71.61
3988,35,1,1,167.94
3989,21,0,1,151.2
3990,36,0,0,67.76
3991,30,0,0,130.92
3992,58,1,1,75.76
3993,19,0,1,139.06
3994,41,0,0,117.27
3995,41,0,0,85.83
3996,35,1,1,77.82
3997,29,1,1,132.2
3998,30,0,0,81.98
3999,22,1,0,88.7
4000,39,0,0,50.68
4001,35,0,1,173.23
4002,40,1,1,116.93
4003,32,0,0,116.29
4004,45,1,1,5.06
4005,21,0,1,136.19
4006,39,0,1,90.91
4007,18,1,1,99.38
4008,48,0,1,47.26
4009,33,0,0,134.84
4010,45,0,0,235.55
4011,36,0,1,131.31
4012,31,0,1,77.73
4013,48,0,1,65.99
4014,18,1,1,11.46
4015,35,0,0,63.31
4016,43,0,1,7.92
4017,40,0,1,99.69
4018,36,0,0,6.4
4019,38,1,0,35.67
4020,18,0,1,110.0
4021,48,1,0,55.41
4022,37,0,0,57.75
4023,57,0,1,123.26
4024,51,0,0,82.88
4025,52,1,1,172.11
4026,43,0,0,96.39
4027,45,0,1,116.33
4028,54,0,1,55.97
4029,22,1,0,104.22
4030,41,1,1,91.56
4031,54,1,1,99.82
4032,44,1,1,69.18
4033,38,1,0,97.1
4034,36,1,0,60.1
4035,34,1,0,32.63
4036,39,0,1,105.01
4037,33,1,1,85.49
4038,55,1,1,61.1
4039,20,0,0,149.98
4040,54,1,0,-23.66
4041,35,1,1,160.16
4042,36,0,0,33.17
4043,38,1,1,172.32
4044,19,0,1,20.33
4045,52,0,0,11.74
4046,36,0,1,151.44
4047,37,1,1,165.89
4048,28,0,0,60.24
4049,38,1,1,79.22
4050,39,1,1,114.54
4051,30,0,1,95.85
4052,40,1,1,78.5
4053,32,0,0,86.23
4054,25,1,1,173.34
4055,46,0,0,73.11
4056,52,1,1,74.31
4057,40,0,0,179.05
4058,45,1,1,-46.87
4059,42,1,1,169.51
4060,66,0,0,119.14
4061,37,1,0,136.35
4062,54,0,1,70.94
4063,18,0,1,111.75
4064,27,0,0,57.46
4065,19,1,0,100.1
4066,27,0,0,84.34
4067,40,1,0,11.06
4068,49,0,0,64.55
4069,34,1,1,156.75
4070,33,1,0,33.85
4071,26,1,1,33.0
4072,37,1,1,120.82
4073,45,0,0,0.12
4074,36,1,0,41.65
4075,20,0,1,207.44
4076,32,1,1,4.33
4077,20,0,0,114.07
4078,28,0,0,33.28
4079,19,0,0,110.15
4080,28,1,1,48.32
4081,22,1,1,79.26
4082,50,0,1,170.89
4083,40,0,0,148.92
4084,28,0,0,171.26
4085,19,0,1,111.11
4086,34,1,1,93.85
4087,51,0,0,45.89
4088,20,1,0,205.09
4089,25,0,1,2.81
4090,37,0,1,153.34
4091,19,0,0,120.55
4092,46,1,1,86.15
4093,44,1,1,178.85
4094,33,0,0,101.95
4095,30,0,0,70.95
4096,38,0,0,41.13
4097,25,1,1,104.81
4098,31,1,1,155.11
4099,31,0,0,57.44
4100,45,1,0,50.34
4101,21,1,1,162.51
4102,24,0,0,42.37
4103,32,1,1,55.12
4104,35,0,1,143.84
4105,45,0,1,40.8
4106,50,1,1,106.2
4107,43,1,0,23.32
4108,30,1,1,226.19
4109,26,0,0,131.84
4110,49,0,0,129.28
4111,18,1,1,99.02
4112,24,1,1,137.1
4113,34,0,1,66.05
4114,36,0,1,24.79
4115,21,0,1,158.35
4116,41,0,0,60.12
4117,31,0,0,52.31
4118,44,1,1,73.36
4119,34,1,1,143.51
4120,33,1,0,126.33
4121,28,1,0,100.18
4122,37,0,0,47.89
4123,31,1,1,126.89
4124,25,1,1,61.78
4125,29,1,1,68.53
4126,48,0,1,212.02
4127,23,0,0,114.82
4128,18,0,0,101.2
4129,33,1,1,-4.03
4130,18,1,1,132.13
4131,50,0,0,-18.25
4132,26,0,0,67.88
4133,30,1,1,160.41
4134,40,0,0,56.56
4135,43,0,0,49.51
4136,56,1,1,121.27
4137,34,0,0,34.08
4138,45,1,1,208.62
4139,29,0,1,128.24
4140,48,0,1,125.45
4141,45,1,1,126.16
4142,28,1,0,17.1
4143,40,1,1,100.28
4144,25,0,0,31.89
4145,18,0,1,84.22
4146,42,0,1,187.23
4147,25,0,1,14.11
4148,26,1,1,124.05
4149,19,0,1,129.32
4150,28,0,0,113.64
4151,40,0,1,87.22
4152,26,1,1,183.63
4153,27,1,1,169.42
4154,33,0,0,110.83
4155,29,1,0,20.85
4156,45,1,1,-20.24
4157,47,1,1,89.92
4158,41,0,0,53.7
4159,24,0,0,77.38
4160,44,1,1,137.11
4161,27,0,0,49.05
4162,40,1,1,63.11
4163,37,1,1,186.39
4164,27,0,0,81.68
4165,37,1,1,97.85
4166,29,1,1,117.95
4167,52,0,1,54.36
4168,35,0,1,157.36
4169,34,1,1,83.31
4170,52,0,0,145.5
4171,42,1,1,92.11
4172,27,0,0,7.47
4173,39,1,0,129.18
4174,39,0,1,254.27
4175,39,1,1,84.82
4176,43,1,1,52.73
4177,44,0,1,94.7
4178,36,1,1,132.34
4179,58,1,1,28.76
4180,22,1,1,108.17
4181,27,1,1,33.34
4182,21,0,1,91.45
4183,29,0,0,29.77
4184,48,1,1,114.09
4185,19,0,0,120.26
4186,27,0,0,95.59
4187,46,0,1,42.78
4188,37,0,1,157.55
4189,20,1,1,97.96
4190,42,1,1,115.36
4191,30,1,1,91.8
4192,42,1,1,101.69
4193,37,1,1,91.81
4194,44,0,0,67.65
4195,30,1,1,212.45
4196,49,0,0,130.22
4197,26,0,1,179.53
4198,44,0,0,45.93
4199,32,0,0,55.65
4200,47,1,1,171.34
4201,33,0,0,166.83
4202,18,0,0,68.06
4203,48,0,0,87.19
4204,39,1,1,101.68
4205,20,1,0,47.32
4206,39,1,1,258.66
4207,44,1,1,62.49
4208,22,0,1,168.46
4209,31,1,1,9.33
4210,37,1,1,110.11
4211,49,0,1,153.59
4212,49,0,1,65.83
4213,41,0,0,92.16
4214,18,0,1,140.18
4215,30,0,1,129.94
4216,43,0,0,60.85
4217,33,1,1,132.83
4218,51,0,0,49.51
4219,28,0,0,160.97
4220,33,1,1,104.24
4221,30,0,0,97.66
4222,31,1,1,136.18
4223,26,0,1,123.84
4224,58,0,0,49.08
4225,33,0,1,71.86
4226,55,0,1,151.63
4227,36,1,1,112.4
4228,52,1,1,15.93
4229,52,1,0,43.97
4230,25,0,1,136.82
4231,45,1,1,89.43
4232,26,1,1,147.21
4233,28,0,0,83.86
4234,59,1,1,2.89
4235,25,1,1,90.45
4236,36,1,1,49.72
4237,42,1,1,149.94
4238,25,1,0,26.72
4239,36,0,1,171.11
4240,43,0,0,52.93
4241,57,0,0,-11.03
4242,36,0,0,143.01
4243,26,1,1,181.26
4244,35,1,1,174.52
4245,42,1,1,76.78
4246,22,0,0,79.91
4247,38,0,0,64.09
4248,48,0,1,24.88
4249,47,1,1,108.44
4250,31,1,0,83.51
4251,18,0,1,43.48
4252,49,0,0,112.41
4253,36,0,0,65.31
4254,39,1,1,141.86
4255,37,1,1,42.27
4256,54,0,0,83.68
4257,30,1,1,21.81
4258,21,1,1,116.04
4259,36,0,0,-40.0
4260,50,1,0,22.61
4261,43,0,1,206.63
4262,44,1,1,122.45
4263,47,0,0,148.42
4264,56,0,0,80.25
4265,42,0,0,162.68
4266,35,1,1,28.67
4267,33,1,0,134.38
4268,31,0,0,37.0
4269,40,0,0,48.6
4270,49,0,1,18.77
4271,27,1,1,160.19
4272,51,0,1,233.2
4273,35,0,0,-13.27
4274,31,0,1,140.22
4275,26,0,1,230.16
4276,24,0,1,212.14
4277,41,0,0,135.76
4278,34,0,1,196.84
4279,28,0,0,22.62
4280,63,0,0,29.08
4281,38,0,0,58.67
4282,35,1,0,147.96
4283,20,1,1,177.62
4284,41,0,0,102.36
4285,36,0,1,149.01
4286,37,1,0,118.05
4287,44,1,1,120.62
4288,26,1,1,127.25
4289,31,0,0,125.16
4290,36,0,1,84.86
4291,75,1,1,80.52
4292,36,0,1,153.82
4293,42,0,1,27.78
4294,41,1,1,97.44
4295,31,0,1,189.54
4296,36,1,1,87.54
4297,20,0,1,188.27
4298,43,1,1,125.88
4299,46,0,0,54.34
4300,21,1,0,114.45
4301,36,0,1,144.67
4302,38,0,1,174.77
4303,40,1,1,118.39
4304,34,0,0,97.67
4305,33,1,1,132.49
4306,58,0,1,87.07
4307,61,1,1,139.74
4308,18,1,1,201.05
4309,19,0,1,49.3
4310,43,1,1,96.04
4311,25,1,0,84.72
4312,47,0,0,-48.91
4313,47,1,1,72.15
4314,28,0,0,6.76
4315,30,1,0,21.75
4316,24,0,1,237.16
4317,22,1,0,87.61
4318,38,0,0,69.76
4319,33,1,1,124.99
4320,49,1,1,71.12
4321,18,0,0,87.73
4322,48,0,1,58.3
4323,33,0,0,92.28
4324,29,1,1,142.23
4325,40,1,1,76.62
4326,27,1,1,147.08
4327,40,0,1,141.55
4328,33,0,0,119.07
4329,34,0,1,64.72
4330,29,1,1,98.43
4331,35,1,0,-43.94
4332,42,0,0,132.62
4333,36,1,1,92.48
4334,29,1,1,98.21
4335,69,0,0,-12.38
4336,42,0,1,148.01
4337,52,1,1,97.33
4338,53,0,0,-20.66
4339,47,1,1,112.29
4340,38,1,1,110.94
4341,46,0,0,11.67
4342,41,0,1,103.59
4343,36,0,0,18.95
4344,41,1,1,81.22
4345,45,0,1,179.32
4346,20,0,0,121.71
4347,32,1,1,193.56
4348,38,0,0,-43.73
4349,40,1,0,96.23
4350,52,0,1,154.69
4351,49,0,0,133.34
4352,41,0,0,78.27
4353,32,0,0,98.72
4354,22,1,1,149.27
4355,34,0,1,95.5
4356,42,0,0,72.45
4357,23,1,1,71.68
4358,25,1,1,169.45
4359,39,0,0,-3.32
4360,38,0,0,31.42
4361,31,0,1,147.66
4362,34,0,0,62.14
4363,45,1,1,78.06
4364,45,0,1,157.45
4365,25,0,0,100.74
4366,34,0,1,95.58
4367,56,0,0,-9.43
4368,19,1,1,67.93
4369,43,1,1,51.05
4370,18,0,0,139.4
4371,25,1,1,95.65
4372,23,0,0,9.45
4373,23,1,1,208.62
4374,24,0,0,50.85
4375,52,0,0,115.34
4376,42,1,1,224.4
4377,20,1,1,123.72
4378,35,1,0,70.07
4379,53,1,0,57.72
4380,18,0,0,27.58
4381,18,1,1,124.92
4382,30,0,1,104.76
4383,40,1,1,116.59
4384,36,1,1,61.84
4385,44,0,0,12.56
4386,29,0,1,112.11
4387,50,1,0,102.96
4388,23,0,0,27.32
4389,34,0,0,86.14
4390,28,1,1,191.78
4391,21,0,0,34.16
4392,30,0,0,22.52
4393,42,0,1,143.76
4394,40,1,1,75.28
4395,25,0,0,172.57
4396,30,1,1,59.82
4397,59,1,1,16.48
4398,35,1,1,90.39
4399,23,1,1,197.66
4400,53,1,1,70.9
4401,44,1,1,47.31
4402,18,0,0,-5.86
4403,47,0,1,59.47
4404,28,1,1,156.19
4405,32,1,1,103.86
4406,44,0,0,71.75
4407,49,0,1,90.2
4408,36,1,1,-30.93
4409,44,0,1,214.57
4410,23,0,0,34.81
4411,32,0,1,173.62
4412,47,0,1,60.09
4413,43,1,1,27.28
4414,37,0,0,68.7
4415,33,0,0,175.28
4416,53,1,1,182.49
4417,40,0,1,133.97
4418,35,0,1,102.63
4419,60,0,0,-67.61
4420,30,1,1,137.08
4421,19,0,0,103.24
4422,40,1,1,85.58
4423,30,1,1,143.9
4424,40,1,1,144.73
4425,42,0,0,147.87
4426,52,1,0,2.1
4427,19,1,1,198.77
4428,27,0,0,85.68
4429,33,1,1,93.82
4430,18,0,0,25.83
4431,26,1,1,151.27
4432,26,0,0,-6.95
4433,45,1,1,133.2
4434,46,0,1,124.96
4435,33,0,1,130.73
4436,23,0,0,-25.06
4437,27,1,1,174.35
4438,33,1,1,158.06
4439,36,0,0,48.86
4440,37,1,1,109.11
4441,39,0,0,136.13
4442,61,1,0,134.77
4443,30,1,0,157.7
4444,33,1,1,162.21
4445,36,0,0,45.29
4446,41,1,1,114.74
4447,33,1,1,119.5
4448,37,1,1,188.49
4449,29,0,0,115.86
4450,44,0,1,15.72
4451,38,1,1,113.62
4452,38,1,1,168.1
4453,47,0,0,82.6
4454,36,0,0,100.74
4455,25,1,1,146.1
4456,42,1,1,20.21
4457,37,0,0,4.28
4458,39,0,0,97.73
4459,20,1,1,46.11
4460,40,0,0,44.47
4461,51,0,0,-8.45
4462,29,0,0,15.77
4463,53,0,1,181.33
4464,35,0,1,1.86
4465,49,1,1,94.78
4466,38,1,1,109.08
4467,31,1,1,84.2
4468,30,1,1,101.02
4469,33,1,1,112.72
4470,29,0,0,110.44
4471,50,1,1,81.99
4472,27,0,0,68.08
4473,37,0,0,7.84
4474,20,1,1,101.74
4475,35,1,1,164.01
4476,52,1,1,76.17
4477,31,1,1,58.36
4478,33,0,1,106.84
4479,43,1,1,128.26
4480,40,1,1,173.35
4481,33,0,1,134.19
4482,31,1,1,187.21
4483,22,1,1,182.6
4484,31,0,0,127.25
4485,36,0,1,144.7
4486,26,1,0,52.63
4487,30,1,0,46.95
4488,18,0,0,39.55
4489,24,1,1,126.44
4490,38,0,0,82.76
4491,25,1,1,20.01
4492,38,0,0,85.83
4493,39,0,1,70.98
4494,35,0,0,106.41
4495,41,0,1,95.1
4496,32,0,0,124.82
4497,40,0,1,98.13
4498,56,1,1,150.93
4499,40,0,1,155.21
4500,58,0,0,40.71
4501,31,1,1,138.58
4502,54,1,1,67.99
4503,18,1,1,120.48
4504,23,0,0,39.68
4505,25,1,1,98.38
4506,54,0,1,61.89
4507,41,1,0,-1.97
4508,18,1,1,59.01
4509,18,0,1,193.44
4510,30,1,0,79.61
4511,32,1,1,107.35
4512,50,1,1,11.63
4513,23,1,1,34.59
4514,24,1,1,80.07
4515,30,1,1,155.79
4516,29,1,0,104.64
4517,35,1,1,150.61
4518,34,1,1,163.68
4519,29,1,0,19.55
4520,41,0,1,160.57
4521,18,0,0,97.01
4522,18,1,1,122.46
4523,43,1,1,88.55
4524,46,1,1,24.59
4525,18,1,1,153.15
4526,40,1,0,23.92
4527,33,0,0,38.77
4528,40,1,1,142.93
4529,23,1,1,206.13
4530,26,0,1,152.64
4531,38,1,1,71.81
4532,35,0,1,194.69
4533,44,1,1,147.1
4534,55,1,1,120.2
4535,45,1,1,163.24
4536,45,0,1,152.88
4537,36,0,1,119.7
4538,46,0,1,159.81
4539,33,0,1,96.06
4540,22,1,1,109.45
4541,37,1,1,130.9
4542,38,0,1,128.02
4543,28,0,0,77.41
4544,18,1,1,245.73
4545,34,1,1,131.22
4546,38,1,1,120.87
4547,33,0,0,190.12
4548,38,1,1,105.48
4549,51,0,1,100.26
4550,41,1,1,95.57
4551,37,0,1,127.7
4552,31,0,0,75.55
4553,34,1,1,78.38
4554,60,1,1,78.79
4555,31,1,0,154.36
4556,30,1,1,175.99
4557,33,1,1,186.28
4558,19,0,1,181.28
4559,23,1,0,31.56
4560,34,1,1,152.98
4561,55,0,1,36.56
4562,24,1,0,93.38
4563,29,1,1,148.01
4564,53,0,0,65.78
4565,32,0,1,142.85
4566,40,0,1,81.4
4567,41,1,1,67.46
4568,28,0,0,26.93
4569,35,1,1,218.37
4570,54,0,0,27.54
4571,43,0,1,94.65
4572,37,1,1,65.37
4573,39,0,1,145.82
4574,35,1,0,34.51
4575,62,1,1,57.94
4576,45,1,0,183.64
4577,30,1,1,92.77
4578,43,1,1,21.17
4579,30,0,0,118.7
4580,38,0,0,72.79
4581,44,1,0,80.46
4582,32,1,1,181.68
4583,29,0,0,143.38
4584,43,1,1,94.53
4585,33,0,1,111.44
4586,27,1,1,176.48
4587,47,0,0,43.22
4588,34,0,0,81.3
4589,42,1,1,152.53
4590,39,1,1,68.99
4591,45,0,0,147.86
4592,32,1,1,134.78
4593,19,1,1,118.93
4594,48,1,1,100.65
4595,27,1,1,24.93
4596,44,1,1,99.92
4597,38,0,0,87.84
4598,61,0,0,32.16
4599,41,1,1,130.58
4600,48,1,1,15.48
4601,40,1,0,100.45
4602,18,0,0,106.18
4603,40,1,1,157.22
4604,43,0,0,45.97
4605,38,0,0,-27.69
4606,58,1,1,35.67
4607,25,1,0,26.75
4608,38,0,0,16.16
4609,49,0,1,57.76
4610,39,0,1,144.38
4611,34,1,0,37.19
4612,31,1,1,36.25
4613,31,1,1,141.22
4614,34,0,0,34.44
4615,26,1,1,52.84
4616,31,0,0,33.59
4617,37,0,1,160.47
4618,33,0,1,73.89
4619,18,1,1,69.04
4620,36,1,0,51.38
4621,32,1,0,87.6
4622,46,0,0,92.15
4623,26,1,1,182.75
4624,44,1,1,135.31
4625,47,0,0,-5.45
4626,27,1,1,101.74
4627,18,1,1,151.18
4628,31,0,0,93.87
4629,29,0,1,135.23
4630,31,0,0,82.54
4631,36,1,1,142.28
4632,44,1,1,59.88
4633,18,1,1,52.68
4634,30,1,1,146.99
4635,28,1,1,95.87
4636,22,1,1,88.29
4637,26,1,0,151.31
4638,37,0,1,135.94
4639,27,1,1,139.1
4640,38,0,0,119.87
4641,31,1,0,62.23
4642,26,0,0,130.56
4643,43,1,1,64.37
4644,32,1,0,31.03
4645,53,0,0,109.18
4646,38,1,1,142.55
4647,63,0,0,85.53
4648,34,1,0,4.79
4649,18,1,1,165.67
4650,41,0,0,202.31
4651,23,1,1,155.78
4652,70,1,0,17.69
4653,61,1,1,111.81
4654,23,0,0,100.77
4655,39,0,0,117.0
4656,49,0,1,61.21
4657,47,1,1,136.81
4658,37,1,1,151.45
4659,55,1,1,72.68
4660,29,0,0,126.3
4661,45,0,0,78.86
4662,21,0,1,126.22
4663,19,0,1,161.83
4664,42,1,1,160.61
4665,44,0,0,32.75
4666,18,0,0,109.7
4667,50,1,1,116.73
4668,50,1,1,65.83
4669,48,1,1,26.74
4670,37,1,1,104.65
4671,35,1,1,116.02
4672,38,0,1,76.65
4673,43,0,0,62.04
4674,21,0,1,211.3
4675,18,0,1,77.35
4676,21,1,1,129.47
4677,38,0,1,113.63
4678,52,1,1,183.05
4679,22,0,1,180.99
4680,22,0,1,122.45
4681,25,0,0,28.9
4682,31,0,1,158.56
4683,41,0,0,136.81
4684,25,0,1,144.46
4685,40,1,1,127.83
4686,22,0,1,178.02
4687,31,1,1,108.27
4688,34,0,1,88.11
4689,31,0,0,56.38
4690,39,1,1,103.35
4691,29,1,1,17.98
4692,31,1,1,143.05
4693,41,1,1,116.01
4694,21,1,1,187.58
4695,18,0,0,151.66
4696,27,0,0,36.1
4697,44,0,0,-49.85
4698,27,1,1,149.84
4699,25,1,1,119.83
4700,50,1,1,204.26
4701,33,1,1,86.67
4702,19,0,0,38.08
4703,43,1,0,110.97
4704,24,0,0,70.39
4705,46,0,0,2.98
4706,52,0,0,30.48
4707,36,1,0,119.7
4708,32,0,0,170.57
4709,29,0,0,162.15
4710,29,0,0,42.8
4711,39,0,1,82.68
4712,36,1,1,90.77
4713,18,1,1,126.56
4714,30,1,1,153.07
4715,24,1,1,143.09
4716,24,1,1,43.56
4717,18,0,0,1.76
4718,25,0,1,198.57
4719,28,0,0,127.55
4720,19,0,0,101.12
4721,35,1,0,105.74
4722,23,0,0,116.42
4723,29,0,0,96.7
4724,18,1,0,102.33
4725,24,0,0,-1.86
4726,41,0,1,99.06
4727,41,0,1,157.07
4728,32,0,0,74.54
4729,28,0,0,109.98
4730,22,0,0,101.9
4731,43,1,1,161.24
4732,49,1,1,108.25
4733,43,0,0,65.0
4734,56,1,1,27.71
4735,33,0,0,66.16
4736,31,1,1,120.59
4737,50,1,0,64.79
4738,48,0,1,24.99
4739,37,1,1,46.85
4740,62,1,1,111.53
4741,37,0,0,139.39
4742,39,0,0,-32.47
4743,49,0,0,36.42
4744,23,1,1,109.9
4745,40,1,1,21.01
4746,41,0,1,78.15
4747,47,0,0,28.13
4748,29,0,0,30.34
4749,41,1,1,75.89
4750,26,1,0,71.86
4751,24,1,0,70.15
4752,33,0,0,30.92
4753,35,1,1,77.24
4754,36,0,0,68.47
4755,53,1,0,51.62
4756,39,0,0,143.64
4757,52,1,1,84.03
4758,38,0,1,107.86
4759,48,0,1,42.09
4760,24,1,1,120.0
4761,34,1,1,126.0
4762,34,1,1,82.16
4763,28,1,1,107.46
4764,40,0,0,27.05
4765,31,1,1,44.49
4766,46,0,0,191.14
4767,23,0,0,91.37
4768,63,0,1,127.65
4769,50,0,0,6.34
4770,42,1,0,56.98
4771,29,1,1,140.01
4772,35,1,0,86.14
4773,66,0,0,41.43
4774,34,1,0,85.72
4775,45,0,1,122.42
4776,18,0,0,86.39
4777,36,1,1,106.7
4778,34,1,1,11.46
4779,27,1,1,61.3
4780,45,0,1,213.94
4781,22,0,1,199.78
4782,18,1,1,118.41
4783,18,1,1,93.01
4784,18,1,1,111.55
4785,34,1,1,61.48
4786,25,0,0,113.21
4787,33,0,0,103.85
4788,22,0,0,44.16
4789,36,1,1,256.6
4790,29,0,0,30.75
4791,32,1,1,22.59
4792,33,0,1,129.81
4793,41,1,1,131.86
4794,35,0,0,36.62
4795,34,0,1,137.23
4796,29,0,1,101.19
4797,43,0,1,150.71
4798,28,1,1,125.58
4799,48,0,1,121.46
4800,47,0,1,62.52
4801,43,0,1,-42.37
4802,30,1,1,187.08
4803,19,1,1,44.27
4804,18,1,1,142.65
4805,31,1,1,79.59
4806,38,0,1,-2.18
4807,41,1,1,190.03
4808,43,1,1,84.87
4809,27,0,0,12.7
4810,43,0,0,-46.55
4811,35,1,1,43.49
4812,37,0,1,185.87
4813,48,1,1,102.49
4814,53,0,0,59.71
4815,34,1,1,150.98
4816,30,1,1,51.27
4817,31,1,1,89.88
4818,42,1,0,150.16
4819,19,1,1,133.36
4820,55,0,1,76.65
4821,38,1,1,87.44
4822,29,1,0,83.12
4823,28,0,1,70.87
4824,18,1,1,161.41
4825,49,1,1,38.18
4826,34,0,0,-3.84
4827,41,0,0,28.96
4828,25,0,1,131.76
4829,36,0,0,77.21
4830,43,0,0,-13.58
4831,52,1,1,66.55
4832,18,0,0,119.2
4833,40,0,1,148.0
4834,41,0,1,10.34
4835,38,0,0,55.63
4836,20,0,0,155.37
4837,41,0,0,181.63
4838,50,1,0,54.87
4839,23,0,0,33.36
4840,37,0,0,78.17
4841,41,0,0,95.56
4842,44,1,1,204.69
4843,36,0,1,134.28
4844,26,0,0,45.73
4845,41,0,0,50.59
4846,40,1,1,116.32
4847,43,0,1,146.57
4848,41,1,1,77.19
4849,38,1,1,121.07
4850,58,1,1,40.47
4851,51,0,0,138.38
4852,37,0,1,144.78
4853,61,1,0,71.53
4854,36,1,0,134.51
4855,37,0,0,47.19
4856,26,1,1,91.31
4857,45,0,1,41.2
4858,48,0,0,93.33
4859,48,1,0,20.33
4860,39,0,0,94.0
4861,37,0,0,72.85
4862,44,1,1,166.39
4863,43,0,0,137.24
4864,21,1,1,95.26
4865,41,1,1,128.52
4866,32,0,0,34.03
4867,31,1,0,157.78
4868,30,0,1,166.63
4869,30,1,1,183.78
4870,30,0,1,119.3
4871,28,0,1,138.88
4872,19,0,0,73.04
4873,49,1,1,116.66
4874,41,1,0,0.55
4875,42,0,0,45.76
4876,43,1,0,40.13
4877,44,1,1,105.46
4878,49,0,0,161.56
4879,54,0,1,101.99
4880,46,1,1,58.65
4881,41,1,1,178.57
4882,18,0,0,152.84
4883,35,0,0,46.72
4884,34,0,1,156.67
4885,31,1,1,121.99
4886,43,1,1,38.53
4887,51,0,0,16.79
4888,45,0,1,122.6
4889,51,1,1,94.64
4890,37,0,0,18.05
4891,32,1,1,120.72
4892,45,0,0,51.24
4893,31,0,0,7.61
4894,24,0,1,21.93
4895,33,1,1,143.92
4896,29,1,1,83.52
4897,18,0,0,117.65
4898,18,1,0,98.88
4899,55,0,1,116.32
4900,38,0,1,162.2
4901,31,1,1,197.92
4902,18,1,1,96.86
4903,52,0,1,130.79
4904,29,0,0,113.77
4905,38,0,1,145.4
4906,22,0,0,82.86
4907,43,1,1,112.69
4908,24,1,1,146.68
4909,30,1,1,151.13
4910,18,0,0,81.52
4911,18,0,1,123.26
4912,27,0,0,85.5
4913,36,1,1,117.23
4914,18,0,1,124.52
4915,37,0,0,118.22
4916,47,0,0,116.39
4917,54,0,1,58.07
4918,22,0,0,96.23
4919,50,1,1,115.99
4920,37,0,1,246.06
4921,35,1,1,183.6
4922,35,0,1,129.21
4923,37,1,1,143.36
4924,39,1,1,33.72
4925,22,0,0,58.05
4926,31,0,1,121.66
4927,31,1,1,182.27
4928,46,0,1,55.04
4929,37,1,1,95.66
4930,31,1,1,191.62
4931,27,1,0,99.98
4932,44,0,0,131.72
4933,38,1,0,100.75
4934,38,1,1,119.46
4935,49,1,1,184.76
4936,39,0,1,67.98
4937,39,1,1,93.31
4938,46,0,0,155.32
4939,35,1,1,149.92
4940,22,0,1,105.1
4941,41,0,0,65.56
4942,54,1,0,-4.63
4943,18,0,0,-28.09
4944,18,1,1,120.59
4945,36,1,1,137.16
4946,51,0,0,109.98
4947,39,1,0,20.97
4948,49,1,1,78.98
4949,35,1,1,81.29
4950,27,1,1,136.48
4951,68,0,1,112.52
4952,39,0,0,33.21
4953,61,0,1,40.86
4954,26,0,1,90.87
4955,38,1,1,74.9
4956,35,1,1,110.25
4957,34,1,1,104.01
4958,27,0,1,164.8
4959,18,0,1,164.95
4960,37,1,1,101.59
4961,25,1,1,102.58
4962,52,1,1,142.52
4963,52,1,1,11.61
4964,27,1,1,53.41
4965,44,0,1,191.05
4966,41,1,0,86.83
4967,18,1,0,25.49
4968,35,0,1,85.54
4969,51,1,1,54.43
4970,28,0,1,105.7
4971,18,0,0,216.53
4972,41,0,1,37.68
4973,37,1,0,128.98
4974,18,0,0,113.36
4975,37,0,1,141.74
4976,27,0,1,173.7
4977,28,1,0,161.76
4978,25,0,0,78.79
4979,19,1,1,35.96
4980,62,0,1,-0.54
4981,33,1,1,128.18
4982,48,1,1,99.78
4983,36,1,1,76.16
4984,54,0,0,79.28
4985,52,0,0,24.84
4986,50,1,1,128.97
4987,59,0,1,75.22
4988,31,0,1,138.68
4989,30,0,1,60.15
4990,52,1,1,145.3
4991,18,0,0,80.61
4992,28,1,1,91.21
4993,34,0,1,169.47
4994,29,0,1,183.05
4995,42,0,0,57.24
4996,40,0,1,61.34
4997,18,0,0,82.14
4998,32,1,1,155.85
4999,47,0,0,96.35
5000,53,1,1,45.7
