emballage,canal,panier
Coffret,Instagram,63.7
Kraft,Site,52.3
Coffret,Instagram,61.1
Tissu,Instagram,38.3
Kraft,Instagram,50.4
Tissu,Site,49.0
Coffret,Instagram,61.7
Kraft,Instagram,43.6
Kraft,Instagram,35.9
Coffret,Site,52.4
Kraft,Instagram,50.6
Kraft,Site,48.1
Tissu,Site,56.5
Tissu,Instagram,44.1
Kraft,Site,47.9
Kraft,Site,47.3
Coffret,Site,83.2
Tissu,Instagram,55.4
Kraft,Site,39.4
Coffret,Site,63.9
Tissu,Instagram,53.8
Kraft,Instagram,44.5
Kraft,Site,43.5
Tissu,Site,47.9
Kraft,Site,47.7
Coffret,Site,52.2
Tissu,Site,47.2
Coffret,Site,70.6
Kraft,Instagram,49.1
Kraft,Instagram,34.6
Kraft,Instagram,35.9
Tissu,Site,55.2
Coffret,Instagram,74.1
Tissu,Site,64.8
Kraft,Instagram,41.7
Coffret,Instagram,65.9
Tissu,Site,43.8
Kraft,Site,44.2
Coffret,Instagram,77.8
Tissu,Instagram,60.7
Coffret,Site,59.6
Coffret,Site,53.5
Kraft,Site,60.2
Coffret,Instagram,76.8
Coffret,Instagram,80.9
Coffret,Site,57.4
Tissu,Site,45.9
Kraft,Instagram,48.4
Tissu,Instagram,50.0
Tissu,Instagram,41.4
Coffret,Site,54.8
Tissu,Instagram,40.9
Kraft,Site,48.9
Coffret,Instagram,69.2
Tissu,Site,52.6
Coffret,Instagram,66.9
Coffret,Site,55.1
Tissu,Site,40.5
Tissu,Instagram,46.2
Tissu,Instagram,49.4
