jour,agencement,ventes
1,Par couleur,226.7
2,Vedette,249.3
3,Par thème,259.0
4,Vedette,272.2
5,Par thème,269.0
6,Par thème,243.2
7,Classique,206.8
8,Par thème,259.1
9,Vedette,197.9
10,Vedette,231.1
11,Par thème,237.1
12,Par thème,243.1
13,Classique,211.9
14,Par couleur,194.6
15,Vedette,182.6
16,Par couleur,300.9
17,Par thème,210.1
18,Par couleur,163.8
19,Vedette,183.0
20,Classique,223.7
21,Classique,240.5
22,Classique,170.0
23,Par thème,227.3
24,Classique,132.4
25,Par couleur,251.7
26,Par couleur,234.1
27,Par couleur,197.1
28,Vedette,210.4
29,Par thème,181.5
30,Par thème,261.6
31,Classique,239.9
32,Vedette,191.8
33,Vedette,191.2
34,Par couleur,205.7
35,Par thème,239.6
36,Classique,165.5
37,Par couleur,194.0
38,Vedette,220.5
39,Vedette,215.6
40,Classique,135.2
41,Par thème,213.1
42,Vedette,239.7
43,Par couleur,267.3
44,Classique,213.9
45,Par couleur,268.9
46,Classique,185.8
47,Par couleur,190.5
48,Classique,229.4
