x,y,delai_jours,pli
69.77,31.38,5.465,4
12.12,32.36,5.798,1
93.12,78.97,5.374,2
1.0,19.89,2.985,0
29.31,94.34,5.811,2
40.34,18.18,4.243,0
86.04,90.71,5.2,2
30.17,35.52,5.068,4
75.36,26.83,5.563,3
78.94,45.08,2.08,3
64.71,89.52,4.078,0
2.93,34.49,4.17,0
77.04,60.12,4.105,4
11.13,89.02,2.476,1
97.01,1.38,5.503,1
43.57,34.88,5.964,4
89.99,4.15,3.665,0
85.5,22.35,5.23,2
8.94,46.46,4.948,4
29.41,55.95,6.214,0
0.55,99.47,3.777,4
40.31,64.73,4.849,1
31.14,79.29,1.623,4
83.94,95.04,4.917,1
62.25,17.76,3.099,3
14.03,5.62,5.879,2
64.6,91.97,5.087,0
2.03,44.45,4.258,4
90.55,78.61,4.143,4
9.52,54.29,2.37,0
99.12,39.22,4.472,1
68.39,29.19,4.769,3
45.49,5.28,6.094,4
61.11,73.76,5.441,2
41.28,13.51,5.02,1
62.25,76.06,4.276,3
55.62,60.57,3.304,2
72.36,22.75,4.873,0
66.33,51.78,3.674,2
56.9,51.83,3.875,2
69.61,22.42,5.744,2
93.25,50.49,5.093,2
73.79,85.4,3.86,1
3.22,97.33,5.059,1
0.82,65.18,2.035,0
27.31,66.93,4.735,3
97.94,19.3,5.874,1
99.78,77.97,4.394,4
38.13,85.57,4.856,4
21.12,50.69,1.589,0
45.91,23.72,7.531,0
97.28,71.86,3.582,1
88.88,44.78,1.889,2
74.05,55.78,4.255,3
80.36,54.27,2.868,3
28.94,23.56,4.069,3
19.78,63.37,2.094,0
4.76,55.11,3.08,2
22.04,45.57,5.768,0
66.98,81.86,5.158,3
2.9,59.72,2.782,2
57.51,35.63,4.483,0
80.28,59.42,3.44,0
89.03,0.72,3.525,2
89.05,36.25,4.586,1
70.05,1.24,3.457,1
69.63,3.03,3.948,3
21.4,39.91,4.96,2
44.56,4.72,5.381,2
42.43,70.06,5.519,1
96.14,84.49,3.764,3
98.33,96.95,5.0,1
86.38,24.12,3.808,4
55.1,77.09,4.317,2
54.66,83.21,4.088,0
18.92,56.24,3.335,1
9.35,49.86,3.271,4
70.51,95.68,4.963,3
7.91,1.41,5.315,4
60.08,78.44,5.878,2
75.43,99.57,5.135,0
27.23,37.86,3.887,2
4.11,39.18,4.569,3
12.89,96.51,3.991,4
53.92,55.05,3.369,0
51.87,72.22,3.389,3
49.25,71.41,4.262,0
98.07,67.91,3.708,2
60.78,55.49,3.085,0
39.57,84.72,4.267,1
74.69,98.41,4.953,3
3.51,46.94,4.084,3
12.4,17.41,4.639,0
42.61,60.78,4.753,0
59.34,70.95,4.244,2
26.47,6.93,4.15,4
3.15,38.36,5.095,3
66.08,47.09,3.606,4
89.62,24.33,4.851,0
98.78,28.91,2.36,0
4.43,48.85,3.283,1
20.84,60.35,3.322,0
79.81,56.11,4.087,4
61.8,34.99,6.356,0
96.16,88.02,5.277,3
61.31,14.83,3.076,3
93.53,12.68,4.232,1
68.86,44.25,3.384,2
15.5,87.0,2.911,0
58.05,63.5,2.344,2
97.7,65.33,3.918,4
76.81,86.49,3.97,4
3.59,35.82,5.065,4
50.65,96.29,3.761,4
5.1,99.32,4.662,1
76.56,42.56,1.832,1
58.32,71.46,5.603,1
94.04,83.27,5.421,1
55.26,82.86,5.189,1
66.1,81.35,5.293,3
78.59,13.26,6.494,0
36.29,65.24,3.997,1
1.09,10.03,3.684,4
31.72,50.33,3.467,3
78.32,10.85,4.425,4
34.45,94.28,5.674,3
35.87,86.22,4.142,0
65.07,66.1,4.868,1
17.5,5.03,5.477,2
15.56,99.42,2.825,0
63.71,87.3,6.282,3
33.96,75.96,2.007,1
68.02,11.14,4.378,4
62.21,44.6,4.386,3
61.1,94.1,4.487,1
49.95,53.76,3.196,4
74.38,73.28,4.267,1
11.64,27.81,6.776,3
11.04,73.78,2.835,4
23.51,80.85,1.76,4
91.39,44.27,2.949,2
90.15,85.26,3.965,4
77.46,37.3,4.25,1
48.14,80.55,4.085,4
96.83,2.4,3.768,1
17.74,77.95,2.746,1
56.38,93.29,3.858,4
82.19,67.1,4.118,4
86.14,11.9,4.606,2
4.06,30.23,4.107,2
22.07,74.16,3.69,2
59.02,72.16,4.181,1
76.42,21.72,5.358,2
82.92,72.03,5.673,0
29.51,63.15,5.413,4
35.15,95.43,5.428,1
37.38,45.36,4.615,3
60.68,75.67,4.163,3
57.87,20.49,3.623,2
41.67,14.1,4.94,3
5.33,18.23,3.517,3
67.86,99.3,5.277,3
90.49,58.3,4.503,3
93.22,36.87,3.143,0
60.41,91.12,3.761,1
48.47,75.34,4.345,3
33.01,9.0,5.21,1
82.51,41.35,1.801,3
44.93,97.52,4.479,4
8.17,85.68,3.625,1
81.32,82.12,4.388,2
86.0,40.86,1.848,2
65.0,49.88,5.022,3
96.08,1.61,4.112,4
33.76,50.03,5.439,0
50.65,26.92,3.886,3
68.33,84.39,4.63,1
3.59,81.11,3.801,0
3.7,2.31,4.741,2
73.67,14.55,4.966,3
11.99,32.61,4.489,2
48.48,88.72,4.181,2
0.93,38.06,4.641,0
64.58,58.37,2.864,2
4.59,76.67,4.137,0
31.64,60.87,5.156,4
53.87,45.15,3.534,2
36.67,89.06,4.379,0
84.23,33.88,4.435,3
30.62,41.25,4.688,4
74.76,58.68,4.048,2
96.98,96.9,6.333,0
44.06,97.98,5.231,3
82.78,57.41,2.03,4
30.25,65.85,5.214,0
72.91,67.34,3.482,2
93.31,30.28,5.083,4
21.47,51.87,5.247,1
26.83,15.61,4.434,1
78.24,83.7,3.2,3
