id,lig,col,x,y,population,ventes_hab,ventes_bruit
0,0,0,2.5,2.5,3811,60.7,58.02
1,0,1,7.5,2.5,6211,64.84,43.91
2,0,2,12.5,2.5,5702,52.04,47.84
3,0,3,17.5,2.5,5151,63.46,48.15
4,0,4,22.5,2.5,8058,66.15,32.0
5,0,5,27.5,2.5,7811,51.65,42.97
6,0,6,32.5,2.5,2514,54.84,56.23
7,0,7,37.5,2.5,6108,46.09,61.68
8,0,8,42.5,2.5,3395,34.41,49.49
9,0,9,47.5,2.5,5522,22.58,49.26
10,0,10,52.5,2.5,9154,19.35,54.56
11,0,11,57.5,2.5,12280,44.32,51.47
12,1,0,2.5,7.5,6974,62.35,54.22
13,1,1,7.5,7.5,3817,79.87,43.15
14,1,2,12.5,7.5,4123,66.71,50.34
15,1,3,17.5,7.5,6416,60.08,54.2
16,1,4,22.5,7.5,2999,50.65,54.93
17,1,5,27.5,7.5,4751,63.03,37.7
18,1,6,32.5,7.5,6651,44.64,56.73
19,1,7,37.5,7.5,7780,52.33,51.09
20,1,8,42.5,7.5,4236,30.9,51.41
21,1,9,47.5,7.5,5913,29.03,36.0
22,1,10,52.5,7.5,9713,22.31,50.48
23,1,11,57.5,7.5,5725,51.81,37.52
24,2,0,2.5,12.5,2084,58.61,29.97
25,2,1,7.5,12.5,5471,56.71,50.93
26,2,2,12.5,12.5,5573,64.17,50.14
27,2,3,17.5,12.5,3981,48.63,50.65
28,2,4,22.5,12.5,5022,58.04,51.61
29,2,5,27.5,12.5,2349,41.51,50.21
30,2,6,32.5,12.5,9164,49.29,59.02
31,2,7,37.5,12.5,6068,29.63,56.72
32,2,8,42.5,12.5,3745,19.29,63.26
33,2,9,47.5,12.5,5529,25.17,70.48
34,2,10,52.5,12.5,5251,26.35,56.47
35,2,11,57.5,12.5,3191,43.56,56.71
36,3,0,2.5,17.5,1295,48.88,65.52
37,3,1,7.5,17.5,1184,54.21,43.36
38,3,2,12.5,17.5,13506,52.25,47.75
39,3,3,17.5,17.5,2808,49.86,52.4
40,3,4,22.5,17.5,4242,49.45,37.9
41,3,5,27.5,17.5,6540,53.69,58.09
42,3,6,32.5,17.5,4102,39.0,63.0
43,3,7,37.5,17.5,8918,31.05,40.29
44,3,8,42.5,17.5,3058,26.69,43.84
45,3,9,47.5,17.5,6512,32.9,57.55
46,3,10,52.5,17.5,1731,34.0,61.14
47,3,11,57.5,17.5,7026,55.14,37.04
48,4,0,2.5,22.5,6932,36.25,54.61
49,4,1,7.5,22.5,5905,37.02,48.58
50,4,2,12.5,22.5,5714,47.28,35.41
51,4,3,17.5,22.5,5620,55.59,46.78
52,4,4,22.5,22.5,7571,48.52,45.58
53,4,5,27.5,22.5,7952,37.24,50.96
54,4,6,32.5,22.5,3065,34.96,50.39
55,4,7,37.5,22.5,8339,37.85,47.88
56,4,8,42.5,22.5,3060,49.05,48.99
57,4,9,47.5,22.5,5336,36.86,48.8
58,4,10,52.5,22.5,4331,46.35,54.15
59,4,11,57.5,22.5,6250,44.73,57.77
60,5,0,2.5,27.5,4163,42.08,57.72
61,5,1,7.5,27.5,6018,43.79,42.89
62,5,2,12.5,27.5,3868,36.79,43.68
63,5,3,17.5,27.5,3043,68.06,44.64
64,5,4,22.5,27.5,8382,51.27,61.38
65,5,5,27.5,27.5,6544,40.71,53.83
66,5,6,32.5,27.5,6355,37.12,43.86
67,5,7,37.5,27.5,7929,47.03,40.74
68,5,8,42.5,27.5,2893,52.0,41.94
69,5,9,47.5,27.5,7764,58.0,50.23
70,5,10,52.5,27.5,2898,53.7,41.17
71,5,11,57.5,27.5,5945,58.76,49.94
72,6,0,2.5,32.5,4495,35.0,60.78
73,6,1,7.5,32.5,5630,39.52,47.95
74,6,2,12.5,32.5,6965,42.61,56.84
75,6,3,17.5,32.5,4968,52.91,37.83
76,6,4,22.5,32.5,3102,55.88,52.85
77,6,5,27.5,32.5,7823,38.86,52.33
78,6,6,32.5,32.5,8853,49.78,42.61
79,6,7,37.5,32.5,6923,62.64,61.03
80,6,8,42.5,32.5,8253,68.66,49.94
81,6,9,47.5,32.5,2035,55.43,44.49
82,6,10,52.5,32.5,5095,66.77,47.65
83,6,11,57.5,32.5,4642,65.6,57.62
84,7,0,2.5,37.5,1850,48.37,39.01
85,7,1,7.5,37.5,5189,64.44,51.19
86,7,2,12.5,37.5,4923,47.28,42.3
87,7,3,17.5,37.5,2314,53.09,51.81
88,7,4,22.5,37.5,3229,59.21,45.77
89,7,5,27.5,37.5,5128,55.56,49.41
90,7,6,32.5,37.5,6640,55.68,56.08
91,7,7,37.5,37.5,7001,72.43,50.34
92,7,8,42.5,37.5,2828,78.08,54.41
93,7,9,47.5,37.5,2868,75.17,55.59
94,7,10,52.5,37.5,3817,75.16,53.25
95,7,11,57.5,37.5,4794,67.24,51.81
96,8,0,2.5,42.5,3687,49.39,50.34
97,8,1,7.5,42.5,4465,71.97,55.1
98,8,2,12.5,42.5,7008,54.65,59.64
99,8,3,17.5,42.5,6920,76.13,64.73
100,8,4,22.5,42.5,5266,58.57,64.08
101,8,5,27.5,42.5,2778,58.51,42.06
102,8,6,32.5,42.5,3845,55.65,52.35
103,8,7,37.5,42.5,6515,69.24,53.91
104,8,8,42.5,42.5,7594,61.74,59.73
105,8,9,47.5,42.5,8359,81.49,58.51
106,8,10,52.5,42.5,2891,71.55,38.55
107,8,11,57.5,42.5,3897,69.14,52.2
108,9,0,2.5,47.5,2684,53.17,36.31
109,9,1,7.5,47.5,1129,60.42,46.2
110,9,2,12.5,47.5,2847,62.04,42.58
111,9,3,17.5,47.5,2027,74.03,45.1
112,9,4,22.5,47.5,9866,64.89,62.65
113,9,5,27.5,47.5,6230,43.74,45.65
114,9,6,32.5,47.5,3567,65.89,46.0
115,9,7,37.5,47.5,5084,41.21,50.98
116,9,8,42.5,47.5,6050,72.23,58.57
117,9,9,47.5,47.5,11800,50.62,36.38
118,9,10,52.5,47.5,7253,64.3,63.0
119,9,11,57.5,47.5,10551,70.34,43.88
120,10,0,2.5,52.5,6275,58.48,42.04
121,10,1,7.5,52.5,9443,52.69,51.01
122,10,2,12.5,52.5,10136,70.25,55.37
123,10,3,17.5,52.5,7849,47.15,71.64
124,10,4,22.5,52.5,5008,44.86,57.16
125,10,5,27.5,52.5,8521,62.76,45.23
126,10,6,32.5,52.5,4049,44.19,48.32
127,10,7,37.5,52.5,10069,57.2,42.3
128,10,8,42.5,52.5,4300,64.47,55.21
129,10,9,47.5,52.5,3509,62.02,56.58
130,10,10,52.5,52.5,12654,61.87,47.28
131,10,11,57.5,52.5,4016,60.03,59.01
132,11,0,2.5,57.5,5352,61.09,36.43
133,11,1,7.5,57.5,2898,70.1,46.1
134,11,2,12.5,57.5,3477,66.4,42.53
135,11,3,17.5,57.5,4163,59.42,45.2
136,11,4,22.5,57.5,3009,59.32,36.83
137,11,5,27.5,57.5,9082,46.82,57.56
138,11,6,32.5,57.5,3434,45.3,42.28
139,11,7,37.5,57.5,2633,46.91,48.85
140,11,8,42.5,57.5,8613,66.22,59.38
141,11,9,47.5,57.5,7027,74.64,62.78
142,11,10,52.5,57.5,1542,60.1,59.36
143,11,11,57.5,57.5,3712,43.77,32.03
