id_client,q1,q2,q3,q4,q5,q6,q7,q8
2,5,4,4,5,4,2,4,3
4,4,5,4,3,3,2,2,2
5,2,4,4,3,3,4,4,3
7,2,3,3,3,4,3,5,4
8,4,4,3,3,2,4,2,4
9,3,4,2,4,2,4,2,4
10,3,4,4,4,5,4,3,4
17,4,4,3,4,3,3,4,4
18,3,3,2,4,2,2,3,3
19,3,4,5,3,3,4,4,3
21,5,4,4,3,4,3,3,3
22,4,3,4,4,4,4,4,4
23,5,5,5,5,5,4,5,4
24,5,5,5,5,3,4,4,4
25,4,5,5,4,5,5,5,3
29,2,2,3,3,3,3,3,3
31,3,3,3,4,2,3,3,3
32,4,5,4,4,5,4,3,3
34,4,4,3,4,2,2,2,1
36,3,3,3,2,4,4,4,4
38,4,5,4,4,5,5,5,3
40,5,4,5,5,3,4,4,2
41,3,2,3,2,4,2,2,3
42,2,4,3,3,4,3,4,4
43,3,4,4,3,4,4,5,4
44,3,2,3,4,3,2,2,3
45,5,4,4,4,3,4,3,4
48,2,3,3,4,5,4,5,5
49,3,4,4,3,3,4,4,4
51,4,4,5,5,5,5,4,4
52,3,3,3,3,3,2,4,2
53,4,5,4,3,4,5,4,3
54,3,4,3,2,3,2,3,1
55,3,3,3,2,3,4,4,4
57,5,5,5,5,3,3,5,3
58,1,1,2,3,4,3,3,4
59,3,3,4,4,2,4,3,2
60,5,4,4,5,3,5,4,3
61,4,3,4,4,4,4,3,4
62,4,4,3,2,4,5,4,4
63,5,5,5,3,3,3,3,4
66,4,4,5,3,4,4,4,5
67,3,4,4,3,2,3,4,4
68,3,4,2,3,2,2,3,3
69,5,3,5,3,2,3,2,2
71,3,3,3,3,3,3,3,3
72,2,4,3,2,5,5,4,3
73,4,4,3,4,3,3,3,3
76,3,4,5,4,2,3,2,2
77,5,3,3,2,4,4,3,4
79,5,4,4,5,4,4,4,4
83,3,3,3,4,4,5,4,4
87,4,4,4,4,4,5,5,4
88,3,3,2,3,3,3,2,3
89,5,5,5,4,4,5,5,5
92,5,5,3,4,4,4,5,3
93,5,4,4,5,4,3,4,4
94,3,2,3,3,3,3,2,2
96,3,5,3,3,4,4,4,4
97,3,1,2,4,4,5,4,4
98,5,4,4,4,5,5,5,5
99,4,5,3,3,3,4,3,3
100,3,3,4,4,4,3,3,3
101,2,5,4,4,3,5,3,4
102,5,4,3,4,4,4,4,3
103,4,3,3,3,4,3,1,4
105,4,5,5,4,2,3,2,4
107,5,5,5,4,4,3,3,4
109,5,5,5,4,3,5,4,4
110,1,2,3,4,4,4,4,3
111,5,4,5,4,2,3,3,2
112,4,3,5,3,3,3,3,3
113,4,3,4,4,2,4,2,3
114,5,5,4,4,5,3,3,4
115,5,5,5,5,3,4,4,4
116,4,4,4,4,5,4,5,5
118,3,4,4,3,4,4,3,2
119,3,4,3,3,4,3,4,2
121,4,4,5,4,4,4,5,5
122,5,5,5,4,4,4,4,4
124,3,5,3,2,4,3,4,3
125,3,1,4,3,4,2,4,2
127,4,4,4,3,3,3,3,3
129,2,4,4,4,4,3,4,5
130,4,4,5,4,3,4,4,4
131,5,5,3,4,3,4,3,3
132,5,4,4,4,3,3,2,4
133,3,3,4,4,3,4,5,3
135,4,3,3,3,3,2,3,3
137,3,4,4,4,3,3,3,3
138,4,4,5,5,4,4,4,4
140,5,5,5,5,3,3,3,4
143,4,4,3,4,3,4,3,3
144,3,4,5,3,5,4,5,5
146,3,3,3,3,4,4,3,4
148,4,3,2,4,3,4,4,3
149,3,3,3,3,4,4,3,5
150,4,4,5,4,4,3,3,4
153,3,4,3,4,4,3,3,4
154,4,4,4,3,3,4,5,4
156,3,4,3,4,4,3,4,4
157,5,4,4,2,3,3,4,4
158,4,5,4,3,4,4,4,2
159,4,4,5,3,3,3,3,3
160,2,3,2,3,4,4,4,2
161,4,3,4,4,3,4,3,3
162,3,3,3,2,2,2,2,2
164,3,4,2,4,4,4,4,4
167,4,4,4,4,3,4,5,3
169,4,4,3,4,4,5,4,4
170,4,4,4,5,4,3,3,4
172,4,4,4,5,3,4,3,4
173,4,4,3,5,4,4,4,4
175,4,3,3,5,3,3,4,4
177,2,4,3,3,3,3,2,3
179,3,2,2,3,5,4,5,4
180,4,3,4,3,3,4,3,3
184,4,4,3,3,5,4,4,5
185,5,3,4,4,3,3,3,2
186,4,5,5,4,4,2,2,4
187,4,4,5,5,1,2,1,2
189,3,3,4,4,4,4,4,3
190,5,4,5,4,4,3,4,3
191,4,4,2,3,3,4,4,2
192,4,3,4,4,3,4,3,4
195,5,5,4,5,5,4,5,3
196,3,4,4,3,4,4,5,4
198,3,3,2,3,4,4,4,4
199,5,5,5,4,4,4,4,4
201,4,3,3,4,3,3,3,2
202,5,4,5,3,3,4,4,4
203,2,2,2,3,4,4,5,4
204,4,4,3,3,4,5,5,5
206,4,3,3,5,3,3,3,3
208,3,4,3,4,3,4,3,3
210,3,5,3,2,4,3,2,3
212,4,3,3,5,3,5,2,2
216,4,3,4,5,4,4,4,4
217,3,3,4,3,3,4,3,4
218,3,3,4,4,4,4,4,4
219,4,3,4,2,3,2,5,3
221,4,5,3,2,5,5,5,5
222,5,4,5,5,4,5,5,5
224,4,4,3,3,5,4,5,5
225,5,5,5,5,4,3,4,3
227,4,5,4,4,4,4,4,4
228,4,5,5,4,3,4,5,4
229,4,3,4,4,3,3,3,2
231,3,3,3,4,4,3,3,4
234,5,5,4,5,5,5,5,4
235,4,4,3,3,4,3,4,3
238,3,4,3,3,2,4,4,3
240,3,4,5,5,5,4,5,4
241,5,5,5,4,3,3,2,3
242,3,3,3,3,3,4,4,4
244,3,2,3,4,5,3,4,3
249,3,3,4,4,3,3,3,3
250,2,3,2,1,1,2,2,1
257,3,3,4,3,4,4,3,5
258,3,3,3,3,4,3,4,5
260,4,4,4,3,3,3,3,3
261,3,4,4,3,3,2,3,3
262,3,4,4,1,4,3,4,3
266,2,3,3,4,3,4,4,3
267,3,2,2,3,2,2,2,4
268,4,4,4,3,3,3,4,5
269,3,4,3,4,5,5,4,4
270,5,5,4,5,4,4,4,5
271,3,4,4,4,4,3,3,2
272,4,4,4,5,3,2,3,4
274,4,5,5,3,4,4,5,5
276,4,4,3,2,3,3,3,4
277,3,3,2,3,3,3,3,3
281,2,4,3,4,3,1,2,2
283,5,5,4,4,4,5,4,4
287,3,3,4,3,5,5,5,5
288,3,2,4,2,3,3,3,2
289,3,4,2,3,3,3,5,3
290,3,4,3,4,3,3,1,4
292,5,4,5,3,5,5,4,4
294,4,4,3,4,5,4,3,4
295,3,3,3,3,2,3,3,4
296,4,2,4,4,4,5,4,4
297,4,4,3,4,4,3,4,4
298,4,4,4,4,3,3,4,4
300,3,3,1,3,4,3,2,4
302,3,2,3,2,2,3,4,4
304,4,4,4,3,4,4,4,3
305,4,5,4,5,5,5,5,4
306,5,4,4,2,5,5,5,5
307,3,3,3,3,4,4,2,3
308,3,3,3,3,3,3,3,5
313,3,3,3,3,3,2,2,3
315,3,4,3,4,4,4,4,3
316,4,5,5,3,4,4,4,3
317,5,4,4,5,4,3,4,4
319,4,5,5,5,5,4,4,4
320,3,3,3,2,3,4,3,3
321,3,4,4,5,3,3,2,2
322,4,4,3,3,4,4,3,5
324,3,3,2,2,2,3,3,1
325,3,3,4,3,5,5,4,4
330,5,4,4,5,5,5,4,4
331,3,2,3,2,5,5,5,5
334,4,4,2,3,5,4,5,5
335,3,3,4,3,4,5,4,4
336,2,3,3,3,3,3,3,4
339,3,3,3,2,4,4,3,4
343,5,4,4,4,5,5,5,5
344,4,2,3,5,3,4,4,4
345,4,3,5,5,3,4,4,3
349,3,3,4,3,3,3,2,2
352,4,5,4,3,4,5,4,5
353,3,4,5,4,4,3,3,2
354,3,4,5,4,5,3,1,2
355,4,4,3,3,3,5,4,4
356,4,4,3,4,3,3,3,2
358,4,4,4,3,3,3,3,4
359,3,4,3,4,3,4,3,4
360,3,2,3,4,4,4,3,4
361,3,3,4,3,3,4,3,3
364,3,4,4,5,4,4,4,5
365,4,4,5,3,5,4,3,4
367,3,4,4,4,4,3,4,3
368,4,4,4,4,3,4,4,5
369,3,4,3,3,4,4,5,5
371,4,5,4,4,4,4,3,3
372,3,3,4,5,4,3,4,3
375,2,3,1,3,4,3,4,4
376,3,4,3,4,4,4,3,4
379,3,4,3,3,3,2,4,3
380,3,3,2,3,3,3,2,5
381,3,4,4,3,2,3,4,3
383,4,4,5,3,2,3,2,2
384,4,4,5,3,4,5,3,5
386,4,4,4,2,4,2,3,3
389,2,3,3,4,4,4,5,5
390,4,3,4,4,3,3,3,2
392,3,3,4,3,2,3,1,3
393,3,3,3,3,3,3,3,4
394,2,3,3,3,3,5,4,3
398,3,4,5,3,5,5,4,3
399,3,3,3,4,3,3,3,2
401,3,3,4,4,4,5,5,3
402,3,4,3,3,4,3,5,4
403,3,3,3,2,3,3,3,3
404,4,3,4,3,4,2,3,2
405,3,5,4,5,4,4,4,4
407,3,3,3,3,5,5,4,4
408,5,4,5,5,3,4,3,3
409,5,5,4,5,3,2,2,3
410,4,4,2,3,4,3,3,2
411,2,4,3,3,5,3,5,4
413,5,5,5,4,4,4,4,4
414,4,5,5,4,4,4,4,5
415,3,3,4,3,5,4,4,5
416,3,3,4,4,3,4,4,2
417,5,4,4,4,4,3,3,4
418,5,4,5,5,3,4,3,3
419,3,3,2,3,1,3,2,3
420,3,3,3,3,4,4,4,4
422,5,3,5,3,5,5,5,3
423,4,4,3,4,3,3,4,3
424,2,4,3,2,4,5,3,5
427,2,3,4,4,3,4,4,4
428,4,3,3,4,3,4,4,3
429,3,4,2,4,2,3,2,3
431,4,3,3,4,4,3,4,4
435,5,5,5,5,4,4,3,4
436,4,3,4,3,2,2,2,2
437,3,4,3,3,3,3,4,3
439,2,3,2,4,2,3,3,3
440,4,2,3,3,4,3,3,2
444,4,5,3,4,4,4,5,4
445,2,3,2,1,4,3,3,3
446,5,4,5,4,4,4,4,5
447,2,2,3,4,3,4,4,4
448,5,4,5,3,3,3,3,2
450,4,4,5,5,3,3,3,3
452,4,4,3,3,4,3,4,3
453,3,3,3,5,5,4,3,4
458,4,4,5,5,2,4,2,2
461,3,3,4,3,4,5,5,5
462,4,4,4,3,3,3,3,5
463,5,5,4,4,3,3,3,2
464,4,5,4,3,2,3,5,4
465,4,4,3,4,5,5,5,5
471,3,2,3,4,4,3,3,4
473,4,5,5,5,4,5,4,4
477,5,5,5,5,5,5,5,5
481,3,2,2,3,3,2,2,1
482,4,2,3,4,4,3,5,4
485,4,4,2,3,4,4,3,3
486,4,3,4,4,3,3,2,3
487,4,3,5,5,4,5,4,4
489,5,5,4,5,4,5,4,4
491,4,4,4,2,3,4,4,3
492,4,3,5,3,4,4,5,5
493,4,3,3,2,3,4,4,2
494,3,4,5,3,3,3,4,1
495,4,4,4,4,2,3,3,2
498,5,4,3,3,4,3,5,4
499,3,4,3,3,5,4,4,4
500,4,4,4,4,4,3,2,3
503,5,5,5,3,2,1,1,2
506,3,4,4,3,1,3,2,2
507,3,4,2,4,3,4,2,3
508,4,3,5,4,2,4,4,4
509,5,4,3,4,5,4,4,4
511,5,4,4,5,3,3,4,4
513,2,2,2,3,3,3,3,3
519,4,4,4,3,3,3,4,5
520,5,4,4,4,3,4,3,3
521,4,5,4,4,3,4,3,4
525,2,4,3,4,4,3,4,4
526,4,4,3,4,5,4,4,3
527,3,4,2,3,2,2,3,3
528,5,5,5,4,4,4,5,4
529,4,3,4,5,5,5,4,3
530,4,3,4,4,3,3,3,3
531,5,5,4,4,5,3,3,4
533,4,4,3,4,4,4,4,3
537,3,3,3,3,3,5,5,3
538,3,4,4,3,1,1,2,2
539,4,3,3,3,3,2,3,3
541,5,5,5,4,1,2,3,3
543,3,5,4,4,2,3,3,4
546,5,4,4,3,5,4,5,5
548,4,5,4,3,4,4,5,4
551,4,5,4,4,3,3,4,5
554,5,4,4,4,3,4,3,4
555,3,4,4,3,3,1,3,4
557,2,4,4,4,3,4,3,2
558,5,3,4,3,2,1,1,3
561,3,4,3,5,3,4,2,4
562,4,2,3,5,4,5,4,5
563,3,4,4,4,3,3,3,5
569,3,3,3,3,4,4,4,3
570,4,3,2,4,2,3,2,3
571,2,3,3,2,2,2,3,2
572,5,4,5,4,3,3,5,3
573,3,4,2,3,3,3,3,4
576,2,3,4,3,4,4,4,3
577,3,4,3,4,5,5,4,5
580,3,3,4,3,3,3,3,3
583,3,5,2,5,3,2,2,2
586,3,3,3,4,4,4,4,3
587,3,4,1,3,3,2,4,4
588,5,5,4,5,4,4,4,4
589,3,4,4,4,4,3,4,5
590,4,4,4,3,4,4,3,4
591,4,3,4,4,4,5,3,3
592,5,4,4,3,4,3,4,3
593,4,3,5,5,2,4,4,4
595,3,4,2,3,3,2,3,3
596,4,3,2,3,3,3,4,3
597,4,4,4,4,4,5,4,4
599,3,5,4,3,3,2,2,2
600,4,3,5,4,5,5,5,5
601,3,5,3,3,4,5,3,4
606,3,3,3,3,3,4,3,3
607,3,3,3,4,2,4,3,4
608,3,3,4,2,3,4,4,4
609,4,5,4,4,3,4,3,4
611,3,4,5,5,4,3,3,5
612,3,4,4,4,4,5,4,4
613,3,3,2,4,4,3,3,5
614,5,5,5,5,4,5,4,3
616,4,3,5,3,5,5,5,5
617,5,5,5,5,4,5,4,4
618,4,3,3,3,5,5,5,5
620,3,4,4,4,3,3,3,3
621,5,4,4,5,3,3,3,3
623,4,3,3,4,3,3,3,3
624,3,4,3,4,3,3,3,3
625,3,3,3,5,3,2,2,3
627,4,4,4,4,3,2,3,3
630,4,4,4,4,4,3,4,4
632,5,5,5,5,3,4,3,2
634,3,3,4,3,2,3,4,4
637,4,3,3,4,5,4,4,3
638,4,4,2,4,3,5,4,3
640,3,3,4,4,3,3,3,3
642,2,2,2,2,3,2,1,3
646,3,2,3,3,4,3,2,4
648,2,4,4,4,4,2,3,3
649,2,3,3,3,3,4,4,5
650,2,3,3,3,4,4,3,3
651,4,4,3,2,4,5,3,2
652,4,3,2,4,4,4,4,5
653,4,3,3,3,4,3,4,3
654,4,3,4,3,3,3,3,4
656,4,5,4,3,4,4,3,4
657,2,2,1,3,4,3,4,4
658,4,5,4,4,4,3,3,4
659,2,2,2,2,3,3,3,2
661,4,3,4,4,4,3,4,4
662,4,4,5,4,3,3,2,3
665,4,5,4,4,4,5,4,5
668,2,2,2,3,3,3,2,2
669,4,4,4,3,5,4,2,4
672,2,2,4,3,4,4,5,3
674,2,3,3,3,4,3,3,4
676,3,4,3,3,3,4,4,4
682,3,2,2,3,3,3,4,2
683,4,3,4,3,4,3,4,2
684,3,4,4,4,3,5,3,2
685,5,4,4,5,4,3,4,3
686,4,3,4,3,4,3,3,4
687,3,4,3,3,3,3,3,2
689,3,3,4,5,3,2,3,4
690,4,5,4,3,3,3,4,4
693,4,4,5,4,4,2,4,3
695,4,4,4,2,3,4,3,3
700,3,4,4,3,5,5,5,5
701,3,4,2,4,4,4,4,3
702,4,4,3,2,3,5,3,3
704,5,4,5,4,3,5,4,4
705,4,3,2,3,4,5,3,4
707,4,4,4,4,4,4,5,3
710,2,3,2,1,4,3,4,4
711,4,3,4,3,3,4,4,3
712,5,5,5,5,3,3,4,5
714,3,4,3,3,1,2,2,4
715,3,3,3,3,4,4,4,5
716,3,3,2,3,3,4,4,5
717,4,5,4,5,2,3,3,4
719,2,2,2,4,2,3,2,3
720,3,4,4,3,4,3,3,4
721,3,3,3,3,2,2,2,2
722,3,3,4,4,3,3,3,4
724,4,4,4,3,3,4,4,3
725,5,3,4,5,4,4,4,4
726,2,1,2,3,3,4,3,3
728,2,4,3,2,4,5,3,4
729,4,4,4,4,3,3,3,2
731,3,3,2,2,4,2,3,4
733,4,4,5,5,5,3,4,3
736,5,5,4,4,3,4,2,4
737,4,3,4,3,4,4,4,5
738,3,3,2,3,3,3,4,3
740,1,2,2,1,2,3,3,3
744,5,4,4,5,5,3,5,4
746,4,5,3,5,4,4,2,5
747,3,3,2,3,5,4,5,5
750,4,3,5,3,3,3,4,3
752,4,4,4,4,3,2,2,3
753,5,5,5,5,5,5,5,4
754,4,4,3,4,5,5,5,4
755,5,4,3,4,4,5,4,5
757,3,5,3,4,3,3,4,4
758,4,4,4,2,3,4,3,3
759,3,3,4,3,4,4,4,3
760,3,3,3,3,4,3,3,3
761,2,3,3,4,3,4,2,2
762,3,3,4,2,5,5,5,4
763,4,4,4,4,4,4,5,2
764,5,4,4,4,4,3,4,4
765,2,4,3,3,4,3,3,2
766,5,5,5,4,3,5,4,5
767,2,3,3,4,4,5,4,4
768,4,3,4,3,5,3,5,5
769,4,4,4,4,4,3,4,2
770,3,4,3,5,4,4,4,3
771,4,3,3,3,3,2,3,5
774,4,4,4,5,3,2,1,2
775,4,2,3,3,3,2,4,4
776,4,3,4,4,3,4,3,3
778,4,3,2,3,3,4,4,3
779,3,2,3,3,2,2,2,3
781,4,4,5,4,5,5,5,4
786,2,4,3,3,4,4,3,4
788,4,5,5,5,4,4,4,3
791,4,4,5,4,5,4,5,5
793,3,3,3,5,3,4,3,2
795,3,4,5,4,4,5,4,4
796,4,5,3,4,2,3,4,3
797,4,4,4,5,4,4,3,4
798,4,2,3,4,3,5,4,5
799,3,4,2,3,3,3,4,3
800,3,3,4,4,4,4,3,3
801,3,4,2,3,2,2,3,4
802,4,5,4,4,2,4,2,3
803,4,3,3,3,4,3,3,3
805,4,3,4,4,3,3,4,3
806,4,3,4,3,4,4,5,5
808,4,3,4,5,4,5,4,4
809,5,5,5,5,5,5,4,5
810,3,2,2,3,2,3,4,4
812,3,5,4,5,5,5,4,3
813,3,3,2,2,4,2,2,3
814,3,2,3,3,4,4,1,3
815,3,5,3,5,4,2,4,4
816,5,5,5,5,4,3,4,4
817,4,5,5,4,5,4,4,3
820,4,4,3,4,3,4,3,3
822,3,5,5,4,4,2,4,4
823,3,2,2,3,5,4,5,5
825,4,4,3,3,3,2,3,5
826,3,4,3,2,3,3,3,3
827,3,3,5,4,3,4,3,5
832,4,3,4,5,2,5,3,4
833,4,4,3,2,3,4,3,3
834,4,4,4,3,4,2,4,5
835,4,2,3,5,3,3,4,5
836,3,3,4,3,5,5,4,5
837,5,4,4,4,4,5,4,4
838,5,4,5,5,4,5,5,5
840,4,3,3,5,2,2,2,3
842,3,3,2,3,3,2,3,2
844,4,4,4,5,4,3,4,3
848,4,4,3,5,4,4,4,3
849,4,4,5,4,2,3,3,4
850,3,4,4,3,4,4,4,5
851,5,3,4,3,5,4,4,4
852,4,4,4,4,2,3,2,3
856,4,2,4,3,4,5,4,4
858,4,4,3,3,3,3,2,4
859,3,3,3,4,2,3,2,2
860,4,3,4,4,4,4,4,5
862,3,3,4,3,3,3,4,3
864,3,3,3,4,4,3,2,4
865,5,4,3,2,5,5,4,5
866,4,4,3,3,3,2,2,3
867,1,2,1,2,5,5,5,4
868,4,3,3,3,5,4,5,5
870,3,3,4,4,5,5,4,4
871,4,5,5,5,5,4,4,4
873,3,4,4,3,4,4,4,3
874,4,3,4,3,2,4,3,3
875,5,5,4,5,3,4,3,4
876,5,3,4,5,3,4,3,3
877,4,5,3,3,5,4,4,4
878,4,4,3,5,5,4,4,3
880,3,3,3,4,5,5,5,4
881,2,2,3,2,4,3,3,4
884,5,5,4,3,3,2,2,3
887,4,4,4,4,4,4,4,3
888,3,4,3,3,5,2,4,4
889,5,4,4,5,2,2,4,2
890,4,4,3,4,4,3,3,4
891,3,3,3,3,3,2,3,4
893,3,3,3,5,5,5,4,5
894,4,3,3,3,5,3,5,5
895,2,3,4,4,3,3,3,4
897,5,4,5,5,5,2,3,4
898,4,4,4,3,3,2,2,3
899,2,3,3,3,4,5,4,5
900,3,3,3,3,4,4,4,4
906,4,2,3,2,4,3,4,4
907,5,4,2,4,3,2,3,2
909,3,3,3,3,4,4,3,4
911,3,4,4,4,5,4,4,5
914,4,4,3,4,5,5,4,5
915,3,2,3,4,3,3,3,4
917,5,5,3,4,5,5,5,4
919,3,2,2,2,3,3,3,5
920,4,3,5,2,3,3,4,3
921,4,5,5,4,3,3,3,4
923,4,3,4,5,2,3,2,3
927,3,3,3,4,3,2,4,3
928,3,3,3,3,3,3,3,3
929,3,2,3,3,4,3,4,4
931,3,3,3,3,3,2,3,3
932,5,4,3,3,2,3,1,3
936,4,4,4,3,3,3,3,3
939,5,5,4,4,3,4,3,3
940,3,4,3,2,3,2,2,3
941,4,4,3,5,4,5,5,4
942,4,4,2,3,4,4,4,2
943,5,5,5,5,5,5,4,5
945,3,4,2,4,2,1,1,1
946,2,3,3,4,3,3,4,3
947,3,3,4,3,5,3,5,4
950,4,3,4,3,2,3,2,3
953,4,4,3,4,4,3,3,2
956,1,2,1,1,1,3,3,3
957,3,4,4,4,3,2,2,1
958,3,4,3,3,5,3,5,4
959,4,5,5,4,5,4,5,4
961,4,4,4,3,3,2,3,3
962,3,5,4,4,4,3,3,3
963,4,5,3,5,5,4,5,5
965,3,3,3,3,3,3,4,3
969,5,4,3,5,4,4,4,3
970,4,4,5,5,3,3,3,3
971,2,3,3,2,4,3,3,3
972,3,4,3,3,2,3,3,3
974,3,4,3,4,2,3,3,3
975,4,3,4,4,2,3,2,3
976,4,4,5,5,4,4,3,3
977,5,3,5,4,4,3,3,3
980,3,1,4,3,3,2,4,4
982,2,3,3,3,2,2,2,3
983,4,5,4,4,2,3,2,1
984,3,4,4,3,3,3,4,4
985,3,3,3,2,3,3,4,3
986,2,2,3,2,3,3,3,3
987,2,4,3,5,3,2,3,2
988,4,5,4,3,2,3,2,3
990,5,4,4,5,4,3,4,3
991,3,3,3,3,4,4,3,3
992,3,2,2,4,3,2,2,1
993,3,3,4,4,3,3,3,4
994,4,3,4,3,4,5,4,4
996,2,3,2,2,4,3,3,4
1002,4,3,3,2,4,4,3,4
1003,4,4,5,2,3,4,3,3
1005,5,4,4,5,5,3,5,5
1006,4,4,5,4,2,3,2,2
1008,3,5,2,2,3,4,3,4
1010,3,3,4,3,2,3,3,2
1014,4,3,4,4,5,4,5,4
1016,3,4,4,3,2,3,3,2
1017,4,3,4,4,3,3,4,3
1018,3,2,3,5,4,3,4,4
1019,5,5,5,3,3,3,2,4
1020,3,3,3,5,3,3,4,5
1026,2,3,2,3,3,4,3,3
1027,5,5,3,5,4,3,4,4
1029,2,3,4,3,3,3,4,4
1030,4,3,4,5,5,4,3,3
1031,5,5,4,5,3,2,3,1
1033,5,4,4,4,2,3,1,2
1034,5,3,4,3,4,3,4,4
1035,4,3,5,4,5,4,5,4
1037,4,3,3,3,3,3,3,3
1040,5,3,4,4,3,2,2,3
1041,3,4,2,2,2,2,3,2
1042,4,4,3,3,3,3,3,4
1044,4,4,3,5,3,3,3,2
1045,5,4,3,4,4,4,3,4
1046,4,4,4,3,2,3,3,4
1047,4,5,4,5,4,3,3,2
1049,5,4,3,5,5,5,5,5
1050,4,4,4,3,5,5,5,5
1052,3,3,3,3,3,3,3,3
1053,2,2,1,2,3,3,2,3
1054,2,3,2,1,2,3,3,2
1055,5,4,4,3,4,4,3,5
1056,4,4,4,5,4,5,5,5
1058,4,4,4,4,3,5,3,3
1060,4,4,4,3,3,2,3,4
1061,4,2,4,4,3,4,3,3
1062,4,5,5,2,3,4,2,3
1063,4,3,2,3,3,3,3,3
1065,3,3,3,1,3,3,2,2
1066,3,4,3,4,5,5,5,5
1067,4,3,4,3,4,5,3,5
1068,3,3,3,3,4,4,2,2
1069,2,3,3,4,4,3,2,2
1072,3,4,4,3,5,4,4,4
1073,5,4,5,5,5,4,5,3
1075,5,4,5,4,4,2,3,4
1076,2,2,4,3,4,4,4,2
1077,4,4,4,4,4,3,4,3
1078,4,4,4,4,5,4,5,4
1079,4,4,2,5,2,4,2,3
1080,3,3,3,3,3,3,4,3
1083,4,3,4,4,4,5,4,5
1084,3,2,3,2,3,3,3,2
1086,3,3,3,4,5,4,3,4
1087,2,2,2,3,4,4,3,2
1088,2,4,4,3,3,3,4,3
1089,4,3,3,3,2,3,3,4
1090,2,3,1,3,2,4,4,4
1092,3,4,4,4,4,4,3,4
1093,4,3,4,4,3,4,5,4
1095,3,4,4,2,3,3,3,4
1097,5,4,4,2,2,4,3,4
1099,3,2,2,4,4,4,4,2
1102,4,4,3,3,3,3,3,4
1103,5,5,4,5,3,4,2,4
1104,3,4,3,3,4,4,5,4
1106,4,4,4,3,3,4,3,2
1107,3,5,4,4,4,5,5,4
1108,4,3,4,4,4,4,4,5
1110,3,4,3,2,5,4,4,4
1111,5,5,5,5,4,4,4,4
1118,5,4,4,3,4,5,3,4
1120,4,4,4,4,2,2,3,2
1122,4,3,4,3,4,3,4,4
1123,4,3,3,5,4,3,4,4
1125,3,3,3,5,3,3,3,3
1126,5,5,5,4,4,4,4,5
1130,5,4,5,4,4,3,3,4
1132,2,2,3,3,3,3,3,2
1135,5,5,4,5,3,2,3,4
1136,5,4,3,4,4,4,3,5
1138,4,4,5,4,4,4,3,5
1139,3,3,2,2,3,3,4,4
1141,5,5,5,5,4,5,4,4
1142,4,4,5,5,4,5,4,5
1143,3,4,4,3,4,3,4,4
1144,4,4,5,3,4,4,4,4
1145,4,5,4,5,3,4,3,3
1146,4,4,5,5,3,4,5,5
1148,1,2,2,4,3,4,3,3
1149,4,5,4,4,4,4,4,4
1150,5,4,4,4,2,4,2,3
1152,4,3,3,3,3,3,3,3
1154,4,4,4,5,4,4,4,4
1155,1,3,4,2,3,4,3,5
1157,3,4,4,5,4,5,4,4
1159,4,4,5,4,5,4,4,4
1162,4,5,5,5,4,3,3,3
1166,4,5,4,3,3,3,5,4
1168,4,4,5,4,4,4,4,4
1169,5,4,4,3,4,4,5,4
1170,3,3,3,2,4,4,4,4
1171,4,3,3,3,4,4,3,4
1173,2,3,3,3,2,3,4,3
1174,3,4,3,4,4,4,2,4
1175,2,2,2,2,4,4,3,5
1176,5,4,4,3,2,3,3,2
1177,4,5,4,4,4,5,3,4
1178,4,3,3,5,4,4,4,4
1179,4,3,4,4,5,5,3,4
1182,5,5,4,5,4,4,3,3
1183,3,4,3,3,5,5,4,5
1189,3,2,2,4,2,4,3,3
1190,4,3,2,3,4,4,3,3
1191,3,3,3,4,3,4,3,4
1195,4,2,5,3,3,2,4,2
1197,3,4,5,4,5,4,5,5
1198,2,2,1,2,4,5,4,5
1200,5,5,5,4,5,4,4,5
1202,3,3,2,3,3,3,2,3
1203,3,3,3,4,3,4,4,2
1207,3,3,4,3,4,2,5,4
1209,3,5,4,3,5,4,2,4
1210,2,3,3,3,3,4,5,2
1213,4,3,3,4,4,2,3,4
1215,5,4,4,4,5,3,3,4
1216,4,4,3,4,4,5,4,3
1217,5,3,4,5,3,3,3,2
1218,5,5,5,4,3,3,4,3
1219,4,3,3,4,3,4,3,4
1220,5,4,4,4,4,3,3,4
1221,4,3,2,3,4,4,5,5
1223,4,3,3,2,5,5,5,4
1224,4,5,3,3,4,4,4,5
1225,5,4,4,2,4,4,4,4
1227,3,2,4,3,3,3,3,2
1229,4,2,4,4,4,4,3,3
1230,5,4,4,4,4,4,3,3
1231,4,3,2,3,5,3,3,3
1232,4,3,4,4,3,2,3,3
1233,4,3,3,4,4,4,4,4
1234,3,4,4,3,3,2,3,3
1237,2,2,3,3,3,3,2,3
1238,2,3,4,3,5,5,5,4
1239,3,3,2,3,3,5,3,4
1242,3,3,3,3,3,3,3,4
1243,4,4,3,4,4,4,3,3
1244,3,4,3,4,3,3,3,3
1245,4,5,5,5,2,2,3,3
1246,4,4,3,3,4,3,5,5
1247,2,3,3,4,4,5,4,4
1248,3,4,3,2,2,3,4,4
1251,5,3,3,5,3,4,4,4
1252,4,4,5,5,2,3,3,3
1253,3,2,4,3,3,3,2,4
1254,4,3,3,5,2,4,3,2
1255,5,5,5,5,4,5,4,4
1258,4,4,4,4,3,4,2,4
1259,4,5,3,4,2,3,2,4
1260,3,3,3,3,3,3,3,3
1262,4,4,4,4,3,4,3,3
1263,4,4,5,4,4,5,4,4
1264,5,5,5,5,4,4,4,4
1265,3,4,5,3,3,2,2,1
1266,3,4,3,3,4,4,4,5
1267,5,3,3,4,4,4,5,4
1270,4,3,4,4,3,4,3,4
1272,4,5,3,4,4,4,4,3
1275,4,4,5,4,3,3,3,4
1276,4,3,4,2,4,2,3,3
1277,5,4,4,5,3,3,5,4
1278,4,4,3,4,3,3,4,5
1279,3,3,3,3,4,3,3,3
1280,4,5,4,3,4,4,3,3
1281,3,3,4,3,4,3,2,4
1282,2,4,3,3,4,2,3,4
1284,4,5,5,4,5,3,4,3
1286,1,2,1,3,2,3,4,3
1288,3,2,3,3,3,3,5,3
1290,4,4,4,5,2,2,1,2
1291,3,3,3,2,3,2,4,3
1292,5,5,4,4,2,3,3,2
1296,4,5,4,4,5,5,5,5
1297,3,4,4,2,4,4,4,4
1299,4,5,4,5,4,5,4,5
1300,3,3,4,3,3,3,3,3
1301,5,5,4,4,5,3,5,3
1302,3,2,3,3,4,3,3,5
1303,5,4,4,4,5,5,5,3
1304,3,5,3,5,4,2,5,4
1305,3,3,3,3,3,3,3,3
1306,5,5,5,3,4,5,5,5
1309,4,4,4,3,3,4,3,4
1310,4,4,4,3,2,2,2,3
1312,4,3,4,5,5,4,4,4
1313,3,5,3,3,4,4,3,3
1316,4,5,5,4,2,2,3,3
1317,4,4,4,4,4,4,4,5
1321,2,3,2,3,3,3,3,2
1322,4,4,3,4,5,5,5,4
1324,4,4,3,2,4,4,3,5
1325,3,2,3,3,2,2,4,3
1327,3,3,2,3,5,4,5,3
1328,4,4,3,5,5,3,5,4
1329,1,2,2,3,4,3,4,4
1331,4,5,5,5,3,4,4,3
1333,4,3,4,5,2,1,1,3
1334,3,3,3,4,3,3,2,3
1335,5,4,4,3,4,3,3,4
1337,4,3,4,4,3,3,3,2
1338,3,2,2,5,5,4,5,4
1340,4,4,4,4,3,3,4,2
1342,4,3,2,3,3,2,4,2
1344,2,4,2,4,3,5,3,3
1345,4,5,3,4,3,5,2,5
1346,4,4,3,5,4,2,2,3
1348,4,4,3,2,3,3,4,4
1349,4,5,3,4,4,4,4,3
1350,4,3,2,4,3,4,3,3
1355,4,4,4,4,5,4,5,4
1358,3,4,4,4,4,3,4,4
1359,3,3,4,4,4,3,4,4
1361,4,4,5,5,5,5,5,5
1362,4,2,4,4,4,4,5,4
1366,3,3,3,2,4,4,4,4
1367,3,2,3,1,2,2,3,4
1368,4,3,4,4,4,4,3,3
1369,5,4,5,4,4,4,4,4
1371,5,5,3,2,4,4,5,4
1372,2,3,4,4,4,4,5,4
1374,4,3,3,4,3,3,3,3
1378,3,4,5,3,3,4,4,3
1381,4,5,4,3,5,2,5,4
1384,2,4,3,3,5,4,4,5
1385,4,5,4,4,3,3,3,3
1387,2,3,3,2,3,3,2,4
1388,3,3,2,3,2,1,3,2
1389,2,3,3,1,3,3,3,4
1390,5,4,4,4,4,4,3,3
1393,4,4,4,5,5,4,5,4
1394,4,3,4,4,4,4,4,5
1395,5,3,4,4,3,2,4,3
1396,5,4,3,5,3,4,4,3
1397,3,4,3,4,5,4,4,4
1398,3,4,5,5,5,5,5,4
1403,5,5,4,4,4,5,5,4
1404,2,2,1,3,2,3,3,3
1405,5,5,5,4,4,4,2,4
1406,2,3,3,4,4,5,3,5
1409,4,5,5,3,3,4,4,4
1410,4,5,3,4,3,4,3,2
1413,3,3,4,4,3,3,3,4
1414,3,4,4,4,5,4,3,5
1416,3,3,3,3,3,3,3,3
1418,4,3,4,4,4,4,4,3
1420,4,4,4,4,4,3,2,4
1422,2,3,3,2,4,3,4,4
1424,3,5,4,3,4,4,4,4
1425,4,4,4,3,3,3,4,4
1426,2,3,2,4,5,3,5,3
1427,5,3,4,5,2,3,2,3
1429,4,3,5,3,4,4,5,5
1436,5,3,4,4,5,5,4,4
1437,3,4,4,5,4,3,2,5
1439,4,3,4,3,4,5,4,5
1442,4,5,5,3,5,5,5,5
1443,4,4,4,4,3,3,4,3
1444,3,4,3,3,2,2,2,2
1445,4,4,3,3,5,5,4,4
1447,3,5,3,3,4,3,5,4
1448,4,5,5,4,5,5,5,5
1449,3,3,4,4,3,4,4,3
1450,2,2,2,1,4,3,3,3
1452,4,5,3,5,4,3,3,3
1453,3,3,3,2,3,3,3,2
1454,3,3,3,2,3,3,3,2
1456,3,4,4,5,2,2,2,2
1457,4,4,3,3,3,4,3,3
1458,3,3,4,3,3,3,4,3
1459,2,3,3,3,3,4,3,4
1460,2,1,2,2,1,4,2,3
1461,5,5,5,5,4,3,4,4
1463,3,4,3,4,4,4,3,2
1466,4,2,4,3,3,4,3,4
1468,4,5,4,5,5,4,5,5
1469,3,3,2,4,2,3,1,2
1470,4,3,3,5,3,4,3,4
1472,4,2,4,3,3,3,4,3
1475,3,3,4,4,3,4,2,3
1477,5,4,5,4,4,3,5,4
1482,4,5,4,3,5,4,4,4
1483,2,3,5,3,4,5,4,4
1484,3,3,3,4,3,3,3,4
1486,4,4,5,4,3,2,3,3
1490,4,4,5,5,5,5,5,4
1493,3,4,4,3,4,4,3,4
1494,3,3,3,4,5,4,4,4
1495,4,4,3,4,5,4,4,5
1496,5,5,5,4,4,5,4,4
1498,3,4,4,3,3,3,4,2
1499,4,3,4,3,3,4,4,5
1501,4,2,4,2,4,2,4,3
1502,5,5,5,4,3,3,3,4
1503,2,3,3,4,2,2,3,2
1504,2,4,2,3,3,1,3,2
1505,4,4,3,4,3,4,3,3
1508,3,3,4,2,4,4,4,4
1511,2,3,3,3,5,4,4,4
1512,5,5,5,4,2,2,3,4
1513,3,4,3,3,2,3,3,3
1514,2,3,4,3,3,3,2,4
1515,4,3,5,5,4,5,4,4
1516,4,5,5,4,3,3,3,3
1517,4,3,4,3,3,4,3,3
1520,5,4,5,3,2,4,2,3
1521,4,4,4,5,5,4,4,5
1522,5,3,4,4,4,5,4,3
1523,5,4,4,5,3,5,3,4
1524,4,5,4,4,5,4,4,5
1525,4,4,4,2,4,4,3,3
1526,3,3,1,4,2,4,2,4
1528,4,4,5,5,4,4,4,5
1533,4,4,3,3,3,3,2,3
1536,5,4,4,4,5,4,5,4
1538,3,3,3,3,4,4,4,4
1540,5,5,5,5,5,5,5,5
1541,3,3,2,5,4,3,3,5
1543,3,2,3,3,5,3,5,5
1549,4,5,5,4,4,4,4,3
1552,2,2,2,2,4,4,5,3
1553,3,3,4,3,4,4,4,4
1554,4,3,4,4,2,3,3,3
1557,3,4,3,4,2,3,2,2
1558,2,2,2,4,5,5,4,4
1559,3,2,2,3,3,4,5,5
1561,3,2,2,3,2,3,3,2
1563,3,4,3,3,4,3,3,5
1565,5,5,3,3,2,2,3,4
1566,3,1,3,1,1,3,3,3
1567,4,5,4,4,3,5,4,3
1569,4,5,5,5,4,4,5,5
1570,4,3,3,2,3,5,4,3
1571,4,4,2,3,3,3,3,4
1572,4,4,5,4,4,3,3,3
1574,3,4,2,3,3,1,2,2
1576,4,5,5,4,5,4,4,4
1578,2,3,3,3,4,5,4,5
1580,5,3,5,3,4,3,3,5
1582,3,3,4,3,4,4,4,4
1583,4,3,4,4,4,5,4,4
1584,4,4,4,5,3,4,3,4
1586,3,2,3,4,5,4,5,5
1587,5,5,5,4,3,2,2,3
1588,5,5,4,5,4,5,5,3
1589,4,5,4,3,5,4,5,4
1590,5,5,4,5,5,5,5,4
1593,2,2,3,2,5,3,3,4
1601,4,4,5,4,4,3,2,3
1602,3,3,3,4,5,4,4,4
1603,4,5,4,4,2,3,3,2
1604,3,3,3,3,4,3,3,4
1605,4,4,3,4,3,4,3,3
1606,4,3,4,3,5,3,4,4
1607,5,4,4,4,4,4,5,4
1608,2,3,3,5,3,3,4,4
1609,4,3,3,5,3,3,5,5
1610,3,2,2,3,4,3,3,3
1612,4,3,5,4,2,3,2,2
1613,3,3,3,2,4,4,4,5
1615,2,2,2,1,3,2,3,3
1618,4,3,3,4,4,3,4,4
1619,4,3,3,3,3,3,3,3
1620,4,5,3,4,3,4,3,5
1621,4,3,3,4,2,4,3,3
1625,5,3,5,5,3,1,1,2
1626,3,3,2,3,3,3,3,3
1628,3,3,3,4,2,4,3,3
1629,3,4,4,5,5,5,5,5
1630,4,4,5,5,3,3,2,4
1632,4,4,4,3,3,3,4,3
1633,2,3,5,4,3,4,4,4
1634,4,3,5,2,3,4,3,4
1635,5,4,3,4,4,4,5,5
1638,4,3,3,4,2,2,3,3
1639,4,3,3,4,3,3,3,2
1640,4,4,4,3,3,3,4,4
1644,4,3,5,4,2,3,4,4
1645,4,4,3,4,3,3,3,4
1646,5,4,4,4,4,5,4,4
1647,3,4,3,5,4,5,4,4
1648,4,4,5,3,5,4,5,5
1649,4,5,4,4,5,5,4,4
1650,4,3,4,4,5,3,3,3
1651,4,4,4,3,4,4,4,4
1652,4,3,2,3,3,4,3,5
1653,5,5,5,5,3,4,4,4
1655,4,2,3,4,5,3,3,5
1657,5,4,5,4,5,4,4,4
1658,3,3,1,3,5,4,5,4
1659,5,5,4,3,3,5,3,3
1660,3,3,3,2,4,3,3,3
1663,4,3,3,4,3,4,3,4
1664,5,3,4,5,2,2,2,2
1667,5,2,3,3,4,2,3,3
1669,5,5,5,5,3,3,3,3
1671,2,2,2,2,5,4,5,5
1672,2,3,3,4,2,3,2,3
1674,5,4,5,4,5,5,4,4
1677,5,5,5,3,2,2,3,2
1679,3,4,3,3,5,5,5,3
1680,4,5,4,3,5,5,4,4
1681,3,4,3,2,4,4,5,3
1682,2,3,4,3,3,3,3,2
1683,5,4,5,4,3,4,4,4
1684,3,3,4,4,4,5,4,3
1685,4,5,4,4,4,4,4,3
1687,5,4,4,4,5,5,4,5
1689,4,3,4,5,5,4,4,3
1690,4,3,4,4,5,4,5,4
1691,4,2,4,4,5,5,5,5
1692,4,4,5,3,5,5,5,5
1694,5,5,4,3,4,3,4,5
1695,5,3,3,4,4,4,4,4
1696,4,4,4,3,3,3,3,3
1698,4,4,3,4,5,4,4,4
1699,2,3,4,3,4,4,3,4
1700,4,5,4,3,3,5,4,3
1702,2,2,3,3,4,3,5,4
1705,3,3,4,3,3,3,3,4
1707,1,3,2,2,4,5,4,4
1708,4,3,3,4,5,5,4,4
1709,3,3,3,3,3,4,5,4
1712,3,4,4,3,3,2,3,2
1713,5,5,4,5,4,4,3,4
1714,4,4,4,4,4,3,3,3
1716,4,3,2,3,4,2,4,4
1718,4,5,5,5,3,4,4,4
1720,5,5,5,5,3,3,4,3
1721,4,4,3,4,5,4,5,5
1723,2,1,3,3,4,3,4,3
1725,3,3,3,2,2,3,4,3
1726,2,3,4,2,3,3,3,3
1727,4,3,3,4,4,3,4,3
1728,2,2,2,2,2,3,3,3
1730,5,4,4,4,4,4,4,3
1731,4,4,3,3,3,2,2,4
1732,4,3,4,3,3,3,3,3
1733,3,4,3,4,5,4,4,3
1734,4,5,4,4,3,3,3,3
1736,4,4,3,4,4,4,4,4
1738,4,2,4,3,5,5,4,5
1741,4,4,3,4,5,4,3,3
1742,3,4,4,4,5,3,4,3
1743,5,3,4,4,4,3,3,4
1744,4,4,4,3,4,3,3,2
1745,5,5,4,5,4,2,5,4
1746,3,3,1,2,1,2,2,3
1747,4,3,5,3,4,3,3,2
1748,4,4,4,3,3,3,4,3
1749,4,5,4,4,2,3,3,3
1750,3,2,4,3,3,4,3,3
1752,5,5,5,4,5,5,4,5
1753,3,3,3,3,4,3,4,3
1754,3,2,4,4,4,3,5,3
1755,4,3,3,4,3,3,3,3
1756,5,4,4,4,3,2,2,3
1757,3,3,2,4,3,3,3,2
1760,3,4,4,3,5,5,5,5
1761,3,3,4,2,5,5,5,5
1762,3,5,4,4,4,5,4,4
1764,4,3,4,3,3,3,3,3
1765,3,4,4,3,4,5,4,5
1767,2,2,2,3,3,3,2,2
1768,4,4,5,4,2,4,2,3
1770,2,2,2,2,2,4,2,2
1771,4,5,4,4,5,5,5,5
1772,4,5,4,3,4,4,3,4
1773,3,3,3,3,3,2,3,3
1774,2,3,5,3,5,3,4,4
1777,2,3,2,4,3,3,3,3
1778,3,3,2,3,2,3,3,1
1779,3,4,4,2,4,2,4,3
1780,4,5,4,5,2,4,4,2
1782,3,2,3,4,4,3,4,3
1783,4,4,3,5,3,4,3,4
1784,2,3,3,3,5,3,3,3
1786,2,3,4,4,3,2,3,2
1788,3,3,4,4,5,3,5,4
1792,4,4,4,4,4,5,4,4
1793,3,1,2,3,3,5,2,3
1794,5,3,4,5,3,3,3,4
1796,3,4,3,3,4,2,3,4
1797,5,5,5,5,4,5,5,4
1800,4,5,3,5,4,4,4,3
1801,3,3,3,4,2,2,4,2
1802,4,4,4,4,4,4,3,3
1803,5,3,5,3,5,4,4,4
1804,3,3,2,2,2,3,4,2
1805,3,5,3,4,3,4,3,3
1806,3,4,4,3,2,4,3,4
1807,4,3,2,2,2,2,3,3
1808,2,2,4,2,3,3,5,5
1809,2,2,3,3,3,2,2,3
1811,5,5,4,5,4,4,4,4
1812,5,5,5,4,4,4,3,4
1813,4,4,4,3,2,3,3,2
1815,4,3,3,3,4,4,5,5
1816,3,4,4,5,4,4,4,3
1821,4,5,5,5,3,3,3,2
1824,5,5,5,5,4,5,5,4
1827,4,3,1,2,4,3,4,4
1829,3,5,3,3,3,2,3,3
1830,5,3,5,4,3,3,2,3
1831,3,3,5,3,4,4,4,5
1832,3,3,3,4,3,4,3,4
1835,4,5,4,3,5,3,3,3
1836,2,2,3,3,4,4,3,4
1837,3,3,4,1,4,4,5,4
1838,4,4,4,4,1,2,2,2
1839,4,4,4,4,3,3,3,4
1840,3,3,3,3,4,3,3,4
1843,5,4,4,5,3,3,3,3
1844,2,3,3,2,1,2,3,3
1847,4,4,4,3,5,5,5,4
1849,3,3,3,4,4,4,4,3
1852,3,4,4,3,3,2,4,2
1854,4,3,3,3,3,2,2,2
1855,4,3,2,3,3,3,3,4
1856,3,3,4,2,5,5,5,5
1857,5,4,5,4,3,4,3,3
1859,5,3,4,4,4,3,2,5
1860,4,5,5,5,5,5,4,4
1861,4,4,4,4,3,4,4,2
1863,3,3,3,5,3,5,3,3
1864,3,3,2,4,3,3,3,2
1865,4,4,4,4,3,4,4,5
1866,2,2,2,2,3,4,4,3
1870,3,5,3,4,3,3,3,2
1872,3,5,3,5,3,3,4,3
1873,3,4,4,3,4,5,3,4
1874,5,3,4,4,5,4,5,5
1875,5,5,3,5,3,3,2,2
1876,2,2,3,3,3,4,3,4
1880,3,2,4,4,4,5,4,4
1887,3,5,3,3,3,3,3,2
1889,5,5,4,4,5,2,5,3
1893,3,4,3,3,4,3,4,4
1894,4,3,4,4,5,4,4,4
1899,4,5,5,5,5,4,3,5
1901,2,3,3,4,5,5,5,4
1902,3,4,4,4,3,3,2,4
1903,3,3,4,3,3,4,4,5
1906,3,3,3,4,3,3,3,2
1907,3,4,4,3,1,3,2,1
1908,4,4,5,4,3,5,4,4
1912,4,5,3,3,4,4,4,5
1914,4,4,4,4,5,5,4,5
1916,5,2,4,4,4,4,4,4
1917,3,4,2,4,4,3,5,4
1918,4,4,3,4,4,3,3,3
1919,2,3,3,4,4,3,3,4
1920,5,4,3,4,3,3,3,3
1921,5,5,5,4,5,3,4,5
1922,5,5,4,4,4,4,3,3
1926,4,4,4,3,5,3,4,4
1928,4,4,4,4,4,4,3,5
1931,4,3,4,5,5,5,5,5
1932,5,4,5,4,2,4,3,4
1934,4,5,4,4,4,4,4,5
1936,4,3,3,2,5,4,5,5
1939,4,4,5,4,4,3,2,4
1941,3,3,5,3,4,4,5,5
1946,2,2,3,3,2,2,2,1
1947,4,4,5,4,5,5,5,4
1948,4,4,3,4,3,2,2,4
1951,3,5,3,4,4,4,3,3
1953,2,3,3,3,3,4,5,3
1955,5,4,4,2,3,3,4,2
1956,4,4,3,3,2,1,2,3
1958,3,5,5,3,3,3,4,4
1959,4,4,5,4,4,5,4,4
1962,3,4,4,3,1,3,2,2
1963,3,2,2,5,5,4,3,5
1965,5,3,5,4,3,4,3,3
1967,4,3,4,4,4,5,3,4
1968,5,4,4,4,4,3,3,2
1973,5,4,3,4,5,4,5,4
1976,4,4,4,3,4,4,4,5
1977,5,5,4,4,3,3,4,4
1979,4,4,3,5,2,3,2,2
1981,5,3,5,4,2,1,1,3
1982,5,3,4,5,4,4,4,4
1983,5,4,4,4,5,5,5,5
1985,3,4,4,5,4,4,4,4
1986,2,3,3,4,3,4,3,3
1987,4,4,3,4,5,5,4,5
1988,3,3,4,3,4,4,4,4
1990,4,3,3,3,3,1,2,3
1991,4,5,4,4,4,3,3,3
1994,5,5,5,5,4,3,4,4
1995,3,2,2,3,1,3,1,2
1997,4,4,3,3,3,4,3,3
1998,5,4,4,5,5,5,5,5
1999,3,3,2,4,4,3,3,3
