indicateur,unite,mediane_secteur,quartile_1,quartile_3
Taux de marge brute (HT),%,38.0,33.0,42.0
Taux de retour (lignes),%,5.5,3.5,8.5
Panier moyen,€,92.0,70.0,118.0
Taux de conversion du site,%,2.6,1.8,3.8
Part du site dans le CA,%,35.0,20.0,50.0
Rotation du stock (par an),fois,4.2,3.0,5.8
Taux de rupture de stock,%,4.0,2.0,7.0
Livraisons à l'heure,%,92.0,86.0,96.0
Coût d'acquisition d'un client,€,18.0,11.0,27.0
Clients actifs à 12 mois,%,42.0,30.0,55.0
Part des frais de personnel dans le CA,%,24.0,19.0,29.0
Taux de désabonnement e-mail annuel,%,18.0,12.0,25.0
