date,jour_semaine,nb_commandes,chiffre_affaires,temperature_moy,pluie_mm,promo_active,depense_pub
2023-01-01,7,11,788.08,3.4,0.0,0,147.9
2023-01-02,1,15,1208.36,7.3,0.0,0,188.8
2023-01-03,2,23,2305.8,4.6,0.0,0,84.9
2023-01-04,3,32,3025.44,5.2,0.0,0,119.6
2023-01-05,4,21,1777.97,7.0,0.0,0,144.0
2023-01-06,5,30,2691.18,5.9,0.0,0,151.7
2023-01-07,6,28,2391.17,6.8,3.3,0,125.8
2023-01-08,7,15,1732.42,3.0,1.0,1,207.9
2023-01-09,1,36,3090.78,2.5,0.0,1,164.3
2023-01-10,2,19,1586.74,3.8,0.0,1,267.7
2023-01-11,3,18,1912.08,2.2,0.0,1,220.9
2023-01-12,4,27,1796.36,7.1,4.1,1,175.8
2023-01-13,5,26,2423.26,2.7,19.2,1,167.0
2023-01-14,6,41,4122.9,6.2,0.0,1,157.4
2023-01-15,7,24,2012.74,5.3,0.0,1,138.5
2023-01-16,1,23,1576.36,5.4,0.0,1,154.5
2023-01-17,2,25,1915.18,4.3,0.0,1,158.8
2023-01-18,3,19,1080.6,6.0,0.0,1,258.5
2023-01-19,4,31,2438.84,5.6,0.0,1,155.4
2023-01-20,5,33,2960.26,4.6,0.0,1,276.1
2023-01-21,6,42,3474.56,6.7,0.0,1,309.3
2023-01-22,7,19,1254.7,1.4,0.0,1,150.5
2023-01-23,1,26,2343.92,5.0,8.5,1,260.8
2023-01-24,2,24,1846.52,2.8,0.0,1,241.7
2023-01-25,3,27,1913.76,2.3,8.8,1,202.7
2023-01-26,4,24,2156.0,3.6,0.0,1,220.2
2023-01-27,5,28,2224.18,2.1,0.0,1,289.3
2023-01-28,6,38,2728.78,4.4,0.0,1,309.9
2023-01-29,7,15,2286.32,3.6,7.0,0,157.1
2023-01-30,1,25,2359.27,3.0,0.0,0,213.1
2023-01-31,2,20,1252.76,3.1,9.7,0,100.7
2023-02-01,3,20,2415.75,9.0,0.0,0,151.8
2023-02-02,4,23,1771.81,1.9,0.0,0,98.8
2023-02-03,5,23,2018.86,3.3,0.0,0,168.0
2023-02-04,6,31,3228.74,4.2,0.0,0,181.3
2023-02-05,7,20,1306.84,7.7,0.0,0,130.5
2023-02-06,1,18,1492.86,2.2,0.6,0,151.6
2023-02-07,2,24,2403.41,0.5,0.0,0,121.1
2023-02-08,3,19,1741.79,2.3,0.0,0,100.6
2023-02-09,4,29,3108.67,1.9,0.0,0,153.1
2023-02-10,5,23,2127.6,0.0,0.0,0,117.3
2023-02-11,6,24,2244.01,6.6,0.0,0,114.9
2023-02-12,7,22,3109.22,5.3,0.0,0,100.7
2023-02-13,1,23,2678.73,2.9,0.0,0,99.9
2023-02-14,2,29,2523.7,1.1,0.0,0,101.9
2023-02-15,3,29,2602.8,3.0,0.0,0,197.9
2023-02-16,4,17,2026.51,3.0,0.0,0,95.8
2023-02-17,5,27,2671.03,4.9,12.4,0,165.0
2023-02-18,6,28,2847.64,3.1,0.0,0,103.2
2023-02-19,7,18,1532.82,6.0,0.0,0,87.6
2023-02-20,1,23,2673.66,2.9,0.0,0,138.4
2023-02-21,2,18,1567.8,7.5,10.7,0,138.7
2023-02-22,3,21,2291.4,5.5,8.0,0,115.0
2023-02-23,4,26,2665.53,5.0,0.0,0,139.3
2023-02-24,5,28,2680.35,4.4,0.0,0,131.8
2023-02-25,6,26,2400.42,9.7,1.5,0,98.9
2023-02-26,7,14,972.67,11.3,0.0,0,138.1
2023-02-27,1,18,1143.73,3.2,0.0,0,87.1
2023-02-28,2,21,2497.44,5.4,0.0,0,158.2
2023-03-01,3,20,1722.66,3.2,0.0,0,283.0
2023-03-02,4,26,2156.67,6.7,14.5,0,216.3
2023-03-03,5,26,1724.9,12.7,8.9,0,266.4
2023-03-04,6,38,3907.22,12.6,1.8,0,363.3
2023-03-05,7,22,1876.42,6.8,10.8,0,185.4
2023-03-06,1,29,2971.37,6.8,0.0,0,150.8
2023-03-07,2,19,2030.12,4.4,4.4,0,194.0
2023-03-08,3,15,1357.21,4.0,4.7,0,204.1
2023-03-09,4,23,2480.9,7.7,12.9,0,289.5
2023-03-10,5,29,2497.98,8.6,2.4,0,146.3
2023-03-11,6,34,4055.46,8.9,5.3,0,187.5
2023-03-12,7,15,895.2,7.4,3.4,0,376.3
2023-03-13,1,28,3628.29,8.9,0.0,0,152.0
2023-03-14,2,22,2064.74,4.6,0.0,0,205.2
2023-03-15,3,14,1162.45,5.6,0.0,0,270.6
2023-03-16,4,31,3177.87,6.4,0.0,0,224.7
2023-03-17,5,32,3821.2,11.7,0.0,0,338.2
2023-03-18,6,34,3015.61,7.2,5.4,0,273.4
2023-03-19,7,18,1820.8,7.3,0.6,0,189.3
2023-03-20,1,18,1725.67,10.5,0.0,0,256.0
2023-03-21,2,19,2062.4,7.3,0.0,0,238.5
2023-03-22,3,18,2542.2,8.3,0.0,0,176.3
2023-03-23,4,34,3357.2,6.5,2.2,0,197.3
2023-03-24,5,38,2896.63,11.5,1.6,0,197.2
2023-03-25,6,26,2843.78,8.5,0.0,0,301.1
2023-03-26,7,25,2055.21,10.9,0.0,0,189.2
2023-03-27,1,27,2660.36,9.2,0.0,0,198.3
2023-03-28,2,26,2561.07,8.3,0.0,0,245.6
2023-03-29,3,21,2117.2,9.3,0.0,0,167.4
2023-03-30,4,39,4408.19,6.7,0.0,0,220.6
2023-03-31,5,35,3574.58,13.9,6.5,0,244.1
2023-04-01,6,34,3586.06,13.2,0.0,0,203.2
2023-04-02,7,19,2125.4,7.1,0.0,0,208.6
2023-04-03,1,26,2220.71,13.1,0.0,0,388.1
2023-04-04,2,31,2546.55,8.3,8.3,0,239.4
2023-04-05,3,29,2683.59,10.8,0.0,0,271.1
2023-04-06,4,21,2137.5,15.1,0.0,0,208.3
2023-04-07,5,44,5078.11,15.7,0.0,0,217.2
2023-04-08,6,35,3629.82,11.7,0.0,0,238.2
2023-04-09,7,21,2210.96,14.0,0.0,0,214.5
2023-04-10,1,27,2336.13,13.0,6.5,0,280.3
2023-04-11,2,22,1689.84,10.7,0.0,0,214.4
2023-04-12,3,23,2910.53,13.4,0.0,0,185.0
2023-04-13,4,40,3681.1,14.0,0.0,0,335.0
2023-04-14,5,28,2734.92,11.4,9.3,0,207.4
2023-04-15,6,31,3865.7,14.9,0.0,0,208.6
2023-04-16,7,22,2247.2,17.9,0.0,0,176.8
2023-04-17,1,32,3815.97,11.0,4.7,0,169.9
2023-04-18,2,25,1912.02,13.5,0.0,0,163.2
2023-04-19,3,24,2538.91,10.6,0.0,0,210.1
2023-04-20,4,34,3494.51,13.4,0.0,0,190.8
2023-04-21,5,30,2852.73,15.6,0.0,0,209.1
2023-04-22,6,36,3480.5,14.6,6.3,0,220.2
2023-04-23,7,18,1485.13,12.0,0.0,0,229.1
2023-04-24,1,26,2695.2,13.1,0.0,0,321.1
2023-04-25,2,25,3191.77,17.6,0.0,0,226.0
2023-04-26,3,38,4316.36,17.1,0.0,0,280.8
2023-04-27,4,28,3050.43,14.2,0.0,0,305.9
2023-04-28,5,41,4065.84,11.7,0.0,0,207.8
2023-04-29,6,44,3818.06,13.2,0.0,0,264.0
2023-04-30,7,15,1362.7,9.3,0.0,0,233.2
2023-05-01,1,22,3131.4,13.9,0.0,0,271.8
2023-05-02,2,29,3654.84,17.2,0.0,0,267.6
2023-05-03,3,34,3720.43,15.4,4.5,0,286.2
2023-05-04,4,41,3661.84,18.5,0.0,0,264.9
2023-05-05,5,31,3292.95,15.5,0.0,0,145.4
2023-05-06,6,35,3877.43,15.4,0.0,0,148.3
2023-05-07,7,20,1679.64,22.4,0.2,0,186.9
2023-05-08,1,30,3357.18,13.3,7.1,0,222.8
2023-05-09,2,23,2223.31,15.3,7.8,0,245.7
2023-05-10,3,30,3871.53,12.9,0.0,0,176.2
2023-05-11,4,30,2714.82,17.8,0.0,0,203.0
2023-05-12,5,28,3422.69,14.4,0.0,0,315.5
2023-05-13,6,34,3137.86,14.3,0.0,0,245.6
2023-05-14,7,31,3876.32,12.4,0.0,0,154.4
2023-05-15,1,33,2884.54,18.7,0.0,0,166.7
2023-05-16,2,21,2197.25,18.5,0.0,0,157.9
2023-05-17,3,34,4127.13,15.9,3.8,0,213.0
2023-05-18,4,35,5096.6,19.2,0.0,0,230.1
2023-05-19,5,42,3606.72,18.6,0.0,0,166.3
2023-05-20,6,50,5617.88,19.1,2.4,0,374.8
2023-05-21,7,22,1980.28,20.2,0.0,0,271.8
2023-05-22,1,25,2935.76,18.5,0.0,0,308.7
2023-05-23,2,23,2231.5,19.1,0.0,0,193.1
2023-05-24,3,31,3604.93,18.8,6.1,0,249.1
2023-05-25,4,29,2999.6,20.2,0.0,0,218.0
2023-05-26,5,33,4004.56,19.8,2.3,0,307.8
2023-05-27,6,39,3870.06,15.4,0.0,0,264.5
2023-05-28,7,26,2559.76,16.3,0.0,0,168.1
2023-05-29,1,40,3688.84,16.4,0.0,0,369.2
2023-05-30,2,24,2531.51,19.3,0.0,0,181.7
2023-05-31,3,30,2747.54,19.1,1.4,0,287.5
2023-06-01,4,26,2710.64,19.1,4.3,0,133.3
2023-06-02,5,39,4527.39,17.7,11.5,0,113.5
2023-06-03,6,39,4129.23,16.8,0.0,0,150.6
2023-06-04,7,17,1665.07,18.2,9.1,0,146.3
2023-06-05,1,24,1878.7,17.6,0.0,0,140.9
2023-06-06,2,25,2475.2,22.1,0.0,0,110.1
2023-06-07,3,20,2064.32,21.8,2.4,0,115.4
2023-06-08,4,30,3663.85,17.0,0.0,0,135.4
2023-06-09,5,32,3132.17,22.4,0.0,0,116.5
2023-06-10,6,31,3569.85,18.5,0.0,0,157.1
2023-06-11,7,16,1760.9,22.0,0.0,0,127.2
2023-06-12,1,25,2974.87,17.8,6.3,0,87.7
2023-06-13,2,32,3618.17,20.9,0.0,0,81.2
2023-06-14,3,30,3854.03,18.7,0.0,0,120.3
2023-06-15,4,31,3228.51,20.2,0.0,0,106.7
2023-06-16,5,34,4561.57,19.0,0.0,0,135.2
2023-06-17,6,38,4851.02,19.1,0.0,0,92.5
2023-06-18,7,16,1383.86,21.9,0.0,0,154.8
2023-06-19,1,33,3129.39,22.4,0.0,0,91.9
2023-06-20,2,29,2749.75,18.1,0.0,0,133.0
2023-06-21,3,35,2836.66,21.4,0.0,0,124.9
2023-06-22,4,23,2234.08,19.8,27.0,0,178.1
2023-06-23,5,27,3663.68,21.5,0.0,0,86.6
2023-06-24,6,41,4407.94,20.3,1.9,1,266.9
2023-06-25,7,27,2285.96,24.6,0.0,1,266.2
2023-06-26,1,20,1466.72,18.3,2.8,1,177.0
2023-06-27,2,29,3325.32,24.1,0.2,1,227.5
2023-06-28,3,28,3213.48,25.2,6.2,1,207.0
2023-06-29,4,25,2546.42,22.6,0.0,1,292.0
2023-06-30,5,37,3695.08,19.8,9.9,1,187.8
2023-07-01,6,40,4058.8,21.2,12.2,1,220.8
2023-07-02,7,22,3088.98,20.0,0.0,1,229.0
2023-07-03,1,20,1515.56,26.2,3.4,1,272.0
2023-07-04,2,31,2447.94,21.5,0.0,1,214.4
2023-07-05,3,39,4374.66,19.1,1.3,1,172.9
2023-07-06,4,26,2880.66,23.5,0.0,1,170.4
2023-07-07,5,32,3252.98,21.0,3.8,1,194.8
2023-07-08,6,33,3591.78,24.7,0.0,1,169.9
2023-07-09,7,24,2279.82,21.8,0.0,1,213.2
2023-07-10,1,27,3046.16,22.7,0.0,1,234.0
2023-07-11,2,26,2449.54,19.4,0.0,1,170.3
2023-07-12,3,30,3050.48,16.7,0.0,1,127.3
2023-07-13,4,30,3130.48,22.5,0.0,1,222.6
2023-07-14,5,29,2886.56,23.0,0.0,1,227.9
2023-07-15,6,24,2383.22,22.2,0.0,0,116.5
2023-07-16,7,18,2290.39,23.6,0.0,0,89.1
2023-07-17,1,25,2870.41,19.4,4.7,0,86.9
2023-07-18,2,22,1596.8,23.7,5.1,0,123.9
2023-07-19,3,23,2141.4,21.7,0.0,0,121.6
2023-07-20,4,24,2532.73,22.8,0.0,0,133.2
2023-07-21,5,34,3468.65,22.3,19.8,0,158.9
2023-07-22,6,43,4403.08,22.9,0.0,0,139.9
2023-07-23,7,16,1923.4,20.2,0.0,0,161.6
2023-07-24,1,23,2379.34,21.0,0.0,0,90.0
2023-07-25,2,27,2774.4,25.1,0.0,0,92.1
2023-07-26,3,25,3239.83,25.7,0.0,0,130.5
2023-07-27,4,29,3062.74,21.3,9.2,0,81.9
2023-07-28,5,40,4980.81,18.9,0.0,0,121.0
2023-07-29,6,29,3231.44,23.1,0.0,0,71.8
2023-07-30,7,15,1808.61,22.6,0.0,0,87.8
2023-07-31,1,20,2684.01,21.4,5.3,0,254.2
2023-08-01,2,24,2834.1,21.6,0.0,0,127.2
2023-08-02,3,25,3528.93,21.9,0.0,0,70.9
2023-08-03,4,23,2579.46,23.4,4.0,0,82.4
2023-08-04,5,16,2437.2,24.6,0.0,0,129.6
2023-08-05,6,39,4228.12,19.8,0.0,0,111.9
2023-08-06,7,17,1344.31,19.7,0.0,0,78.8
2023-08-07,1,27,2940.1,22.7,0.0,0,148.2
2023-08-08,2,18,1685.96,21.5,0.0,0,136.8
2023-08-09,3,13,1454.64,21.9,0.0,0,125.3
2023-08-10,4,23,2543.99,24.6,0.0,0,127.2
2023-08-11,5,28,3569.07,19.8,0.0,0,115.7
2023-08-12,6,36,4056.08,18.9,0.0,0,108.3
2023-08-13,7,11,930.81,23.8,0.0,0,146.3
2023-08-14,1,25,3335.58,18.2,6.6,0,193.1
2023-08-15,2,17,2346.56,24.5,6.3,0,173.6
2023-08-16,3,26,3045.52,24.8,4.9,0,165.4
2023-08-17,4,16,1860.82,19.3,7.5,0,101.3
2023-08-18,5,17,1676.06,14.4,1.0,0,124.5
2023-08-19,6,32,3423.25,22.3,0.0,0,150.2
2023-08-20,7,13,1382.6,22.9,0.0,0,187.4
2023-08-21,1,16,2103.54,22.4,0.0,0,121.6
2023-08-22,2,20,2024.34,21.1,0.0,0,108.6
2023-08-23,3,19,2618.61,23.7,5.8,0,88.4
2023-08-24,4,16,2285.3,22.6,0.0,0,152.3
2023-08-25,5,36,3723.03,21.5,0.0,0,129.8
2023-08-26,6,30,3447.48,22.3,0.0,0,79.6
2023-08-27,7,17,1756.26,18.6,0.0,0,130.2
2023-08-28,1,22,2534.62,24.3,3.1,0,103.7
2023-08-29,2,19,3200.87,24.3,0.0,0,88.8
2023-08-30,3,18,2091.1,25.6,0.0,0,104.9
2023-08-31,4,15,1992.16,20.2,1.0,0,121.8
2023-09-01,5,26,2278.47,16.0,0.0,0,146.1
2023-09-02,6,46,5021.78,22.2,0.0,0,64.7
2023-09-03,7,22,2029.2,21.5,0.0,0,99.0
2023-09-04,1,38,4004.9,19.4,0.0,0,135.8
2023-09-05,2,28,2968.54,23.2,0.0,0,153.0
2023-09-06,3,26,3528.28,16.9,0.0,0,89.9
2023-09-07,4,39,4282.25,23.3,6.2,0,131.2
2023-09-08,5,32,2899.93,15.2,1.5,0,193.6
2023-09-09,6,45,4087.19,18.9,0.0,0,129.3
2023-09-10,7,17,1492.4,16.5,0.0,0,104.2
2023-09-11,1,27,3020.26,17.5,0.0,0,123.3
2023-09-12,2,28,2171.9,19.2,0.0,0,96.6
2023-09-13,3,38,3860.4,14.4,0.0,0,150.7
2023-09-14,4,29,3005.81,16.8,5.5,0,167.9
2023-09-15,5,37,3652.36,18.0,0.0,0,91.3
2023-09-16,6,46,4552.84,16.8,0.0,0,141.7
2023-09-17,7,13,1235.3,18.4,0.0,0,73.4
2023-09-18,1,36,2872.64,19.1,0.0,0,125.6
2023-09-19,2,25,2346.45,20.6,0.0,0,105.7
2023-09-20,3,26,2863.03,17.3,0.0,0,101.0
2023-09-21,4,41,4915.37,15.8,0.0,0,111.8
2023-09-22,5,34,3335.38,15.4,0.0,0,122.7
2023-09-23,6,48,4993.54,19.9,0.0,0,106.2
2023-09-24,7,23,2335.55,18.2,0.0,0,139.6
2023-09-25,1,32,3071.69,12.7,3.6,0,144.9
2023-09-26,2,45,4584.53,16.4,0.0,0,117.9
2023-09-27,3,25,2247.03,20.2,0.0,0,177.4
2023-09-28,4,37,3643.29,18.4,0.0,0,117.1
2023-09-29,5,39,3556.28,16.3,0.0,0,135.7
2023-09-30,6,46,3289.19,16.5,0.0,0,176.8
2023-10-01,7,21,2480.79,16.0,0.7,0,138.5
2023-10-02,1,35,3601.0,10.9,1.9,0,111.9
2023-10-03,2,27,2694.93,13.0,0.0,0,107.5
2023-10-04,3,41,3406.85,20.8,0.0,0,245.8
2023-10-05,4,30,3601.69,17.7,0.0,0,123.8
2023-10-06,5,34,3085.57,14.5,0.0,0,150.4
2023-10-07,6,38,2801.85,13.0,0.0,0,64.2
2023-10-08,7,23,1866.5,14.2,6.4,0,109.0
2023-10-09,1,34,3127.21,14.3,0.0,0,83.1
2023-10-10,2,36,2855.21,17.9,0.0,0,138.4
2023-10-11,3,34,3885.22,14.2,0.0,0,94.2
2023-10-12,4,47,5170.05,13.5,0.0,0,162.7
2023-10-13,5,42,4178.38,14.7,0.0,0,185.7
2023-10-14,6,34,2841.7,17.8,0.0,0,70.1
2023-10-15,7,22,2582.58,11.3,0.0,0,82.2
2023-10-16,1,26,2580.35,10.0,3.1,0,165.7
2023-10-17,2,31,3010.63,12.6,0.0,0,116.2
2023-10-18,3,38,3839.13,14.4,1.5,0,107.6
2023-10-19,4,38,3800.24,13.4,0.0,0,132.8
2023-10-20,5,36,3721.79,15.2,0.4,0,92.8
2023-10-21,6,46,5470.64,14.0,0.0,0,130.1
2023-10-22,7,15,1590.97,13.5,0.0,0,123.1
2023-10-23,1,32,3634.73,10.3,0.0,0,111.7
2023-10-24,2,31,3910.3,13.1,0.0,0,96.3
2023-10-25,3,46,5638.94,11.3,8.5,0,109.1
2023-10-26,4,34,2890.28,8.5,1.6,0,108.9
2023-10-27,5,28,3039.8,12.5,0.0,0,110.7
2023-10-28,6,43,4256.76,17.4,1.9,0,150.9
2023-10-29,7,27,2815.35,10.8,0.0,0,145.0
2023-10-30,1,24,2211.9,7.7,0.0,0,110.4
2023-10-31,2,22,2032.26,9.8,0.0,0,125.1
2023-11-01,3,29,2793.97,7.4,0.0,0,418.2
2023-11-02,4,35,3479.23,13.8,0.0,0,435.4
2023-11-03,5,51,5498.66,13.1,0.0,0,276.6
2023-11-04,6,55,4856.88,11.6,0.0,0,286.4
2023-11-05,7,25,3027.5,6.1,2.7,0,366.5
2023-11-06,1,35,4212.67,11.6,20.1,0,271.9
2023-11-07,2,43,3852.82,12.2,0.0,0,232.3
2023-11-08,3,41,3914.34,9.6,6.8,0,465.5
2023-11-09,4,37,3012.88,4.6,0.0,0,578.3
2023-11-10,5,53,4942.94,12.6,0.0,0,376.0
2023-11-11,6,57,5814.17,12.1,0.0,0,339.8
2023-11-12,7,31,3712.61,8.6,5.7,0,258.3
2023-11-13,1,46,3825.75,9.6,0.0,0,283.4
2023-11-14,2,45,3540.72,6.4,11.0,0,530.3
2023-11-15,3,29,2277.63,11.7,0.0,0,440.8
2023-11-16,4,46,4518.04,12.4,0.0,0,359.2
2023-11-17,5,45,4307.09,8.9,0.0,0,392.1
2023-11-18,6,64,5815.28,5.4,0.0,0,405.6
2023-11-19,7,39,3129.59,7.4,0.0,0,270.7
2023-11-20,1,32,3178.74,10.1,0.0,0,480.5
2023-11-21,2,32,3328.99,12.2,0.0,0,330.4
2023-11-22,3,50,4824.4,4.9,0.0,1,437.9
2023-11-23,4,47,4565.98,10.8,1.8,1,530.4
2023-11-24,5,64,6091.7,9.9,0.0,1,781.6
2023-11-25,6,81,6664.5,5.6,0.0,1,492.0
2023-11-26,7,27,2297.88,9.5,0.0,1,596.3
2023-11-27,1,47,4689.5,7.5,0.0,1,435.8
2023-11-28,2,41,2477.34,9.8,3.1,1,426.8
2023-11-29,3,46,3764.46,7.3,0.0,1,422.1
2023-11-30,4,48,3619.34,8.0,0.0,1,371.4
2023-12-01,5,60,5450.23,10.4,14.2,0,370.7
2023-12-02,6,76,8713.28,9.4,15.0,0,437.4
2023-12-03,7,32,2878.72,8.7,12.3,0,505.6
2023-12-04,1,38,4373.86,9.8,0.0,0,510.9
2023-12-05,2,44,4881.78,7.8,0.0,0,275.0
2023-12-06,3,65,6290.76,9.9,7.7,0,542.0
2023-12-07,4,53,5407.51,4.5,0.0,0,256.5
2023-12-08,5,52,4034.91,8.5,3.0,0,389.8
2023-12-09,6,70,5629.27,4.7,0.0,0,468.1
2023-12-10,7,37,3302.74,10.5,0.0,0,343.4
2023-12-11,1,47,4605.14,10.4,0.0,0,634.5
2023-12-12,2,49,4966.61,5.6,0.0,0,301.7
2023-12-13,3,53,4732.25,7.9,0.0,0,411.0
2023-12-14,4,49,5166.41,8.1,0.0,0,511.0
2023-12-15,5,62,6824.33,9.4,0.0,0,387.9
2023-12-16,6,71,6380.53,3.6,0.0,0,288.7
2023-12-17,7,32,2647.73,5.4,0.0,0,348.4
2023-12-18,1,50,4724.24,2.4,0.0,0,581.8
2023-12-19,2,50,5103.44,4.9,0.0,0,308.9
2023-12-20,3,46,5111.0,5.0,0.0,0,443.6
2023-12-21,4,44,3778.29,6.1,0.0,0,433.0
2023-12-22,5,70,6734.56,2.8,0.0,0,431.2
2023-12-23,6,72,5970.05,5.5,0.0,0,467.2
2023-12-24,7,44,3601.67,7.3,1.0,0,277.3
2023-12-25,1,62,5917.15,5.5,0.0,0,485.5
2023-12-26,2,39,4021.68,1.7,0.0,0,369.4
2023-12-27,3,44,3433.53,3.1,0.0,0,378.6
2023-12-28,4,64,6303.07,2.6,0.0,0,493.5
2023-12-29,5,76,5722.35,6.8,0.0,0,625.2
2023-12-30,6,73,7464.47,5.9,0.0,0,354.9
2023-12-31,7,33,2880.3,3.4,0.0,0,569.6
2024-01-01,1,14,1283.13,4.4,0.0,0,120.3
2024-01-02,2,15,1131.87,6.7,0.0,0,96.3
2024-01-03,3,29,2149.43,4.9,0.0,0,96.5
2024-01-04,4,32,2753.97,6.2,0.8,0,96.2
2024-01-05,5,21,1792.5,4.5,0.0,0,112.8
2024-01-06,6,31,2006.97,4.8,6.7,0,156.2
2024-01-07,7,10,1306.3,5.2,0.0,0,99.8
2024-01-08,1,30,2526.04,2.7,0.0,1,364.9
2024-01-09,2,34,3695.32,2.9,0.0,1,195.3
2024-01-10,3,37,3192.56,7.2,0.0,1,142.3
2024-01-11,4,31,2899.06,6.9,10.1,1,250.3
2024-01-12,5,34,2201.38,8.8,1.2,1,214.9
2024-01-13,6,37,3057.88,0.2,0.0,1,128.0
2024-01-14,7,23,1886.48,-1.4,0.0,1,162.7
2024-01-15,1,35,3451.72,8.3,0.0,1,291.3
2024-01-16,2,27,2242.52,1.4,0.0,1,256.4
2024-01-17,3,23,2106.5,4.2,0.0,1,165.0
2024-01-18,4,27,2409.3,1.8,0.0,1,152.0
2024-01-19,5,38,3033.16,2.4,2.7,1,122.9
2024-01-20,6,46,3827.68,5.8,0.0,1,281.1
2024-01-21,7,20,1346.72,5.7,0.0,1,244.4
2024-01-22,1,24,2337.44,3.0,7.5,1,146.4
2024-01-23,2,27,2112.94,3.6,8.0,1,130.2
2024-01-24,3,28,2458.76,5.3,0.0,1,139.4
2024-01-25,4,32,3193.54,1.4,0.0,1,203.5
2024-01-26,5,31,2361.46,3.9,0.0,1,221.2
2024-01-27,6,44,3244.9,6.5,10.0,1,155.5
2024-01-28,7,22,2081.92,2.4,0.0,1,270.2
2024-01-29,1,26,2193.77,7.4,0.0,0,140.0
2024-01-30,2,26,3009.6,0.2,0.0,0,178.5
2024-01-31,3,28,2267.42,2.9,0.0,0,112.5
2024-02-01,4,23,1472.87,4.5,0.0,0,103.7
2024-02-02,5,28,2660.26,1.5,0.0,0,130.5
2024-02-03,6,46,4386.55,5.8,0.0,0,134.1
2024-02-04,7,13,901.81,1.5,2.8,0,110.5
2024-02-05,1,25,2113.08,8.8,3.9,0,169.5
2024-02-06,2,20,1618.47,4.2,0.0,0,257.6
2024-02-07,3,19,1831.93,4.9,0.0,0,199.9
2024-02-08,4,18,1220.5,5.3,10.2,0,145.7
2024-02-09,5,28,3727.53,7.3,0.0,0,99.3
2024-02-10,6,40,3840.59,2.3,7.9,0,276.3
2024-02-11,7,18,1846.34,6.6,0.0,0,141.4
2024-02-12,1,21,1670.87,2.6,3.6,0,121.1
2024-02-13,2,17,1212.18,2.2,0.0,0,178.7
2024-02-14,3,15,1311.93,8.7,0.0,0,72.1
2024-02-15,4,22,2443.58,2.8,0.0,0,73.0
2024-02-16,5,39,3632.93,3.7,0.0,0,124.9
2024-02-17,6,37,3090.84,4.6,13.2,0,164.1
2024-02-18,7,15,1383.2,4.7,0.0,0,109.1
2024-02-19,1,23,1723.92,5.4,12.0,0,125.5
2024-02-20,2,32,2614.16,8.6,0.0,0,209.0
2024-02-21,3,27,2168.31,5.6,0.0,0,115.8
2024-02-22,4,22,1837.51,3.8,0.0,0,127.2
2024-02-23,5,37,4437.65,5.1,0.0,0,124.7
2024-02-24,6,32,2726.25,4.8,0.0,0,133.2
2024-02-25,7,10,1190.92,3.0,2.0,0,149.5
2024-02-26,1,25,2442.2,4.0,0.4,0,126.7
2024-02-27,2,23,1403.6,7.2,3.6,0,122.6
2024-02-28,3,18,1482.27,6.3,0.0,0,86.2
2024-02-29,4,20,1546.2,8.6,0.0,0,187.7
2024-03-01,5,37,3503.48,6.7,0.7,0,235.2
2024-03-02,6,37,3537.38,11.6,13.0,0,232.8
2024-03-03,7,23,2532.8,9.1,10.4,0,301.4
2024-03-04,1,34,2834.02,4.2,0.0,0,151.2
2024-03-05,2,25,2452.07,1.3,0.0,0,215.9
2024-03-06,3,29,2602.87,6.3,0.0,0,218.9
2024-03-07,4,31,3038.52,7.2,0.0,0,234.7
2024-03-08,5,41,4320.79,3.8,0.0,0,205.2
2024-03-09,6,33,3405.98,4.7,10.8,0,230.7
2024-03-10,7,15,1289.3,8.3,0.0,0,211.7
2024-03-11,1,19,1913.29,2.5,0.0,0,219.0
2024-03-12,2,33,2557.41,11.2,0.0,0,256.2
2024-03-13,3,28,2631.4,6.3,0.0,0,195.8
2024-03-14,4,30,3039.63,8.5,0.0,0,276.6
2024-03-15,5,35,3092.86,8.7,4.6,0,135.9
2024-03-16,6,43,3786.05,8.5,0.0,0,175.5
2024-03-17,7,16,1791.83,9.0,0.0,0,169.9
2024-03-18,1,35,3559.78,5.9,0.0,0,211.3
2024-03-19,2,28,3185.12,8.6,8.1,0,254.4
2024-03-20,3,31,2939.31,8.2,0.0,0,326.1
2024-03-21,4,26,2344.02,12.9,0.0,0,203.9
2024-03-22,5,33,2932.07,13.2,0.0,0,328.2
2024-03-23,6,35,5096.28,7.8,5.0,0,230.4
2024-03-24,7,16,1312.26,7.1,0.0,0,205.6
2024-03-25,1,27,2718.42,13.1,0.0,0,215.8
2024-03-26,2,24,1749.26,7.4,0.0,0,271.3
2024-03-27,3,30,3000.99,9.5,0.0,0,311.3
2024-03-28,4,31,3352.52,10.3,4.3,0,293.3
2024-03-29,5,30,2740.02,10.8,4.7,0,212.6
2024-03-30,6,23,2095.02,9.3,0.0,0,205.9
2024-03-31,7,18,1113.9,11.2,17.2,0,208.0
2024-04-01,1,30,4900.91,7.8,11.0,0,266.8
2024-04-02,2,22,2277.36,7.2,16.9,0,242.6
2024-04-03,3,33,2656.48,8.9,0.0,0,198.7
2024-04-04,4,25,2491.07,13.5,0.0,0,283.5
2024-04-05,5,36,3681.59,12.0,0.0,0,199.4
2024-04-06,6,42,3976.45,15.6,0.0,0,135.3
2024-04-07,7,27,2510.74,9.9,0.0,0,161.1
2024-04-08,1,26,2511.12,12.5,0.0,0,178.0
2024-04-09,2,36,4173.25,10.1,1.4,0,224.4
2024-04-10,3,16,1837.31,13.9,4.1,0,217.9
2024-04-11,4,28,2943.82,5.6,0.0,0,242.9
2024-04-12,5,43,3947.75,5.9,0.0,0,209.5
2024-04-13,6,28,3340.98,10.3,0.0,0,126.5
2024-04-14,7,23,2286.59,7.4,3.7,0,283.8
2024-04-15,1,24,2115.54,16.2,0.0,0,163.1
2024-04-16,2,31,2899.63,12.7,8.8,0,221.7
2024-04-17,3,25,2980.5,14.5,0.0,0,198.4
2024-04-18,4,33,2772.61,15.2,0.0,0,179.3
2024-04-19,5,22,1974.3,15.0,0.0,0,192.9
2024-04-20,6,40,3894.33,13.3,0.0,0,219.0
2024-04-21,7,20,1813.34,14.2,0.0,0,249.9
2024-04-22,1,29,3281.71,14.1,0.0,0,228.6
2024-04-23,2,24,2055.04,19.2,0.3,0,327.4
2024-04-24,3,26,2099.82,11.2,0.0,0,159.2
2024-04-25,4,24,2366.68,13.6,0.0,0,229.2
2024-04-26,5,43,4231.9,10.4,11.1,0,213.6
2024-04-27,6,37,3151.5,15.6,0.0,0,196.2
2024-04-28,7,22,2070.87,15.7,0.0,0,193.5
2024-04-29,1,34,3224.42,12.1,0.0,0,351.2
2024-04-30,2,20,1933.76,12.6,4.2,0,261.6
2024-05-01,3,30,2528.24,15.9,0.0,0,189.6
2024-05-02,4,30,2919.33,14.6,2.8,0,216.3
2024-05-03,5,33,4139.9,17.3,0.0,0,144.3
2024-05-04,6,60,5157.19,12.8,0.0,0,222.0
2024-05-05,7,21,1465.5,16.7,4.3,0,255.8
2024-05-06,1,29,4063.82,15.6,0.0,0,188.5
2024-05-07,2,34,3046.89,13.0,8.0,0,147.1
2024-05-08,3,32,2955.63,18.1,0.0,0,268.4
2024-05-09,4,39,3760.24,14.3,6.9,0,414.3
2024-05-10,5,34,4311.22,14.1,0.0,0,256.9
2024-05-11,6,52,5210.48,17.7,0.0,0,217.0
2024-05-12,7,23,2790.75,16.3,0.0,0,277.9
2024-05-13,1,38,4705.62,19.6,0.0,0,288.6
2024-05-14,2,30,3475.4,12.2,0.0,0,288.9
2024-05-15,3,31,2933.55,19.2,0.0,0,254.9
2024-05-16,4,41,4518.16,14.8,3.2,0,224.7
2024-05-17,5,30,2640.07,17.9,3.1,0,174.4
2024-05-18,6,54,5037.15,17.6,0.0,0,396.5
2024-05-19,7,20,2329.51,19.4,4.0,0,217.0
2024-05-20,1,26,2441.76,16.1,0.0,0,209.2
2024-05-21,2,22,2244.03,16.3,0.0,0,327.5
2024-05-22,3,37,4118.23,18.2,0.0,0,246.4
2024-05-23,4,32,3161.23,19.4,5.8,0,234.5
2024-05-24,5,46,4118.0,14.5,0.0,0,358.3
2024-05-25,6,53,5080.24,20.4,0.0,0,293.6
2024-05-26,7,16,1435.7,22.6,12.5,0,306.1
2024-05-27,1,27,2630.47,17.1,0.5,0,319.1
2024-05-28,2,29,2896.86,19.3,0.0,0,214.6
2024-05-29,3,31,2784.88,18.0,0.0,0,251.3
2024-05-30,4,31,3869.14,21.1,0.0,0,238.3
2024-05-31,5,31,3778.23,18.0,0.0,0,172.5
2024-06-01,6,39,4778.59,23.9,0.0,0,77.4
2024-06-02,7,26,2430.93,16.5,0.0,0,155.1
2024-06-03,1,24,3997.34,22.3,10.7,0,139.4
2024-06-04,2,23,2498.82,23.0,0.0,0,105.5
2024-06-05,3,25,2457.78,17.8,0.0,0,127.6
2024-06-06,4,31,2490.01,15.0,8.4,0,150.3
2024-06-07,5,34,3615.36,20.6,0.0,0,161.2
2024-06-08,6,38,4568.2,21.7,12.5,0,110.2
2024-06-09,7,16,1796.2,21.8,0.0,0,114.5
2024-06-10,1,31,3474.75,20.1,0.0,0,125.9
2024-06-11,2,24,2111.75,22.9,0.0,0,122.9
2024-06-12,3,27,2937.31,14.9,0.0,0,114.7
2024-06-13,4,17,1946.82,20.9,0.0,0,98.5
2024-06-14,5,38,4913.32,17.9,0.0,0,154.4
2024-06-15,6,47,5870.85,23.7,5.7,0,120.0
2024-06-16,7,18,2173.21,24.6,2.7,0,149.9
2024-06-17,1,29,3421.56,21.0,0.0,0,99.1
2024-06-18,2,26,3441.03,14.4,0.0,0,140.3
2024-06-19,3,28,3335.72,22.2,1.2,0,196.3
2024-06-20,4,31,3474.59,21.1,0.0,0,66.9
2024-06-21,5,41,4600.75,23.0,0.0,0,192.7
2024-06-22,6,35,4298.99,20.0,5.6,0,131.1
2024-06-23,7,19,1747.7,24.3,7.2,0,78.7
2024-06-24,1,36,3809.32,20.3,0.0,1,181.0
2024-06-25,2,22,2083.1,21.8,3.1,1,185.5
2024-06-26,3,37,3475.24,19.6,0.0,1,246.9
2024-06-27,4,29,2834.7,27.1,4.7,1,230.6
2024-06-28,5,44,5419.98,22.7,0.0,1,263.8
2024-06-29,6,68,5933.62,19.1,0.0,1,154.9
2024-06-30,7,28,3507.38,19.8,0.0,1,207.9
2024-07-01,1,27,3551.16,18.8,0.0,1,169.1
2024-07-02,2,23,1779.48,16.6,0.0,1,188.5
2024-07-03,3,29,2722.2,17.9,0.0,1,203.8
2024-07-04,4,39,4548.62,19.3,0.0,1,158.9
2024-07-05,5,39,4761.78,19.8,0.0,1,148.9
2024-07-06,6,54,5550.24,16.9,0.0,1,155.3
2024-07-07,7,21,2489.42,19.8,3.6,1,212.7
2024-07-08,1,34,3015.96,23.9,0.0,1,170.7
2024-07-09,2,28,2719.34,22.7,0.0,1,170.5
2024-07-10,3,24,1834.8,23.0,9.5,1,217.6
2024-07-11,4,27,1971.14,23.2,8.1,1,210.9
2024-07-12,5,24,2794.22,17.7,0.0,1,162.4
2024-07-13,6,38,4203.8,18.4,0.0,1,146.7
2024-07-14,7,26,2767.2,22.6,3.8,1,335.3
2024-07-15,1,35,4438.09,21.2,0.6,0,103.7
2024-07-16,2,25,2640.94,17.0,0.0,0,114.5
2024-07-17,3,25,2869.37,22.0,0.0,0,139.4
2024-07-18,4,18,2536.18,27.5,0.0,0,122.1
2024-07-19,5,34,3292.92,19.6,0.0,0,106.8
2024-07-20,6,39,4198.11,16.1,0.0,0,105.5
2024-07-21,7,18,1955.04,23.0,0.0,0,99.1
2024-07-22,1,27,2601.14,18.3,3.7,0,97.1
2024-07-23,2,24,3304.0,22.7,2.1,0,91.5
2024-07-24,3,20,1970.17,21.2,0.0,0,97.2
2024-07-25,4,27,3284.36,27.1,0.0,0,89.6
2024-07-26,5,28,2969.48,17.3,0.0,0,104.1
2024-07-27,6,34,3560.77,22.6,16.6,0,119.3
2024-07-28,7,13,1468.97,21.9,0.0,0,194.2
2024-07-29,1,29,2320.4,22.6,0.0,0,187.4
2024-07-30,2,32,3786.72,23.2,0.0,0,110.1
2024-07-31,3,17,1941.06,22.2,6.2,0,117.2
2024-08-01,4,27,2813.18,16.3,0.0,0,86.7
2024-08-02,5,24,3301.02,21.4,0.0,0,113.6
2024-08-03,6,33,4070.08,23.1,0.0,0,82.9
2024-08-04,7,22,2643.42,17.9,0.0,0,208.8
2024-08-05,1,20,2708.34,14.2,3.5,0,135.0
2024-08-06,2,20,1578.81,19.5,0.0,0,95.7
2024-08-07,3,20,1858.52,21.3,4.7,0,81.3
2024-08-08,4,26,3113.67,18.4,0.0,0,102.9
2024-08-09,5,30,3218.87,26.5,0.0,0,87.6
2024-08-10,6,24,2621.13,23.9,0.0,0,147.3
2024-08-11,7,15,1120.75,20.6,5.6,0,111.8
2024-08-12,1,23,2486.31,22.1,16.5,0,124.8
2024-08-13,2,22,2088.6,20.9,11.3,0,105.1
2024-08-14,3,24,2058.64,23.8,1.7,0,127.6
2024-08-15,4,26,2573.2,26.0,0.0,0,80.0
2024-08-16,5,21,2218.05,16.6,0.0,0,86.4
2024-08-17,6,23,3291.71,18.8,0.0,0,118.8
2024-08-18,7,14,1480.83,20.2,5.4,0,131.4
2024-08-19,1,13,1003.8,17.4,8.7,0,122.0
2024-08-20,2,19,2669.69,22.2,0.0,0,138.9
2024-08-21,3,18,2216.67,21.2,0.0,0,118.2
2024-08-22,4,26,3344.14,23.5,0.0,0,123.1
2024-08-23,5,24,2458.81,20.0,0.0,0,137.5
2024-08-24,6,39,4327.6,26.4,1.2,0,144.5
2024-08-25,7,9,806.3,23.2,2.8,0,165.3
2024-08-26,1,26,3017.96,23.7,0.0,0,100.9
2024-08-27,2,27,3276.42,22.4,0.0,0,88.7
2024-08-28,3,21,2511.53,17.9,0.0,0,151.9
2024-08-29,4,20,2685.45,18.9,6.9,0,74.1
2024-08-30,5,31,4202.4,18.6,0.0,0,143.2
2024-08-31,6,35,3422.02,20.1,8.2,0,77.6
2024-09-01,7,20,1706.5,21.3,0.0,0,169.2
2024-09-02,1,28,2452.73,18.6,0.0,0,91.0
2024-09-03,2,31,3385.37,19.6,5.8,0,99.0
2024-09-04,3,32,3333.0,20.3,0.0,0,158.4
2024-09-05,4,26,3917.72,18.7,16.9,0,112.8
2024-09-06,5,40,4513.61,21.9,0.0,0,133.1
2024-09-07,6,46,4562.03,21.9,2.9,0,111.1
2024-09-08,7,16,1440.66,18.3,0.0,0,115.3
2024-09-09,1,27,2577.8,18.5,5.3,0,97.4
2024-09-10,2,28,3111.83,18.2,5.8,0,111.5
2024-09-11,3,31,2750.45,21.8,0.0,0,205.1
2024-09-12,4,42,3784.01,20.6,0.0,0,201.5
2024-09-13,5,37,3488.98,17.9,0.0,0,123.5
2024-09-14,6,42,4706.42,18.8,0.0,0,154.7
2024-09-15,7,25,2558.95,19.2,0.0,0,145.1
2024-09-16,1,46,4450.38,15.4,0.0,0,98.1
2024-09-17,2,30,3677.92,18.0,0.0,0,160.7
2024-09-18,3,27,3400.56,16.2,0.0,0,204.1
2024-09-19,4,45,4697.25,19.9,9.8,0,252.1
2024-09-20,5,42,4836.88,16.6,0.0,0,119.6
2024-09-21,6,42,4058.46,15.9,0.0,0,131.5
2024-09-22,7,24,2575.3,19.9,3.0,0,133.4
2024-09-23,1,24,3094.94,13.4,0.0,0,101.8
2024-09-24,2,35,3015.27,19.0,0.0,0,145.2
2024-09-25,3,28,2373.75,15.3,2.7,0,103.5
2024-09-26,4,28,3514.81,18.9,0.0,0,96.8
2024-09-27,5,43,4009.91,9.6,0.0,0,134.0
2024-09-28,6,47,4337.9,19.5,0.0,0,99.7
2024-09-29,7,21,1740.6,12.5,0.0,0,157.4
2024-09-30,1,32,3266.11,16.2,2.7,0,134.9
2024-10-01,2,37,2723.0,18.0,8.8,0,72.7
2024-10-02,3,30,3657.0,18.7,0.0,0,106.4
2024-10-03,4,40,3876.81,10.8,0.0,0,90.5
2024-10-04,5,39,4680.7,12.4,0.0,0,79.7
2024-10-05,6,47,4636.36,13.7,0.0,0,87.8
2024-10-06,7,24,2060.72,13.5,0.0,0,130.0
2024-10-07,1,37,4425.59,11.1,0.0,0,114.9
2024-10-08,2,19,1897.13,11.6,0.0,0,143.7
2024-10-09,3,39,3545.09,12.8,0.0,0,158.1
2024-10-10,4,28,2618.35,13.2,2.9,0,180.9
2024-10-11,5,44,5407.19,11.3,0.0,0,86.2
2024-10-12,6,44,4344.62,15.0,0.0,0,117.7
2024-10-13,7,26,2540.46,13.5,7.5,0,186.8
2024-10-14,1,30,3613.5,15.4,0.0,0,112.0
2024-10-15,2,26,2724.62,14.2,0.0,0,109.0
2024-10-16,3,28,2948.76,17.6,3.4,0,167.5
2024-10-17,4,32,2401.98,14.3,3.9,0,121.7
2024-10-18,5,37,4007.24,16.7,1.9,0,104.9
2024-10-19,6,60,5246.09,10.7,2.6,0,120.8
2024-10-20,7,15,1369.78,10.9,0.0,0,88.3
2024-10-21,1,27,2489.7,11.5,0.0,0,137.7
2024-10-22,2,19,1714.56,15.6,0.0,0,96.8
2024-10-23,3,18,1944.09,11.5,0.0,0,109.4
2024-10-24,4,28,3645.54,13.3,4.0,0,100.7
2024-10-25,5,48,5138.51,7.0,0.0,0,102.9
2024-10-26,6,45,5091.22,8.8,0.0,0,137.3
2024-10-27,7,20,1938.72,13.4,8.2,0,100.0
2024-10-28,1,40,3841.56,10.6,3.2,0,125.9
2024-10-29,2,27,2457.16,12.9,11.7,0,70.5
2024-10-30,3,31,3048.68,15.5,0.0,0,105.6
2024-10-31,4,27,1658.66,7.5,0.0,0,144.5
2024-11-01,5,45,4799.51,9.7,0.0,0,257.5
2024-11-02,6,66,5637.56,9.0,0.0,0,517.2
2024-11-03,7,30,2803.8,10.2,0.0,0,281.9
2024-11-04,1,38,3614.43,9.9,0.0,0,449.7
2024-11-05,2,29,2887.22,10.8,0.0,0,437.5
2024-11-06,3,43,4213.58,9.6,0.0,0,455.3
2024-11-07,4,40,4347.66,6.5,6.4,0,356.0
2024-11-08,5,38,4268.95,13.5,2.0,0,669.1
2024-11-09,6,63,5737.36,12.1,0.0,0,327.4
2024-11-10,7,27,2660.17,10.5,7.3,0,322.9
2024-11-11,1,35,3088.57,13.8,0.0,0,285.2
2024-11-12,2,47,4453.5,7.0,0.0,0,322.5
2024-11-13,3,28,2909.52,8.3,0.0,0,396.7
2024-11-14,4,31,2572.44,11.4,0.0,0,374.4
2024-11-15,5,48,4671.64,4.0,0.0,0,423.1
2024-11-16,6,73,7094.57,6.8,0.0,0,288.7
2024-11-17,7,24,2529.5,3.1,1.6,0,396.8
2024-11-18,1,40,3080.98,8.9,8.8,0,292.6
2024-11-19,2,54,5152.43,9.2,1.1,0,413.0
2024-11-20,3,44,4526.72,7.1,0.0,0,379.9
2024-11-21,4,47,5748.68,8.6,0.0,0,346.0
2024-11-22,5,56,5356.82,5.2,0.0,1,333.3
2024-11-23,6,71,5770.32,5.0,0.0,1,445.1
2024-11-24,7,39,3741.52,10.1,0.0,1,443.4
2024-11-25,1,54,5318.62,6.7,10.4,1,601.1
2024-11-26,2,54,4368.54,11.2,0.0,1,314.2
2024-11-27,3,52,4421.06,6.2,0.0,1,430.3
2024-11-28,4,50,3795.48,6.3,1.7,1,300.1
2024-11-29,5,65,5287.1,6.7,1.8,1,313.2
2024-11-30,6,79,6867.38,5.5,4.6,1,504.1
2024-12-01,7,39,3738.23,4.0,0.0,0,414.6
2024-12-02,1,66,5670.09,6.3,0.0,0,428.7
2024-12-03,2,44,4226.65,13.7,0.0,0,195.3
2024-12-04,3,55,5654.55,8.9,0.0,0,332.9
2024-12-05,4,57,5421.97,7.2,0.0,0,498.9
2024-12-06,5,49,4958.76,6.3,8.4,0,488.6
2024-12-07,6,79,6941.41,7.1,0.0,0,304.9
2024-12-08,7,31,2771.38,4.1,0.0,0,448.1
2024-12-09,1,56,5509.27,10.8,0.0,0,397.5
2024-12-10,2,48,4165.59,4.9,2.8,0,307.6
2024-12-11,3,55,4821.45,9.2,6.1,0,517.8
2024-12-12,4,49,3624.42,5.6,0.0,0,343.4
2024-12-13,5,70,6690.94,3.5,8.0,0,334.9
2024-12-14,6,91,9258.08,2.0,0.0,0,651.3
2024-12-15,7,37,3625.44,7.8,0.0,0,398.8
2024-12-16,1,60,6628.02,3.1,0.0,0,222.7
2024-12-17,2,47,4601.46,7.2,0.0,0,303.0
2024-12-18,3,48,5345.29,5.3,0.0,0,365.8
2024-12-19,4,56,4895.57,4.5,0.0,0,302.3
2024-12-20,5,74,6915.29,6.7,0.0,0,291.8
2024-12-21,6,62,5535.72,3.9,0.0,0,320.3
2024-12-22,7,42,3940.0,6.9,8.8,0,388.6
2024-12-23,1,49,4936.1,6.5,2.6,0,381.9
2024-12-24,2,41,3587.59,2.7,0.0,0,289.6
2024-12-25,3,44,3533.86,5.5,0.0,0,325.2
2024-12-26,4,55,5020.82,8.4,21.8,0,450.4
2024-12-27,5,68,6305.13,-1.0,0.0,0,235.8
2024-12-28,6,69,5713.8,3.6,8.5,0,366.3
2024-12-29,7,44,3640.99,5.0,10.2,0,496.4
2024-12-30,1,49,4469.69,5.2,0.0,0,472.9
2024-12-31,2,57,5156.44,2.6,0.0,0,407.6
2025-01-01,3,26,2291.46,1.5,0.0,0,130.0
2025-01-02,4,25,2850.64,0.8,4.3,0,129.2
2025-01-03,5,40,4292.91,7.5,0.0,0,119.9
2025-01-04,6,44,4123.29,1.2,0.0,0,153.0
2025-01-05,7,17,1811.43,-2.6,0.0,0,105.6
2025-01-06,1,28,2447.79,3.8,6.1,0,146.0
2025-01-07,2,20,2001.47,3.5,0.0,0,131.8
2025-01-08,3,35,2646.4,3.5,21.7,1,173.9
2025-01-09,4,26,1910.71,0.7,0.0,1,189.6
2025-01-10,5,32,3525.52,7.5,5.0,1,147.6
2025-01-11,6,49,3959.01,4.2,0.0,1,244.4
2025-01-12,7,13,1035.28,6.8,0.0,1,239.3
2025-01-13,1,26,2364.02,8.0,6.7,1,171.8
2025-01-14,2,30,2486.14,6.0,3.5,1,205.1
2025-01-15,3,30,3108.61,1.0,5.5,1,296.5
2025-01-16,4,30,2860.58,5.0,0.0,1,188.5
2025-01-17,5,40,3933.03,4.7,5.2,1,221.5
2025-01-18,6,43,3720.19,4.6,2.8,1,173.7
2025-01-19,7,26,2298.42,1.7,0.0,1,233.8
2025-01-20,1,34,3035.08,4.5,0.0,1,163.4
2025-01-21,2,35,3028.88,2.3,0.0,1,247.3
2025-01-22,3,39,3136.1,1.9,0.0,1,187.9
2025-01-23,4,26,2556.76,2.7,0.0,1,146.7
2025-01-24,5,38,3746.82,3.1,0.0,1,187.7
2025-01-25,6,48,4270.61,6.9,7.4,1,255.3
2025-01-26,7,22,1714.57,4.3,17.4,1,150.4
2025-01-27,1,34,3799.61,9.0,0.0,1,222.6
2025-01-28,2,30,2446.79,-0.3,0.0,1,223.2
2025-01-29,3,23,2314.19,4.4,8.3,0,138.6
2025-01-30,4,27,2868.3,3.4,0.0,0,144.2
2025-01-31,5,27,2594.34,5.0,2.1,0,174.5
2025-02-01,6,38,3513.96,3.9,3.3,0,107.9
2025-02-02,7,11,736.8,5.7,0.0,0,120.6
2025-02-03,1,26,2879.07,1.8,0.0,0,107.2
2025-02-04,2,31,3064.29,6.5,0.0,0,133.3
2025-02-05,3,20,1856.61,2.8,3.4,0,103.5
2025-02-06,4,26,2426.49,6.6,1.4,0,138.0
2025-02-07,5,29,3403.78,0.9,0.0,0,138.3
2025-02-08,6,39,4778.52,8.6,0.0,0,117.1
2025-02-09,7,9,1055.52,7.7,0.0,0,169.0
2025-02-10,1,18,1253.95,0.2,13.0,0,154.1
2025-02-11,2,26,2477.74,3.0,0.0,0,119.9
2025-02-12,3,24,2355.96,0.5,8.4,0,132.5
2025-02-13,4,22,2001.15,6.5,0.0,0,129.2
2025-02-14,5,27,2015.8,3.7,1.4,0,75.0
2025-02-15,6,38,3350.55,5.1,0.0,0,191.9
2025-02-16,7,21,1791.4,6.6,4.0,0,126.0
2025-02-17,1,27,2602.55,7.4,15.5,0,158.5
2025-02-18,2,19,1737.19,7.4,0.0,0,88.6
2025-02-19,3,30,2694.6,1.9,0.0,0,103.0
2025-02-20,4,30,3132.34,2.5,0.0,0,137.9
2025-02-21,5,28,2624.52,6.4,0.0,0,135.9
2025-02-22,6,37,3753.74,5.3,0.0,0,105.5
2025-02-23,7,22,2152.35,7.9,0.1,0,93.4
2025-02-24,1,34,4367.22,8.8,0.0,0,64.5
2025-02-25,2,27,2720.44,7.3,0.0,0,77.2
2025-02-26,3,33,3118.23,5.3,0.0,0,107.2
2025-02-27,4,23,2184.01,6.4,0.0,0,168.6
2025-02-28,5,26,2593.66,4.4,0.0,0,135.6
2025-03-01,6,41,3997.89,5.9,14.4,0,292.3
2025-03-02,7,23,1706.72,7.9,0.0,0,259.6
2025-03-03,1,24,2589.44,5.2,0.0,0,198.8
2025-03-04,2,21,1974.48,9.9,0.0,0,241.9
2025-03-05,3,25,2546.62,5.1,0.0,0,212.9
2025-03-06,4,35,3548.81,10.4,0.0,0,208.7
2025-03-07,5,29,3476.35,7.2,0.0,0,252.8
2025-03-08,6,50,5447.16,4.1,11.2,0,265.0
2025-03-09,7,21,2291.42,7.5,0.0,0,202.7
2025-03-10,1,19,2518.03,8.5,0.0,0,222.8
2025-03-11,2,25,1924.62,6.3,1.4,0,199.6
2025-03-12,3,11,1293.02,10.7,2.8,0,195.5
2025-03-13,4,8,742.37,6.4,0.0,0,246.0
2025-03-14,5,16,1512.58,8.6,0.0,0,207.9
2025-03-15,6,44,4691.52,9.0,0.0,0,164.8
2025-03-16,7,20,1656.04,8.6,0.0,0,226.1
2025-03-17,1,31,4723.72,3.9,0.0,0,260.5
2025-03-18,2,27,2519.75,6.0,11.0,0,209.0
2025-03-19,3,27,2123.75,9.3,0.0,0,223.3
2025-03-20,4,27,2717.35,7.9,1.2,0,196.0
2025-03-21,5,37,3704.3,12.4,0.0,0,248.5
2025-03-22,6,45,4388.48,10.3,0.0,0,263.9
2025-03-23,7,18,1720.26,9.8,0.0,0,319.9
2025-03-24,1,27,2668.12,9.5,6.3,0,335.4
2025-03-25,2,27,2169.91,11.8,0.0,0,257.1
2025-03-26,3,30,3341.1,8.6,0.0,0,254.0
2025-03-27,4,28,2664.11,10.0,1.6,0,134.6
2025-03-28,5,29,3103.04,9.6,10.1,0,323.1
2025-03-29,6,38,3894.19,10.3,0.0,0,276.8
2025-03-30,7,18,1590.35,9.6,0.0,0,251.0
2025-03-31,1,24,2205.39,5.0,0.7,0,233.0
2025-04-01,2,26,3700.65,8.8,0.0,0,191.7
2025-04-02,3,38,4687.39,8.2,0.0,0,267.1
2025-04-03,4,31,2750.67,12.5,0.0,0,202.6
2025-04-04,5,34,3028.57,12.9,0.0,0,189.0
2025-04-05,6,34,3686.12,7.6,3.6,0,243.7
2025-04-06,7,14,1655.91,12.4,0.0,0,292.8
2025-04-07,1,27,2942.68,15.9,2.4,0,154.7
2025-04-08,2,35,3515.69,8.5,2.4,0,205.7
2025-04-09,3,26,2390.15,10.4,0.0,0,261.0
2025-04-10,4,39,3176.06,9.4,1.2,0,356.5
2025-04-11,5,46,5103.41,12.6,0.9,0,290.9
2025-04-12,6,51,6280.48,13.8,0.0,0,260.9
2025-04-13,7,19,1616.11,9.6,0.0,0,202.0
2025-04-14,1,35,3509.99,16.0,9.9,0,315.4
2025-04-15,2,30,3349.69,13.7,4.5,0,110.9
2025-04-16,3,36,3693.83,13.7,0.0,0,225.6
2025-04-17,4,38,3553.95,17.2,2.3,0,162.5
2025-04-18,5,45,4683.2,14.5,0.0,0,279.5
2025-04-19,6,47,4954.17,19.5,0.0,0,231.1
2025-04-20,7,27,2187.93,14.5,0.0,0,259.3
2025-04-21,1,34,4147.47,10.9,0.0,0,197.6
2025-04-22,2,20,1429.25,13.7,0.0,0,249.8
2025-04-23,3,28,2235.41,15.9,0.0,0,200.6
2025-04-24,4,26,2297.27,13.4,0.0,0,219.7
2025-04-25,5,37,3466.67,12.3,3.2,0,218.4
2025-04-26,6,47,4853.47,13.4,0.0,0,227.9
2025-04-27,7,17,2270.9,16.2,0.0,0,316.5
2025-04-28,1,14,1298.36,21.1,0.0,0,272.7
2025-04-29,2,15,1359.77,17.5,0.0,0,273.8
2025-04-30,3,30,2580.48,18.6,0.0,0,219.6
2025-05-01,4,33,2919.57,12.0,0.0,0,254.1
2025-05-02,5,31,2746.61,16.2,0.0,0,299.0
2025-05-03,6,37,3239.3,13.8,0.0,0,171.8
2025-05-04,7,23,2006.83,12.3,0.0,0,355.9
2025-05-05,1,32,3372.61,12.0,0.1,0,303.3
2025-05-06,2,33,2823.22,18.7,0.0,0,392.5
2025-05-07,3,25,3044.08,18.6,0.0,0,221.7
2025-05-08,4,37,3786.82,17.0,0.0,0,270.4
2025-05-09,5,32,3120.16,13.5,0.0,0,250.0
2025-05-10,6,49,5135.89,14.8,0.0,0,199.9
2025-05-11,7,23,2170.08,13.0,0.0,0,243.7
2025-05-12,1,37,3334.81,17.0,0.0,0,273.3
2025-05-13,2,27,3207.24,18.6,0.0,0,217.2
2025-05-14,3,30,2975.29,14.5,0.0,0,294.0
2025-05-15,4,37,5125.54,11.8,0.0,0,276.1
2025-05-16,5,32,3647.76,20.4,0.0,0,246.3
2025-05-17,6,52,7266.46,19.0,0.0,0,155.7
2025-05-18,7,18,2634.78,17.1,4.7,0,276.2
2025-05-19,1,34,4237.12,16.2,4.4,0,193.1
2025-05-20,2,34,3761.95,17.4,0.0,0,203.1
2025-05-21,3,28,2752.15,17.7,0.0,0,307.4
2025-05-22,4,41,2943.18,13.7,15.5,0,255.0
2025-05-23,5,29,2747.14,20.5,7.1,0,404.9
2025-05-24,6,41,4863.51,16.3,1.8,0,239.9
2025-05-25,7,17,2213.58,17.3,2.3,0,265.7
2025-05-26,1,28,2648.0,15.7,0.0,0,191.4
2025-05-27,2,27,3423.27,19.3,5.4,0,187.9
2025-05-28,3,31,2068.59,16.4,0.0,0,241.2
2025-05-29,4,35,3495.91,12.4,0.0,0,257.5
2025-05-30,5,35,3046.9,21.1,0.0,0,180.0
2025-05-31,6,53,4513.68,18.4,0.0,0,176.5
2025-06-01,7,17,1993.69,18.5,3.6,0,105.7
2025-06-02,1,27,2498.45,16.2,0.0,0,77.2
2025-06-03,2,28,2228.5,18.0,0.0,0,95.1
2025-06-04,3,35,4735.62,19.8,3.3,0,157.3
2025-06-05,4,40,3485.03,23.4,0.0,0,125.1
2025-06-06,5,43,4106.5,21.5,0.0,0,149.9
2025-06-07,6,51,5827.77,19.7,0.0,0,110.4
2025-06-08,7,25,2577.84,18.4,0.0,0,106.9
2025-06-09,1,31,3859.36,23.0,0.3,0,101.7
2025-06-10,2,29,3676.53,23.1,0.0,0,93.9
2025-06-11,3,35,3717.96,20.0,0.0,0,176.2
2025-06-12,4,28,3736.51,19.6,2.9,0,115.5
2025-06-13,5,38,4144.86,21.9,0.0,0,134.3
2025-06-14,6,45,5278.32,20.6,6.4,0,129.2
2025-06-15,7,20,2613.74,23.5,0.0,0,73.5
2025-06-16,1,38,3816.39,21.1,1.6,0,113.1
2025-06-17,2,28,2411.24,22.7,0.0,0,77.0
2025-06-18,3,31,6752.36,19.1,0.0,0,118.7
2025-06-19,4,37,4473.72,23.8,0.6,0,125.1
2025-06-20,5,32,3940.2,20.5,0.0,0,167.9
2025-06-21,6,50,4912.42,20.2,0.0,0,104.5
2025-06-22,7,26,2848.86,23.1,0.0,0,106.3
2025-06-23,1,28,3868.57,18.4,9.6,0,109.0
2025-06-24,2,39,3496.27,22.4,0.0,1,215.4
2025-06-25,3,29,2215.77,19.5,6.7,1,180.9
2025-06-26,4,27,2209.19,18.2,0.0,1,149.7
2025-06-27,5,37,4051.26,16.4,0.5,1,195.9
2025-06-28,6,48,4894.49,24.9,0.0,1,201.5
2025-06-29,7,25,3222.02,20.8,0.0,1,199.7
2025-06-30,1,33,3536.68,24.0,0.0,1,188.3
2025-07-01,2,30,2855.19,21.3,0.0,1,209.5
2025-07-02,3,31,3383.72,24.6,2.2,1,180.7
2025-07-03,4,28,3901.81,24.0,0.0,1,128.5
2025-07-04,5,41,4843.57,22.7,0.0,1,207.4
2025-07-05,6,55,5685.78,16.3,0.0,1,183.6
2025-07-06,7,29,2555.95,26.8,0.0,1,127.3
2025-07-07,1,29,2800.91,16.1,0.0,1,183.6
2025-07-08,2,30,2894.05,19.8,10.5,1,220.5
2025-07-09,3,26,2642.41,22.7,0.0,1,194.6
2025-07-10,4,36,4460.97,18.0,0.0,1,312.6
2025-07-11,5,39,4164.53,22.0,0.0,1,190.7
2025-07-12,6,58,5796.57,22.8,2.0,1,201.1
2025-07-13,7,22,2510.06,19.0,11.1,1,203.8
2025-07-14,1,28,2635.95,18.8,0.0,1,162.9
2025-07-15,2,23,3751.84,23.6,0.0,0,101.7
2025-07-16,3,21,2346.5,23.2,0.0,0,111.0
2025-07-17,4,26,3758.53,18.0,4.8,0,171.3
2025-07-18,5,28,3655.08,26.4,0.0,0,104.6
2025-07-19,6,34,4184.8,27.7,0.0,0,166.6
2025-07-20,7,19,2363.94,16.1,0.7,0,135.4
2025-07-21,1,30,2943.29,14.5,0.0,0,148.4
2025-07-22,2,31,3502.17,21.8,1.9,0,127.6
2025-07-23,3,30,3732.73,24.6,0.0,0,119.0
2025-07-24,4,24,2962.46,24.3,0.0,0,159.2
2025-07-25,5,31,2931.59,20.0,0.0,0,80.9
2025-07-26,6,45,5681.67,19.9,0.0,0,184.9
2025-07-27,7,15,2269.57,18.2,0.7,0,127.4
2025-07-28,1,27,3299.23,23.3,1.2,0,135.8
2025-07-29,2,32,4438.81,18.9,15.0,0,122.7
2025-07-30,3,38,4897.11,19.6,0.0,0,150.3
2025-07-31,4,27,3370.08,27.2,0.0,0,149.4
2025-08-01,5,23,2544.38,23.8,2.8,0,119.3
2025-08-02,6,28,3493.93,19.7,0.0,0,156.9
2025-08-03,7,14,1332.41,24.7,0.0,0,108.9
2025-08-04,1,35,3507.32,20.5,0.0,0,99.1
2025-08-05,2,23,2291.0,23.8,0.0,0,158.6
2025-08-06,3,36,4846.83,20.2,1.0,0,94.4
2025-08-07,4,24,2413.68,22.2,18.7,0,124.3
2025-08-08,5,26,3267.46,20.8,2.0,0,152.9
2025-08-09,6,27,3547.34,21.0,0.0,0,108.0
2025-08-10,7,15,1520.77,21.7,0.0,0,134.8
2025-08-11,1,19,2482.42,20.5,0.0,0,101.4
2025-08-12,2,32,2901.08,19.9,0.0,0,162.7
2025-08-13,3,23,2070.06,14.7,0.0,0,112.6
2025-08-14,4,30,3848.98,19.9,0.0,0,183.0
2025-08-15,5,33,5089.33,21.7,0.0,0,95.1
2025-08-16,6,41,5014.81,18.8,0.0,0,133.0
2025-08-17,7,14,1896.85,19.2,4.7,0,121.9
2025-08-18,1,24,2365.46,19.7,0.0,0,50.5
2025-08-19,2,21,2224.15,22.7,0.0,0,123.7
2025-08-20,3,23,2098.15,23.7,8.9,0,153.6
2025-08-21,4,22,2629.92,19.3,6.1,0,134.3
2025-08-22,5,30,3355.14,25.0,0.0,0,86.3
2025-08-23,6,35,3674.38,18.4,0.0,0,88.0
2025-08-24,7,15,1019.35,23.3,0.0,0,86.5
2025-08-25,1,23,3150.68,19.1,0.0,0,118.6
2025-08-26,2,20,2644.18,22.4,0.0,0,93.8
2025-08-27,3,25,2650.82,21.4,0.0,0,101.6
2025-08-28,4,23,2155.98,20.3,0.0,0,97.6
2025-08-29,5,27,3854.7,23.5,0.0,0,145.7
2025-08-30,6,41,4630.81,20.5,0.0,0,172.8
2025-08-31,7,16,1375.99,20.6,0.0,0,132.0
2025-09-01,1,35,4125.53,22.1,0.0,0,113.8
2025-09-02,2,29,2916.96,19.9,3.4,0,124.2
2025-09-03,3,41,3744.21,12.4,0.0,0,83.8
2025-09-04,4,29,2783.04,15.1,0.0,0,87.1
2025-09-05,5,40,3856.75,22.2,0.0,0,92.7
2025-09-06,6,57,6479.75,22.1,0.7,0,119.2
2025-09-07,7,25,3259.68,23.3,0.0,0,112.0
2025-09-08,1,32,3059.5,14.4,0.0,0,88.1
2025-09-09,2,29,30982.8,19.8,0.0,0,84.6
2025-09-10,3,31,2775.02,18.0,0.0,0,104.0
2025-09-11,4,32,3284.45,19.1,0.0,0,110.0
2025-09-12,5,42,4408.92,19.3,0.0,0,92.0
2025-09-13,6,57,5893.42,18.0,0.0,0,191.0
2025-09-14,7,31,3264.57,16.8,0.0,0,88.7
2025-09-15,1,28,2915.82,16.0,0.0,0,166.0
2025-09-16,2,31,3017.13,17.0,0.0,0,90.3
2025-09-17,3,37,2877.58,17.9,0.0,0,139.2
2025-09-18,4,38,5009.3,17.7,0.0,0,114.7
2025-09-19,5,36,3517.19,18.2,6.0,0,115.3
2025-09-20,6,55,5400.27,18.9,0.0,0,117.6
2025-09-21,7,23,2691.33,14.7,0.0,0,127.4
2025-09-22,1,38,3612.61,14.9,0.0,0,97.7
2025-09-23,2,39,4256.58,18.3,4.0,0,88.9
2025-09-24,3,40,3651.57,15.3,5.9,0,77.7
2025-09-25,4,39,3630.34,11.9,16.4,0,171.5
2025-09-26,5,45,4225.59,16.1,0.0,0,136.5
2025-09-27,6,45,5531.06,17.7,0.0,0,157.4
2025-09-28,7,24,2658.81,13.8,0.0,0,116.0
2025-09-29,1,44,5180.13,15.6,9.6,0,115.9
2025-09-30,2,25,2327.35,12.7,0.0,0,106.6
2025-10-01,3,35,3219.12,21.6,0.0,0,115.6
2025-10-02,4,42,4709.15,17.1,14.3,0,90.0
2025-10-03,5,42,4933.33,17.2,0.0,0,111.5
2025-10-04,6,46,5938.65,16.0,0.0,0,114.5
2025-10-05,7,21,1593.13,13.0,0.0,0,86.3
2025-10-06,1,32,2922.3,14.3,2.8,0,135.2
2025-10-07,2,32,2596.48,19.8,0.0,0,160.0
2025-10-08,3,38,3736.04,19.3,0.5,0,148.8
2025-10-09,4,39,3679.64,15.7,0.0,0,134.8
2025-10-10,5,40,3724.89,15.7,5.0,0,88.9
2025-10-11,6,56,6353.72,14.9,8.0,0,149.9
2025-10-12,7,23,2231.59,13.1,0.0,0,143.6
2025-10-13,1,35,3110.55,13.4,0.0,0,163.3
2025-10-14,2,44,5315.18,8.8,0.0,0,126.9
2025-10-15,3,37,3716.05,15.8,0.0,0,130.7
2025-10-16,4,37,4285.26,16.9,0.0,0,136.6
2025-10-17,5,40,5075.38,8.2,8.8,0,102.1
2025-10-18,6,49,4235.91,19.0,0.0,0,110.0
2025-10-19,7,25,2716.62,12.7,0.0,0,137.3
2025-10-20,1,38,3684.52,14.1,5.7,0,165.8
2025-10-20,1,38,3684.52,14.1,5.7,0,165.8
2025-10-21,2,29,3426.2,12.0,5.1,0,130.4
2025-10-22,3,33,4039.89,15.0,0.0,0,103.9
2025-10-23,4,48,4201.03,9.4,0.0,0,138.5
2025-10-24,5,42,5435.82,8.8,0.0,0,152.5
2025-10-25,6,42,4499.86,10.6,0.0,0,147.9
2025-10-26,7,22,2589.46,8.2,0.0,0,138.8
2025-10-27,1,37,4414.04,13.6,0.0,0,133.3
2025-10-28,2,25,2417.75,8.2,0.0,0,100.7
2025-10-29,3,33,2673.62,15.5,2.0,0,99.6
2025-10-30,4,47,4432.43,17.0,0.0,0,175.4
2025-10-31,5,41,4156.31,12.7,0.0,0,134.0
2025-11-01,6,59,4754.18,13.1,0.0,0,447.2
2025-11-02,7,33,2857.73,11.7,0.0,0,609.9
2025-11-03,1,32,3650.16,12.9,10.9,0,241.9
2025-11-04,2,45,4162.61,9.5,0.0,0,358.3
2025-11-05,3,32,2593.02,9.0,0.0,0,373.8
2025-11-06,4,41,3763.3,12.6,0.0,0,583.1
2025-11-07,5,58,5835.5,12.9,2.6,0,325.3
2025-11-08,6,70,6741.31,14.2,0.0,0,489.2
2025-11-09,7,34,3494.1,9.7,0.0,0,424.0
2025-11-10,1,58,5309.28,8.3,0.0,0,278.2
2025-11-11,2,38,3163.25,8.0,0.0,0,269.0
2025-11-12,3,50,4569.86,14.2,0.0,0,340.2
2025-11-13,4,40,4114.39,12.0,0.0,0,292.9
2025-11-14,5,50,4553.71,13.5,0.0,0,200.5
2025-11-15,6,58,6097.39,7.0,7.3,0,407.4
2025-11-16,7,38,3504.62,6.3,0.0,0,403.0
2025-11-17,1,46,4693.31,8.7,5.8,0,557.5
2025-11-18,2,52,4910.56,10.4,0.0,0,338.3
2025-11-19,3,47,3940.86,10.5,0.0,0,298.7
2025-11-20,4,49,5737.2,10.1,0.0,0,406.4
2025-11-21,5,66,7820.83,9.0,0.0,0,299.7
2025-11-22,6,64,5719.11,6.2,0.0,1,541.5
2025-11-23,7,27,2354.7,11.0,5.1,1,374.3
2025-11-24,1,54,6083.99,13.3,0.0,1,337.7
2025-11-25,2,50,4166.86,9.9,0.0,1,479.1
2025-11-26,3,58,6127.77,7.4,15.0,1,532.8
2025-11-27,4,49,4705.14,7.5,0.0,1,503.0
2025-11-28,5,78,6328.38,6.5,0.0,1,465.8
2025-11-29,6,85,8476.6,6.4,0.0,1,535.4
2025-11-30,7,48,3661.86,9.8,2.5,1,401.0
2025-12-01,1,64,6551.32,8.3,3.9,0,309.1
2025-12-02,2,68,6940.36,5.4,0.0,0,254.2
2025-12-03,3,42,5590.61,10.2,0.0,0,369.8
2025-12-04,4,66,6394.7,3.5,0.0,0,468.6
2025-12-05,5,68,7104.01,8.0,0.0,0,485.6
2025-12-06,6,87,9252.23,3.6,0.0,0,384.9
2025-12-07,7,37,4255.06,8.7,0.6,0,339.0
2025-12-08,1,61,5277.21,6.9,0.0,0,368.9
2025-12-09,2,54,5199.77,3.8,0.0,0,506.9
2025-12-10,3,58,5776.19,2.4,0.0,0,323.4
2025-12-11,4,57,5212.44,4.2,0.0,0,389.9
2025-12-12,5,77,7145.25,2.3,0.0,0,488.5
2025-12-13,6,74,7361.5,7.8,0.0,0,401.5
2025-12-14,7,35,3115.47,8.5,0.0,0,319.9
2025-12-15,1,55,5174.58,9.6,0.0,0,314.8
2025-12-16,2,51,5036.51,4.4,3.4,0,434.3
2025-12-17,3,52,5598.43,7.9,1.7,0,303.0
2025-12-18,4,57,5939.01,6.9,2.0,0,480.5
2025-12-19,5,72,6808.22,7.2,0.0,0,444.0
2025-12-20,6,97,9982.99,4.8,0.0,0,375.5
2025-12-21,7,43,4189.17,4.4,0.4,0,448.5
2025-12-22,1,56,4534.57,4.2,0.0,0,517.2
2025-12-23,2,60,6484.28,4.8,0.9,0,443.4
2025-12-24,3,55,5988.75,7.0,0.0,0,292.5
2025-12-25,4,62,6584.51,4.3,0.0,0,481.4
2025-12-26,5,73,7510.11,3.5,0.0,0,219.6
2025-12-27,6,83,7210.96,6.0,0.0,0,491.5
2025-12-28,7,52,5854.81,8.1,0.0,0,496.9
2025-12-29,1,43,3609.25,-0.2,2.2,0,320.4
2025-12-30,2,47,4453.28,0.5,0.0,0,432.0
2025-12-31,3,47,3709.33,8.9,0.0,0,407.2
