canal,montant,livraison,satisfaction
Boutique,44.8,0,4
Site,34.5,2,4
Réseaux,88.2,5,4
Réseaux,30.1,4,4
Boutique,110.1,0,5
Site,39.8,5,3
Boutique,74.7,0,5
Boutique,108.7,0,4
Site,91.5,5,4
Réseaux,35.9,6,3
Boutique,17.4,0,5
Réseaux,108.0,3,5
Site,37.1,6,3
Site,103.0,3,5
Site,32.5,7,3
Site,40.1,13,2
Boutique,65.8,0,4
Site,50.1,3,3
Boutique,184.8,0,5
Site,19.6,4,3
Boutique,46.1,0,5
Boutique,72.6,0,4
Réseaux,53.3,3,4
Réseaux,42.6,7,4
Boutique,69.5,0,5
Boutique,109.8,0,5
Site,37.5,3,4
Site,37.5,6,2
Réseaux,39.2,5,4
Réseaux,61.1,9,4
Site,22.8,3,4
Réseaux,118.0,8,3
Réseaux,34.0,4,4
Site,35.7,8,4
Réseaux,34.1,3,4
Boutique,33.5,0,5
Réseaux,24.6,3,4
Site,42.1,4,4
Site,65.4,10,3
Réseaux,61.8,5,2
Boutique,49.4,0,3
Réseaux,34.9,5,4
Site,64.5,5,3
Boutique,21.5,0,5
Site,45.5,3,5
Réseaux,73.5,4,4
Réseaux,102.3,5,4
Boutique,54.7,0,5
Site,23.3,5,4
Site,35.7,4,4
Site,99.6,8,4
Réseaux,125.9,3,4
Site,45.6,5,4
Site,21.8,4,4
Site,54.5,4,4
Réseaux,63.2,7,3
Site,82.4,4,4
Réseaux,50.3,4,4
Réseaux,159.9,3,2
Réseaux,40.9,7,4
Site,243.8,5,3
Site,27.6,5,3
Site,112.9,5,3
Réseaux,76.3,3,4
Site,79.0,5,2
Réseaux,26.7,4,4
Réseaux,38.0,4,4
Réseaux,21.2,6,4
Site,51.3,6,4
Boutique,71.6,0,5
Réseaux,56.2,5,4
Site,25.6,7,3
Site,33.4,3,5
Site,15.1,6,3
Réseaux,42.3,8,3
Boutique,34.2,0,4
Site,88.9,6,4
Réseaux,30.1,6,3
Site,65.8,2,5
Site,40.2,6,4
Boutique,59.5,0,4
Site,44.1,5,4
Réseaux,20.9,4,3
Site,79.4,7,2
Site,30.4,6,4
Site,100.1,4,3
Réseaux,10.3,7,3
Site,37.4,3,4
Boutique,95.1,0,5
Boutique,96.0,0,4
Boutique,20.4,0,4
Réseaux,44.6,4,4
Boutique,65.9,0,4
Site,56.7,3,4
Boutique,48.3,0,5
Site,31.5,4,3
Boutique,66.0,0,4
Site,66.4,3,3
Réseaux,68.6,3,5
Boutique,56.6,0,4
Réseaux,25.2,3,4
Réseaux,59.4,4,3
Réseaux,18.5,3,3
Réseaux,26.8,2,5
Réseaux,27.8,7,2
Réseaux,39.5,5,5
Site,53.5,4,4
Réseaux,119.0,5,4
Boutique,84.6,0,4
Boutique,101.1,0,4
Boutique,47.9,0,3
Boutique,33.0,0,4
Site,40.0,7,4
Boutique,45.1,0,5
Boutique,189.2,0,5
Boutique,136.0,0,4
Réseaux,65.1,8,3
Boutique,57.8,0,5
Boutique,29.6,0,4
Site,41.6,5,3
Site,35.2,5,5
Site,32.7,4,4
Site,63.0,4,5
Boutique,160.9,0,4
Réseaux,127.3,3,3
Site,45.1,3,4
Réseaux,43.5,3,4
Site,60.1,4,5
Réseaux,28.6,3,5
Site,105.1,9,3
Site,67.6,4,4
Réseaux,43.7,5,3
Site,69.0,4,4
Réseaux,32.3,4,4
Boutique,54.9,0,4
Réseaux,84.2,5,3
Boutique,107.9,0,5
Boutique,68.4,0,4
Réseaux,19.0,6,5
Réseaux,166.1,3,4
Site,66.5,4,4
Réseaux,71.9,6,2
Réseaux,24.8,7,5
Réseaux,58.9,4,4
Réseaux,59.4,4,3
Site,62.6,5,4
Boutique,123.4,0,5
Site,20.1,5,3
Réseaux,84.4,4,5
Boutique,52.1,0,4
Boutique,48.9,0,5
Boutique,63.9,0,4
Site,67.0,3,4
Réseaux,48.4,3,5
Boutique,52.2,0,5
Réseaux,60.1,4,3
Site,255.7,4,3
Boutique,93.9,0,4
Boutique,52.6,0,5
Boutique,126.9,0,4
Boutique,106.0,0,4
Site,34.4,8,4
Réseaux,86.4,3,4
Réseaux,20.3,4,5
Site,69.2,5,5
Site,147.9,7,4
Réseaux,22.2,4,3
Boutique,49.7,0,4
Réseaux,27.5,7,4
Boutique,134.3,0,5
Boutique,43.1,0,5
Boutique,60.2,0,5
Réseaux,53.0,3,4
Réseaux,72.7,4,3
Site,76.0,4,4
Boutique,37.0,0,4
Boutique,20.5,0,5
Réseaux,70.1,2,4
Réseaux,42.2,3,5
Boutique,86.5,0,5
Boutique,43.4,0,4
Boutique,60.3,0,4
Boutique,129.6,0,5
Site,21.9,3,4
Réseaux,36.2,8,3
Site,21.0,6,4
Réseaux,83.9,7,4
Boutique,66.2,0,5
Site,29.1,8,3
Site,19.9,8,3
Réseaux,42.5,5,4
Site,53.5,6,4
Site,45.0,4,4
Site,103.3,6,4
Site,28.6,2,5
Site,75.6,5,4
Réseaux,93.3,4,4
Site,35.9,2,4
Réseaux,65.4,6,3
Boutique,140.2,0,5
Réseaux,19.1,7,3
Site,35.0,2,5
Site,24.7,2,4
Site,65.8,6,5
Site,139.6,2,4
Réseaux,18.7,6,4
Boutique,61.1,0,5
Site,217.1,7,4
Site,35.3,8,5
Réseaux,57.6,5,4
Site,68.9,2,4
Réseaux,30.8,3,4
Réseaux,67.2,2,4
Site,61.0,4,4
Site,47.0,4,4
Site,42.7,5,4
Réseaux,82.9,5,4
Boutique,65.9,0,5
Réseaux,26.8,4,4
Réseaux,30.7,5,3
Boutique,71.7,0,5
Boutique,77.1,0,4
Site,22.8,6,3
Site,81.3,4,4
Réseaux,20.8,2,4
Réseaux,14.9,4,3
Site,41.3,5,4
Site,59.5,4,5
Boutique,103.1,0,4
Réseaux,21.5,3,4
Site,40.4,3,5
Site,87.8,5,3
Site,48.3,4,4
Réseaux,76.0,5,3
Site,71.3,4,3
Réseaux,17.8,3,3
Réseaux,26.0,3,4
Réseaux,66.5,5,3
Réseaux,10.7,3,4
Site,79.1,3,4
Site,45.5,8,4
Boutique,37.4,0,4
Boutique,212.4,0,5
Boutique,37.3,0,5
Site,34.8,5,5
Boutique,51.3,0,4
Site,41.7,3,4
Site,67.1,6,4
Réseaux,51.1,2,5
Boutique,16.2,0,4
Site,94.8,5,3
Site,90.6,5,3
Réseaux,68.2,3,3
Réseaux,53.5,5,4
Site,21.5,4,4
Boutique,92.5,0,3
Boutique,47.3,0,5
Réseaux,22.6,4,4
Boutique,62.3,0,5
Site,71.7,4,4
Réseaux,23.4,9,2
Site,27.6,5,3
Boutique,84.4,0,5
Boutique,107.3,0,3
Site,36.7,8,2
Site,55.7,4,5
Boutique,60.9,0,5
Site,103.8,5,4
Réseaux,47.4,5,3
Site,18.3,6,4
Boutique,38.1,0,3
Site,97.8,6,3
Site,104.9,4,4
Réseaux,84.1,5,4
Boutique,53.8,0,4
Boutique,37.1,0,5
Réseaux,60.2,5,3
Réseaux,37.9,7,3
Site,43.2,3,4
Site,33.9,5,5
Site,59.8,5,3
Réseaux,24.7,7,2
Réseaux,32.4,3,4
Réseaux,119.7,8,4
Boutique,57.8,0,5
Site,98.1,10,1
Réseaux,45.8,3,4
Boutique,76.1,0,4
Boutique,66.9,0,4
Site,170.1,2,5
Boutique,74.3,0,5
Boutique,70.6,0,4
Site,54.5,8,3
Réseaux,30.9,3,3
Site,95.9,2,4
Réseaux,25.9,4,4
Réseaux,17.5,6,4
Réseaux,46.8,6,3
Site,63.6,5,3
Réseaux,21.0,6,4
Boutique,70.4,0,5
Site,49.1,4,5
Réseaux,16.7,4,3
Site,15.3,3,4
Boutique,73.1,0,5
Réseaux,40.5,3,4
Site,78.4,2,5
Réseaux,19.2,3,4
Site,94.7,3,4
Site,52.7,2,4
Boutique,77.5,0,4
Réseaux,118.4,4,3
Site,48.8,2,4
Réseaux,36.8,2,5
Boutique,47.7,0,5
Réseaux,18.2,3,4
Site,47.1,3,4
Réseaux,18.0,4,4
Réseaux,22.4,7,2
Réseaux,14.9,5,3
Site,75.9,4,5
Boutique,56.8,0,5
Site,97.0,6,4
Réseaux,29.6,3,4
Réseaux,32.6,3,4
Site,33.3,6,4
Boutique,35.7,0,5
Boutique,157.8,0,4
Réseaux,8.6,3,5
Réseaux,81.8,4,5
Site,94.6,4,4
Boutique,46.9,0,5
Site,53.5,3,4
Boutique,143.5,0,4
Boutique,60.7,0,5
Boutique,19.3,0,5
Réseaux,27.5,7,2
Réseaux,82.5,4,4
Site,28.9,4,4
Boutique,119.0,0,4
Site,38.9,5,3
Boutique,90.6,0,4
Boutique,45.3,0,4
Site,33.8,4,4
Réseaux,33.9,4,4
Réseaux,12.4,7,4
Site,68.3,3,4
Réseaux,12.2,3,3
Site,47.6,2,4
Réseaux,21.9,5,5
Réseaux,49.2,5,3
Boutique,122.1,0,4
Site,49.9,8,2
Boutique,50.9,0,5
Boutique,70.7,0,5
Site,64.1,3,4
Site,80.4,5,5
Boutique,46.4,0,4
Réseaux,77.8,3,3
Réseaux,23.0,6,3
Boutique,55.5,0,5
Boutique,208.8,0,4
Réseaux,45.7,6,3
Boutique,91.7,0,5
Réseaux,51.3,4,5
Site,58.8,3,4
Réseaux,121.0,4,4
Réseaux,42.1,3,3
Boutique,25.9,0,4
Site,44.5,5,4
Réseaux,45.6,3,5
Boutique,44.7,0,5
Site,36.1,3,3
Boutique,122.2,0,5
Boutique,83.2,0,4
Boutique,147.6,0,5
Réseaux,47.2,3,3
Site,27.0,5,4
Boutique,53.7,0,5
Réseaux,34.7,4,5
Boutique,50.5,0,5
Site,75.8,3,2
Réseaux,15.3,5,4
Réseaux,37.5,4,4
Site,119.1,6,3
Boutique,32.5,0,5
Réseaux,61.3,3,5
Site,50.4,8,3
Site,19.9,3,4
Site,29.7,5,4
Boutique,128.5,0,5
Site,34.0,6,5
Réseaux,42.4,2,4
Réseaux,38.9,6,3
Site,26.6,4,3
Réseaux,77.2,3,3
Boutique,101.9,0,5
Site,62.6,4,3
Réseaux,37.5,3,4
Site,31.4,4,4
