id_ligne,id_commande,date_commande,id_client,canal,id_produit,quantite,montant
58015,25154,2025-03-01,2122,Site,117,1,12.26
58016,25154,2025-03-01,2122,Site,37,3,114.03
58017,25155,2025-03-01,3800,Boutique,29,1,57.58
58018,25156,2025-03-01,1305,Site,6,1,44.19
58019,25156,2025-03-01,1305,Site,95,1,24.62
58020,25156,2025-03-01,1305,Site,31,2,45.12
58021,25157,2025-03-01,4061,Réseaux,105,2,34.82
58022,25158,2025-03-01,1117,Site,37,1,38.01
58023,25158,2025-03-01,1117,Site,17,1,16.38
58024,25159,2025-03-01,5384,Site,14,2,82.2
58025,25159,2025-03-01,5384,Site,101,1,19.47
58026,25160,2025-03-01,3921,Boutique,21,1,13.29
58027,25160,2025-03-01,3921,Boutique,83,1,76.12
58028,25161,2025-03-01,4247,Boutique,46,2,67.78
58029,25161,2025-03-01,4247,Boutique,21,1,13.29
58030,25161,2025-03-01,4247,Boutique,61,1,11.23
58031,25162,2025-03-01,4346,Site,67,1,2.99
58032,25162,2025-03-01,4346,Site,4,1,40.07
58033,25162,2025-03-01,4346,Site,12,1,39.04
58034,25163,2025-03-01,2280,Réseaux,41,2,59.54
58035,25164,2025-03-01,1765,Boutique,107,1,15.35
58036,25164,2025-03-01,1765,Boutique,43,1,24.62
58037,25164,2025-03-01,1765,Boutique,108,1,46.25
58038,25165,2025-03-01,4970,Site,102,1,20.5
58039,25165,2025-03-01,4970,Site,91,1,89.51
58040,25166,2025-03-01,1747,Site,4,1,40.07
58041,25167,2025-03-01,124,Site,44,1,22.56
58042,25167,2025-03-01,124,Site,13,2,111.04
58043,25167,2025-03-01,124,Site,62,1,2.99
58044,25168,2025-03-01,3673,Site,41,1,29.77
58045,25168,2025-03-01,3673,Site,51,1,17.41
58046,25168,2025-03-01,3673,Site,41,1,29.77
58047,25169,2025-03-01,547,Boutique,85,1,11.23
58048,25170,2025-03-01,3417,Boutique,68,1,21.53
58049,25170,2025-03-01,3417,Boutique,12,3,117.12
58050,25170,2025-03-01,3417,Boutique,43,1,24.62
58051,25171,2025-03-01,3905,Boutique,90,2,148.12
58052,25171,2025-03-01,3905,Boutique,1,1,44.19
58053,25171,2025-03-01,3905,Boutique,48,1,28.74
58054,25171,2025-03-01,3905,Boutique,49,1,30.8
58055,25172,2025-03-01,5213,Site,3,1,39.04
58056,25173,2025-03-01,4475,Site,70,1,14.32
58057,25174,2025-03-01,3507,Boutique,4,2,80.14
58058,25174,2025-03-01,3507,Boutique,51,1,17.41
58059,25175,2025-03-01,158,Boutique,84,1,22.56
58060,25176,2025-03-01,2724,Boutique,22,1,52.43
58061,25176,2025-03-01,2724,Boutique,21,4,53.16
58062,25177,2025-03-01,1303,Boutique,89,1,68.91
58063,25178,2025-03-01,3226,Site,1,1,44.19
58064,25178,2025-03-01,3226,Site,30,1,52.43
58065,25179,2025-03-01,2056,Boutique,53,1,20.5
58066,25179,2025-03-01,2056,Boutique,103,1,29.77
58067,25179,2025-03-01,2056,Boutique,8,1,35.95
58068,25180,2025-03-01,2692,Boutique,104,1,32.86
58069,25180,2025-03-01,2692,Boutique,61,1,11.23
58070,25181,2025-03-01,4563,Boutique,61,2,22.46
58071,25181,2025-03-01,4563,Boutique,26,1,64.79
58072,25182,2025-03-01,669,Boutique,43,1,24.62
58073,25182,2025-03-01,669,Boutique,53,1,20.5
58074,25183,2025-03-01,2511,Site,31,1,22.56
58075,25183,2025-03-01,2511,Site,53,1,20.5
58076,25184,2025-03-01,1023,Boutique,50,1,73.03
58077,25184,2025-03-01,1023,Boutique,34,3,327.24
58078,25184,2025-03-01,1023,Boutique,43,1,24.62
58079,25185,2025-03-01,1852,Site,51,4,69.64
58080,25185,2025-03-01,1852,Site,13,1,55.52
58081,25186,2025-03-01,2606,Site,68,1,21.53
58082,25186,2025-03-01,2606,Site,22,1,52.43
58083,25186,2025-03-01,2606,Site,1,3,132.57
58084,25187,2025-03-01,3638,Boutique,31,1,22.56
58085,25187,2025-03-01,3638,Boutique,64,3,30.6
58086,25187,2025-03-01,3638,Boutique,30,1,52.43
58087,25187,2025-03-01,3638,Boutique,41,2,59.54
58088,25188,2025-03-01,3152,Site,68,2,43.06
58089,25189,2025-03-01,748,Réseaux,50,1,73.03
58090,25189,2025-03-01,748,Réseaux,7,1,17.41
58091,25190,2025-03-01,5137,Boutique,102,1,20.5
58092,25190,2025-03-01,5137,Boutique,45,1,66.85
58093,25191,2025-03-01,3668,Boutique,119,1,58.61
58094,25192,2025-03-01,2757,Réseaux,6,1,44.19
58095,25192,2025-03-01,2757,Réseaux,26,1,64.79
58096,25192,2025-03-01,2757,Réseaux,41,1,29.77
58097,25193,2025-03-01,830,Site,67,1,2.99
58098,25193,2025-03-01,830,Site,94,2,78.08
58099,25193,2025-03-01,830,Site,63,1,4.02
58100,25193,2025-03-01,830,Site,26,1,64.79
58101,25193,2025-03-01,830,Site,101,1,19.47
58102,25194,2025-03-01,4437,Boutique,85,3,33.69
58103,25194,2025-03-01,4437,Boutique,81,1,16.38
58104,25195,2025-03-02,3191,Boutique,63,1,4.02
58105,25195,2025-03-02,3191,Boutique,40,1,77.15
58106,25196,2025-03-02,4936,Site,103,1,29.77
58107,25196,2025-03-02,4936,Site,34,1,109.08
58108,25196,2025-03-02,4936,Site,61,1,11.23
58109,25197,2025-03-02,3746,Site,35,1,15.56
58110,25198,2025-03-02,2981,Site,24,1,34.92
58111,25198,2025-03-02,2981,Site,22,1,52.43
58112,25198,2025-03-02,2981,Site,103,1,29.77
58113,25199,2025-03-02,2005,Site,46,1,33.89
58114,25199,2025-03-02,2005,Site,47,1,34.92
58115,25200,2025-03-02,1690,Site,103,1,29.77
58116,25201,2025-03-02,91,Boutique,85,1,11.23
58117,25202,2025-03-02,1723,Site,4,1,38.07
58118,25202,2025-03-02,1723,Site,104,1,31.22
58119,25203,2025-03-02,408,Site,38,1,32.86
58120,25203,2025-03-02,408,Site,37,1,38.01
58121,25203,2025-03-02,408,Site,25,1,26.68
58122,25204,2025-03-02,301,Boutique,97,1,8.14
58123,25205,2025-03-02,1881,Boutique,93,1,51.4
58124,25205,2025-03-02,1881,Boutique,60,1,31.83
58125,25205,2025-03-02,1881,Boutique,44,1,22.56
58126,25206,2025-03-02,1358,Boutique,75,1,7.11
58127,25207,2025-03-02,4491,Site,52,2,100.74
58128,25207,2025-03-02,4491,Site,22,1,52.43
58129,25207,2025-03-02,4491,Site,65,1,18.44
58130,25207,2025-03-02,4491,Site,27,1,108.05
58131,25208,2025-03-02,4880,Site,101,1,19.47
58132,25208,2025-03-02,4880,Site,24,1,34.92
58133,25209,2025-03-02,225,Boutique,59,1,12.26
58134,25210,2025-03-02,1116,Boutique,83,1,76.12
58135,25211,2025-03-02,2785,Réseaux,22,1,52.43
58136,25211,2025-03-02,2785,Réseaux,62,1,2.99
58137,25211,2025-03-02,2785,Réseaux,21,1,13.29
58138,25212,2025-03-02,174,Boutique,81,1,16.38
58139,25212,2025-03-02,174,Boutique,42,3,89.31
58140,25213,2025-03-02,1970,Boutique,56,1,99.81
58141,25213,2025-03-02,1970,Boutique,22,1,52.43
58142,25214,2025-03-02,5451,Boutique,25,1,26.68
58143,25214,2025-03-02,5451,Boutique,74,1,21.53
58144,25215,2025-03-02,984,Site,43,1,24.62
58145,25216,2025-03-02,868,Site,2,1,40.07
58146,25216,2025-03-02,868,Site,63,1,4.02
58147,25217,2025-03-02,3472,Boutique,83,1,76.12
58148,25217,2025-03-02,3472,Boutique,67,1,2.99
58149,25218,2025-03-03,1165,Réseaux,118,3,34.94
58150,25218,2025-03-03,1165,Réseaux,83,1,72.31
58151,25218,2025-03-03,1165,Réseaux,1,1,41.98
58152,25219,2025-03-03,3038,Boutique,76,1,18.44
58153,25219,2025-03-03,3038,Boutique,84,1,22.56
58154,25219,2025-03-03,3038,Boutique,34,1,109.08
58155,25220,2025-03-03,1774,Site,66,1,9.17
58156,25220,2025-03-03,1774,Site,114,1,19.47
58157,25221,2025-03-03,2161,Site,67,2,5.98
58158,25221,2025-03-03,2161,Site,70,2,28.64
58159,25222,2025-03-03,2166,Boutique,97,1,8.14
58160,25222,2025-03-03,2166,Boutique,2,4,160.28
58161,25223,2025-03-03,4847,Boutique,49,1,29.26
58162,25224,2025-03-03,4288,Site,42,1,29.77
58163,25224,2025-03-03,4288,Site,9,1,44.19
58164,25225,2025-03-03,396,Site,49,1,30.8
58165,25225,2025-03-03,396,Site,21,1,13.29
58166,25225,2025-03-03,396,Site,28,1,50.37
58167,25226,2025-03-03,1922,Réseaux,3,1,39.04
58168,25227,2025-03-03,4616,Site,48,1,28.74
58169,25227,2025-03-03,4616,Site,27,1,108.05
58170,25227,2025-03-03,4616,Site,23,2,41.0
58171,25227,2025-03-03,4616,Site,48,2,57.48
58172,25228,2025-03-03,1168,Site,22,1,49.81
58173,25229,2025-03-03,982,Site,48,1,28.74
58174,25229,2025-03-03,982,Site,83,1,76.12
58175,25230,2025-03-03,4360,Boutique,112,1,26.68
58176,25230,2025-03-03,4360,Boutique,39,1,66.85
58177,25230,2025-03-03,4360,Boutique,23,1,20.5
58178,25230,2025-03-03,4360,Boutique,46,1,33.89
58179,25231,2025-03-03,4037,Boutique,30,1,52.43
58180,25232,2025-03-03,376,Site,1,1,44.19
58181,25232,2025-03-03,376,Site,2,1,40.07
58182,25233,2025-03-03,2113,Site,27,3,324.15
58183,25233,2025-03-03,2113,Site,12,2,78.08
58184,25234,2025-03-03,2932,Boutique,105,1,17.41
58185,25235,2025-03-03,2170,Site,6,1,44.19
58186,25236,2025-03-03,3203,Boutique,92,2,24.52
58187,25237,2025-03-03,1780,Site,47,1,34.92
58188,25237,2025-03-03,1780,Site,33,2,261.42
58189,25237,2025-03-03,1780,Site,41,1,29.77
58190,25238,2025-03-03,479,Site,104,1,32.86
58191,25239,2025-03-03,3622,Site,13,1,55.52
58192,25239,2025-03-03,3622,Site,48,1,28.74
58193,25240,2025-03-03,3242,Site,21,1,13.29
58194,25240,2025-03-03,3242,Site,30,1,52.43
58195,25240,2025-03-03,3242,Site,63,1,4.02
58196,25240,2025-03-03,3242,Site,49,1,30.8
58197,25240,2025-03-03,3242,Site,1,1,44.19
58198,25241,2025-03-03,1100,Boutique,47,1,34.92
58199,25241,2025-03-03,1100,Boutique,8,1,35.95
58200,25242,2025-03-04,1613,Site,118,1,12.26
58201,25243,2025-03-04,3157,Site,44,1,22.56
58202,25243,2025-03-04,3157,Site,27,1,108.05
58203,25244,2025-03-04,104,Site,102,1,20.5
58204,25244,2025-03-04,104,Site,40,2,154.3
58205,25244,2025-03-04,104,Site,86,1,157.49
58206,25244,2025-03-04,104,Site,21,1,13.29
58207,25245,2025-03-04,3228,Boutique,88,1,21.53
58208,25245,2025-03-04,3228,Boutique,42,2,59.54
58209,25246,2025-03-04,3734,Réseaux,63,4,16.08
58210,25246,2025-03-04,3734,Réseaux,88,1,21.53
58211,25247,2025-03-04,253,Boutique,81,1,16.38
58212,25247,2025-03-04,253,Boutique,5,1,52.43
58213,25248,2025-03-04,2088,Boutique,72,1,2.99
58214,25249,2025-03-04,1297,Boutique,102,1,19.47
58215,25249,2025-03-04,1297,Boutique,62,1,2.84
58216,25249,2025-03-04,1297,Boutique,16,2,19.38
58217,25250,2025-03-04,2958,Boutique,19,1,30.8
58218,25250,2025-03-04,2958,Boutique,16,1,102.0
58219,25250,2025-03-04,2958,Boutique,70,1,14.32
58220,25251,2025-03-04,952,Site,29,1,57.58
58221,25251,2025-03-04,952,Site,56,1,99.81
58222,25251,2025-03-04,952,Site,14,1,41.1
58223,25252,2025-03-04,3373,Boutique,23,1,20.5
58224,25253,2025-03-04,3425,Boutique,44,1,22.56
58225,25253,2025-03-04,3425,Boutique,32,1,24.62
58226,25253,2025-03-04,3425,Boutique,106,1,45.22
58227,25254,2025-03-04,1591,Boutique,38,1,32.86
58228,25254,2025-03-04,1591,Boutique,23,1,20.5
58229,25254,2025-03-04,1591,Boutique,63,1,4.02
58230,25255,2025-03-16,5504,Boutique,85,1,10.11
58231,25255,2025-03-16,5504,Boutique,26,1,58.31
58232,25255,2025-03-16,5504,Boutique,82,1,71.29
58233,25256,2025-03-04,1091,Site,81,1,16.38
58234,25256,2025-03-04,1091,Site,64,1,10.2
58235,25256,2025-03-04,1091,Site,102,1,20.5
58236,25257,2025-03-04,2798,Réseaux,55,1,65.82
58237,25257,2025-03-04,2798,Réseaux,42,1,29.77
58238,25258,2025-03-04,4185,Site,4,1,38.07
58239,25258,2025-03-04,4185,Site,66,1,8.71
58240,25258,2025-03-04,4185,Site,80,1,18.5
58241,25258,2025-03-04,4185,Site,75,1,6.75
58242,25259,2025-03-04,2552,Boutique,63,1,4.02
58243,25259,2025-03-04,2552,Boutique,42,2,59.54
58244,25259,2025-03-04,2552,Boutique,61,4,44.92
58245,25259,2025-03-04,2552,Boutique,59,1,12.26
58246,25260,2025-03-04,2734,Boutique,7,1,17.41
58247,25260,2025-03-04,2734,Boutique,25,1,26.68
58248,25260,2025-03-04,2734,Boutique,66,1,9.17
58249,25261,2025-03-04,2713,Site,4,1,40.07
58250,25261,2025-03-04,2713,Site,10,1,51.4
58251,25262,2025-03-04,3995,Site,86,1,157.49
58252,25262,2025-03-04,3995,Site,27,1,108.05
58253,25263,2025-03-04,249,Site,23,1,20.5
58254,25263,2025-03-04,249,Site,100,1,22.56
58255,25263,2025-03-04,249,Site,53,2,41.0
58256,25264,2025-03-05,4409,Site,44,1,22.56
58257,25265,2025-03-05,70,Site,101,1,19.47
58258,25265,2025-03-05,70,Site,10,1,51.4
58259,25266,2025-03-05,4579,Réseaux,43,2,49.24
58260,25266,2025-03-05,4579,Réseaux,61,1,11.23
58261,25267,2025-03-05,743,Site,87,1,121.44
58262,25267,2025-03-05,743,Site,78,1,7.11
58263,25268,2025-03-05,4055,Site,6,1,44.19
58264,25268,2025-03-05,4055,Site,105,1,17.41
58265,25268,2025-03-05,4055,Site,73,1,5.05
58266,25269,2025-03-05,5195,Site,112,2,53.36
58267,25269,2025-03-05,5195,Site,25,2,53.36
58268,25269,2025-03-05,5195,Site,69,1,8.14
58269,25270,2025-03-05,5448,Site,3,1,35.14
58270,25270,2025-03-05,5448,Site,21,1,11.96
58271,25270,2025-03-05,5448,Site,24,1,31.43
58272,25271,2025-03-05,669,Site,83,1,76.12
58273,25271,2025-03-05,669,Site,29,1,57.58
58274,25271,2025-03-05,669,Site,10,1,51.4
58275,25271,2025-03-05,669,Site,42,1,29.77
58276,25271,2025-03-05,669,Site,6,1,44.19
58277,25272,2025-03-05,4301,Site,76,3,55.32
58278,25272,2025-03-05,4301,Site,12,1,39.04
58279,25272,2025-03-05,4301,Site,41,2,59.54
58280,25272,2025-03-05,4301,Site,3,1,39.04
58281,25273,2025-03-05,1822,Boutique,23,1,20.5
58282,25273,2025-03-05,1822,Boutique,13,1,55.52
58283,25273,2025-03-05,1822,Boutique,102,1,20.5
58284,25273,2025-03-05,1822,Boutique,44,1,22.56
58285,25274,2025-03-05,1360,Réseaux,25,1,26.68
58286,25274,2025-03-05,1360,Réseaux,101,1,19.47
58287,25274,2025-03-05,1360,Réseaux,61,2,22.46
58288,25274,2025-03-05,1360,Réseaux,29,1,57.58
58289,25275,2025-03-05,4134,Site,84,2,45.12
58290,25275,2025-03-05,4134,Site,85,1,11.23
58291,25276,2025-03-05,3717,Réseaux,17,1,16.38
58292,25277,2025-03-05,12,Site,41,1,29.77
58293,25277,2025-03-05,12,Site,82,1,79.21
58294,25278,2025-03-05,1238,Site,44,1,22.56
58295,25278,2025-03-05,1238,Site,1,1,44.19
58296,25278,2025-03-05,1238,Site,66,1,9.17
58297,25279,2025-03-05,1715,Boutique,54,2,113.1
58298,25280,2025-03-05,1022,Site,49,1,30.8
58299,25280,2025-03-05,1022,Site,62,1,2.99
58300,25281,2025-03-16,5504,Site,74,1,19.38
58301,25282,2025-03-05,3788,Site,109,1,28.74
58302,25283,2025-03-05,5292,Réseaux,27,1,108.05
58303,25283,2025-03-05,5292,Réseaux,3,1,39.04
58304,25284,2025-03-05,2196,Boutique,64,1,10.2
58305,25284,2025-03-05,2196,Boutique,3,1,39.04
58306,25285,2025-03-05,1920,Site,111,1,10.2
58307,25285,2025-03-05,1920,Site,45,1,66.85
58308,25286,2025-03-05,1556,Site,31,1,22.56
58309,25286,2025-03-05,1556,Site,108,1,46.25
58310,25286,2025-03-05,1556,Site,10,1,51.4
58311,25287,2025-03-05,3071,Site,52,1,50.37
58312,25287,2025-03-05,3071,Site,62,1,2.99
58313,25287,2025-03-05,3071,Site,21,1,13.29
58314,25287,2025-03-05,3071,Site,50,1,73.03
58315,25288,2025-03-05,2509,Site,83,3,228.36
58316,25288,2025-03-05,2509,Site,71,2,43.06
58317,25289,2025-03-05,2493,Site,36,1,68.91
58318,25290,2025-03-06,2942,Boutique,17,1,16.38
58319,25290,2025-03-06,2942,Boutique,1,1,44.19
58320,25290,2025-03-06,2942,Boutique,109,1,28.74
58321,25291,2025-03-06,2307,Réseaux,67,1,2.99
58322,25291,2025-03-06,2307,Réseaux,1,1,44.19
58323,25292,2025-03-06,2172,Boutique,111,1,10.2
58324,25292,2025-03-06,2172,Boutique,1,1,44.19
58325,25293,2025-03-06,2914,Boutique,104,1,31.22
58326,25293,2025-03-06,2914,Boutique,69,1,7.73
58327,25293,2025-03-06,2914,Boutique,68,1,20.45
58328,25294,2025-03-06,1963,Site,118,1,12.26
58329,25294,2025-03-06,1963,Site,3,1,39.04
58330,25295,2025-03-06,3905,Boutique,4,1,40.07
58331,25296,2025-03-06,5459,Boutique,103,1,29.77
58332,25296,2025-03-06,5459,Boutique,63,1,4.02
58333,25297,2025-03-06,4599,Réseaux,2,1,40.07
58334,25297,2025-03-06,4599,Réseaux,8,1,359.5
58335,25297,2025-03-06,4599,Réseaux,50,1,73.03
58336,25297,2025-03-06,4599,Réseaux,48,1,28.74
58337,25298,2025-03-06,1479,Boutique,108,1,46.25
58338,25299,2025-03-06,4288,Site,106,1,45.22
58339,25299,2025-03-06,4288,Site,74,2,43.06
58340,25299,2025-03-06,4288,Site,28,1,50.37
58341,25299,2025-03-06,4288,Site,102,2,41.0
58342,25299,2025-03-06,4288,Site,106,2,90.44
58343,25299,2025-03-06,4288,Site,41,1,29.77
58344,25300,2025-03-06,2499,Site,8,1,35.95
58345,25300,2025-03-06,2499,Site,109,3,86.22
58346,25301,2025-03-06,89,Site,30,1,52.43
58347,25301,2025-03-06,89,Site,48,1,28.74
58348,25301,2025-03-06,89,Site,72,1,2.99
58349,25302,2025-03-06,775,Boutique,61,1,11.23
58350,25302,2025-03-06,775,Boutique,3,1,39.04
58351,25302,2025-03-06,775,Boutique,2,1,40.07
58352,25302,2025-03-06,775,Boutique,114,1,19.47
58353,25302,2025-03-06,775,Boutique,43,3,73.86
58354,25303,2025-03-06,2280,Boutique,64,1,10.2
58355,25303,2025-03-06,2280,Boutique,110,2,53.36
58356,25303,2025-03-06,2280,Boutique,111,1,10.2
58357,25303,2025-03-06,2280,Boutique,78,2,14.22
58358,25304,2025-03-06,1147,Site,63,1,4.02
58359,25304,2025-03-06,1147,Site,109,3,86.22
58360,25305,2025-03-06,2221,Boutique,45,2,133.7
58361,25306,2025-03-06,5425,Site,47,1,34.92
58362,25306,2025-03-06,5425,Site,4,1,40.07
58363,25306,2025-03-06,5425,Site,27,3,324.15
58364,25307,2025-03-06,919,Boutique,58,3,110.94
58365,25308,2025-03-06,1460,Site,42,1,29.77
58366,25309,2025-03-06,3138,Réseaux,26,1,64.79
58367,25309,2025-03-06,3138,Réseaux,5,1,52.43
58368,25309,2025-03-06,3138,Réseaux,88,1,21.53
58369,25309,2025-03-06,3138,Réseaux,6,1,44.19
58370,25310,2025-03-06,27,Site,9,2,88.38
58371,25310,2025-03-06,27,Site,88,1,21.53
58372,25311,2025-03-06,3595,Boutique,27,1,108.05
58373,25311,2025-03-06,3595,Boutique,5,1,52.43
58374,25312,2025-03-06,3645,Site,54,1,56.55
58375,25312,2025-03-06,3645,Site,47,1,34.92
58376,25313,2025-03-06,2122,Boutique,41,1,29.77
58377,25313,2025-03-06,2122,Boutique,101,2,389.4
58378,25313,2025-03-06,2122,Boutique,23,1,20.5
58379,25314,2025-03-06,1019,Boutique,58,1,36.98
58380,25315,2025-03-06,4608,Boutique,25,1,26.68
58381,25315,2025-03-06,4608,Boutique,9,1,44.19
58382,25316,2025-03-06,795,Boutique,36,1,65.46
58383,25316,2025-03-06,795,Boutique,106,1,42.96
58384,25317,2025-03-06,55,Boutique,5,2,104.86
58385,25317,2025-03-06,55,Boutique,38,1,32.86
58386,25318,2025-03-06,1438,Site,65,1,18.44
58387,25318,2025-03-06,1438,Site,66,1,9.17
58388,25318,2025-03-06,1438,Site,41,1,29.77
58389,25319,2025-03-06,2484,Site,66,2,18.34
58390,25319,2025-03-06,2484,Site,115,1,51.4
58391,25320,2025-03-06,2995,Site,67,1,2.99
58392,25320,2025-03-06,2995,Site,42,1,29.77
58393,25320,2025-03-06,2995,Site,9,1,44.19
58394,25321,2025-03-06,28,Site,16,1,10.2
58395,25322,2025-03-06,4731,Site,81,1,16.38
58396,25322,2025-03-06,4731,Site,61,1,11.23
58397,25323,2025-03-06,5459,Site,26,1,58.31
58398,25323,2025-03-06,5459,Site,52,1,45.33
58399,25323,2025-03-06,5459,Site,75,1,6.4
58400,25324,2025-03-06,1202,Boutique,46,2,67.78
58401,25325,2025-03-07,2745,Site,91,1,85.03
58402,25325,2025-03-07,2745,Site,14,2,78.09
58403,25325,2025-03-07,2745,Site,51,1,16.54
58404,25326,2025-03-07,4606,Réseaux,80,2,38.94
58405,25326,2025-03-07,4606,Réseaux,95,1,24.62
58406,25326,2025-03-07,4606,Réseaux,44,1,22.56
58407,25327,2025-03-07,2130,Boutique,111,2,20.4
58408,25327,2025-03-07,2130,Boutique,115,1,51.4
58409,25328,2025-03-07,4486,Réseaux,74,1,21.53
58410,25328,2025-03-07,4486,Réseaux,46,1,33.89
58411,25328,2025-03-07,4486,Réseaux,49,1,30.8
58412,25328,2025-03-07,4486,Réseaux,4,2,80.14
58413,25329,2025-03-07,2516,Boutique,53,1,20.5
58414,25329,2025-03-07,2516,Boutique,36,3,206.73
58415,25329,2025-03-07,2516,Boutique,10,1,51.4
58416,25330,2025-03-07,3809,Site,43,1,24.62
58417,25331,2025-03-07,3275,Réseaux,41,2,59.54
58418,25331,2025-03-07,3275,Réseaux,8,1,35.95
58419,25331,2025-03-07,3275,Réseaux,10,1,51.4
58420,25331,2025-03-07,3275,Réseaux,24,1,34.92
58421,25331,2025-03-07,3275,Réseaux,61,1,11.23
900012,25168,2025-03-01,90012,Site,41,1,29.77
58422,25332,2025-03-07,4755,Site,119,1,58.61
58423,25332,2025-03-07,4755,Site,25,2,53.36
58424,25333,2025-03-07,2997,Site,3,1,39.04
58425,25333,2025-03-07,2997,Site,22,1,52.43
58426,25334,2025-03-07,4559,Site,50,4,292.12
58427,25334,2025-03-07,4559,Site,23,1,20.5
58428,25335,2025-03-07,2421,Site,3,1,39.04
58429,25335,2025-03-07,2421,Site,102,2,41.0
58430,25335,2025-03-07,2421,Site,1,2,88.38
58431,25336,2025-03-07,1880,Boutique,42,1,29.77
58432,25336,2025-03-07,1880,Boutique,103,1,29.77
58433,25336,2025-03-07,1880,Boutique,67,1,2.99
58434,25337,2025-03-07,3330,Boutique,22,1,49.81
58435,25337,2025-03-07,3330,Boutique,45,1,63.51
58436,25338,2025-03-07,1780,Site,98,1,93.63
58437,25338,2025-03-07,1780,Site,26,4,259.16
58438,25339,2025-03-07,984,Boutique,1,1,44.19
58439,25339,2025-03-07,984,Boutique,103,1,29.77
58440,25340,2025-03-07,2907,Réseaux,90,1,74.06
58441,25340,2025-03-07,2907,Réseaux,22,1,52.43
58442,25340,2025-03-07,2907,Réseaux,27,1,108.05
58443,25340,2025-03-07,2907,Réseaux,13,1,55.52
58444,25340,2025-03-07,2907,Réseaux,74,1,21.53
58445,25341,2025-03-07,4011,Site,56,1,99.81
58446,25342,2025-03-07,1193,Boutique,100,1,22.56
58447,25342,2025-03-07,1193,Boutique,21,2,26.58
58448,25342,2025-03-07,1193,Boutique,2,1,40.07
58449,25343,2025-03-07,941,Site,19,1,30.8
58450,25344,2025-03-07,1072,Site,2,1,40.07
58451,25344,2025-03-07,1072,Site,13,1,55.52
58452,25345,2025-03-07,5452,Site,106,1,40.7
58453,25346,2025-03-07,3762,Boutique,106,1,45.22
58454,25346,2025-03-07,3762,Boutique,70,1,14.32
58455,25346,2025-03-07,3762,Boutique,21,1,13.29
58456,25346,2025-03-07,3762,Boutique,22,1,52.43
58457,25347,2025-03-07,393,Site,61,1,11.23
58458,25348,2025-03-07,2651,Boutique,20,1,287.4
58459,25348,2025-03-07,2651,Boutique,45,1,66.85
58460,25349,2025-03-07,2805,Site,74,1,21.53
58461,25349,2025-03-07,2805,Site,102,1,20.5
58462,25350,2025-03-07,4915,Boutique,6,1,44.19
58463,25350,2025-03-07,4915,Boutique,59,1,12.26
58464,25351,2025-03-07,5030,Boutique,71,1,21.53
58465,25351,2025-03-07,5030,Boutique,105,1,17.41
58466,25351,2025-03-07,5030,Boutique,21,1,13.29
58467,25352,2025-03-07,1458,Boutique,85,2,22.46
58468,25353,2025-03-07,5319,Boutique,26,1,64.79
58469,25353,2025-03-07,5319,Boutique,41,1,29.77
58470,25353,2025-03-07,5319,Boutique,71,1,21.53
58471,25354,2025-03-08,3437,Boutique,56,1,99.81
58472,25354,2025-03-08,3437,Boutique,2,1,40.07
58473,25355,2025-03-08,124,Boutique,26,2,129.58
58474,25355,2025-03-08,124,Boutique,82,1,79.21
58475,25355,2025-03-08,124,Boutique,32,1,24.62
58476,25355,2025-03-08,124,Boutique,112,1,26.68
58477,25356,2025-03-08,4235,Boutique,39,1,66.85
58478,25357,2025-03-08,2605,Boutique,11,1,59.64
58479,25357,2025-03-08,2605,Boutique,51,1,17.41
58480,25357,2025-03-08,2605,Boutique,104,1,32.86
58481,25358,2025-03-08,607,Boutique,13,1,55.52
58482,25358,2025-03-08,607,Boutique,32,1,24.62
58483,25359,2025-03-08,1980,Site,117,1,12.26
58484,25359,2025-03-08,1980,Site,57,1,17.41
58485,25360,2025-03-08,1292,Site,63,1,4.02
58486,25360,2025-03-08,1292,Site,90,2,148.12
58487,25360,2025-03-08,1292,Site,71,1,21.53
58488,25361,2025-03-08,2394,Site,32,1,23.39
58489,25361,2025-03-08,2394,Site,73,1,4.8
58490,25361,2025-03-08,2394,Site,87,1,115.37
58491,25362,2025-03-08,3931,Site,78,1,7.11
58492,25362,2025-03-08,3931,Site,47,1,34.92
58493,25363,2025-03-08,1226,Site,6,1,44.19
58494,25363,2025-03-08,1226,Site,44,1,22.56
58495,25363,2025-03-08,1226,Site,103,1,29.77
58496,25364,2025-03-08,4770,Boutique,41,1,29.77
58497,25364,2025-03-08,4770,Boutique,10,2,102.8
58498,25365,2025-03-08,2722,Boutique,6,2,88.38
58499,25365,2025-03-08,2722,Boutique,105,1,17.41
58500,25366,2025-03-08,2769,Boutique,46,1,33.89
58501,25366,2025-03-08,2769,Boutique,36,1,68.91
58502,25366,2025-03-08,2769,Boutique,1,1,44.19
58503,25367,2025-03-08,1462,Boutique,41,4,119.08
58504,25367,2025-03-08,1462,Boutique,35,1,16.38
58505,25367,2025-03-08,1462,Boutique,24,1,34.92
58506,25368,2025-03-08,2241,Site,3,1,39.04
58507,25368,2025-03-08,2241,Site,116,1,70.97
58508,25369,2025-03-08,4914,Boutique,35,1,16.38
58509,25369,2025-03-08,4914,Boutique,3,1,39.04
58510,25369,2025-03-08,4914,Boutique,4,1,40.07
58511,25370,2025-03-08,2632,Site,10,2,102.8
58512,25371,2025-03-08,1432,Boutique,63,1,4.02
58513,25371,2025-03-08,1432,Boutique,83,1,76.12
58514,25371,2025-03-08,1432,Boutique,16,1,10.2
58515,25372,2025-03-08,5384,Boutique,101,1,19.47
58516,25372,2025-03-08,5384,Boutique,118,1,12.26
58517,25372,2025-03-08,5384,Boutique,14,1,41.1
58518,25372,2025-03-08,5384,Boutique,42,2,59.54
58519,25373,2025-03-08,5336,Site,56,1,99.81
58520,25373,2025-03-08,5336,Site,33,1,130.71
58521,25373,2025-03-08,5336,Site,22,1,52.43
58522,25373,2025-03-08,5336,Site,44,1,22.56
58523,25373,2025-03-08,5336,Site,103,1,29.77
58524,25373,2025-03-08,5336,Site,91,1,89.51
58525,25374,2025-03-08,2944,Site,89,2,130.93
58526,25375,2025-03-08,3729,Réseaux,39,1,66.85
58527,25376,2025-03-08,1198,Site,5,1,52.43
58528,25376,2025-03-08,1198,Site,60,1,31.83
58529,25377,2025-03-08,5110,Boutique,5,1,49.81
58530,25377,2025-03-08,5110,Boutique,78,1,6.75
58531,25377,2025-03-08,5110,Boutique,27,1,102.65
58532,25377,2025-03-08,5110,Boutique,21,1,12.63
58533,25378,2025-03-08,3636,Boutique,42,1,29.77
58534,25378,2025-03-08,3636,Boutique,14,1,41.1
58535,25379,2025-03-08,2577,Site,13,3,166.56
58536,25379,2025-03-08,2577,Site,23,1,20.5
58537,25379,2025-03-08,2577,Site,65,1,18.44
58538,25379,2025-03-08,2577,Site,46,1,33.89
58539,25380,2025-03-08,1787,Boutique,7,1,17.41
58540,25380,2025-03-08,1787,Boutique,41,2,59.54
58541,25381,2025-03-08,3776,Site,42,1,29.77
900014,25182,2025-03-01,90014,Boutique,53,1,20.5
58542,25381,2025-03-08,3776,Site,105,1,17.41
58543,25381,2025-03-08,3776,Site,40,1,77.15
58544,25381,2025-03-08,3776,Site,67,2,5.98
58545,25382,2025-03-08,2722,Boutique,28,1,47.85
58546,25383,2025-03-08,5460,Site,71,1,19.38
58547,25383,2025-03-08,5460,Site,50,1,65.73
58548,25384,2025-03-08,2038,Boutique,108,1,46.25
58549,25385,2025-03-08,4881,Site,53,1,20.5
58550,25385,2025-03-08,4881,Site,82,1,79.21
58551,25385,2025-03-08,4881,Site,31,1,22.56
58552,25386,2025-03-08,5237,Boutique,7,1,17.41
58553,25386,2025-03-08,5237,Boutique,22,1,52.43
58554,25387,2025-03-08,2695,Boutique,64,1,10.2
58555,25387,2025-03-08,2695,Boutique,70,1,14.32
58556,25388,2025-03-08,2555,Site,64,1,10.2
58557,25388,2025-03-08,2555,Site,25,1,26.68
58558,25388,2025-03-08,2555,Site,6,1,44.19
58559,25389,2025-03-08,2773,Site,17,2,32.76
58560,25389,2025-03-08,2773,Site,1,1,44.19
58561,25389,2025-03-08,2773,Site,71,2,43.06
58562,25389,2025-03-08,2773,Site,78,2,14.22
58563,25389,2025-03-08,2773,Site,15,1,12.26
58564,25389,2025-03-08,2773,Site,44,1,22.56
58565,25389,2025-03-08,2773,Site,33,1,130.71
58566,25390,2025-03-08,2327,Réseaux,73,1,5.05
58567,25390,2025-03-08,2327,Réseaux,37,1,38.01
58568,25391,2025-03-08,1867,Boutique,81,1,16.38
58569,25391,2025-03-08,1867,Boutique,81,1,16.38
58570,25391,2025-03-08,1867,Boutique,21,1,13.29
58571,25392,2025-03-08,950,Boutique,51,1,17.41
58572,25393,2025-03-08,5301,Site,45,1,66.85
58573,25393,2025-03-08,5301,Site,111,1,10.2
58574,25394,2025-03-08,2722,Site,101,1,19.47
58575,25395,2025-03-08,4938,Site,21,1,13.29
58576,25396,2025-03-08,5037,Site,22,1,52.43
58577,25397,2025-03-08,3856,Boutique,22,1,52.43
58578,25398,2025-03-08,5420,Réseaux,34,1,109.08
58579,25398,2025-03-08,5420,Réseaux,3,2,78.08
58580,25398,2025-03-08,5420,Réseaux,2,1,40.07
58581,25398,2025-03-08,5420,Réseaux,24,1,34.92
58582,25399,2025-03-08,1135,Site,43,1,24.62
58583,25399,2025-03-08,1135,Site,61,1,11.23
58584,25399,2025-03-08,1135,Site,74,4,86.12
58585,25399,2025-03-08,1135,Site,64,1,10.2
58586,25400,2025-03-08,3658,Réseaux,34,1,109.08
58587,25400,2025-03-08,3658,Réseaux,4,1,40.07
58588,25400,2025-03-08,3658,Réseaux,35,2,32.76
58589,25401,2025-03-08,3617,Boutique,66,1,9.17
58590,25401,2025-03-08,3617,Boutique,104,1,32.86
58591,25402,2025-03-08,1297,Boutique,93,1,51.4
58592,25402,2025-03-08,1297,Boutique,43,1,24.62
58593,25403,2025-03-08,4360,Boutique,41,1,29.77
58594,25404,2025-03-09,2962,Boutique,82,1,79.21
58595,25404,2025-03-09,2962,Boutique,96,1,12.26
58596,25405,2025-03-09,2005,Boutique,105,1,17.41
58597,25405,2025-03-09,2005,Boutique,22,1,52.43
58598,25405,2025-03-09,2005,Boutique,65,1,18.44
58599,25405,2025-03-09,2005,Boutique,37,2,76.02
58600,25405,2025-03-09,2005,Boutique,113,1,10.2
58601,25406,2025-03-09,1916,Boutique,3,1,39.04
58602,25406,2025-03-09,1916,Boutique,41,2,59.54
58603,25407,2025-03-09,1654,Site,95,1,24.62
58604,25407,2025-03-09,1654,Site,5,1,52.43
58605,25407,2025-03-09,1654,Site,9,3,132.57
58606,25408,2025-03-09,278,Site,66,2,18.34
58607,25408,2025-03-09,278,Site,22,1,52.43
58608,25409,2025-03-09,3717,Réseaux,11,1,59.64
58609,25410,2025-03-09,499,Boutique,9,2,88.38
58610,25410,2025-03-09,499,Boutique,51,1,17.41
58611,25410,2025-03-09,499,Boutique,102,2,41.0
58612,25411,2025-03-09,2495,Site,103,1,29.77
58613,25411,2025-03-09,2495,Site,65,3,55.32
58614,25411,2025-03-09,2495,Site,74,1,21.53
58615,25411,2025-03-09,2495,Site,42,1,29.77
58616,25412,2025-03-09,910,Boutique,51,3,52.23
58617,25412,2025-03-09,910,Boutique,109,1,28.74
58618,25413,2025-03-09,2546,Boutique,6,1,44.19
58619,25413,2025-03-09,2546,Boutique,41,2,59.54
58620,25413,2025-03-09,2546,Boutique,42,1,29.77
58621,25414,2025-03-09,2433,Boutique,61,1,11.23
58622,25415,2025-03-09,4922,Boutique,59,1,12.26
58623,25415,2025-03-09,4922,Boutique,4,1,40.07
58624,25415,2025-03-09,4922,Boutique,1,3,132.57
58625,25415,2025-03-09,4922,Boutique,47,2,69.84
58626,25416,2025-03-09,2818,Boutique,61,1,10.67
58627,25416,2025-03-09,2818,Boutique,7,1,16.54
58628,25417,2025-03-09,1005,Boutique,42,1,29.77
58629,25417,2025-03-09,1005,Boutique,21,1,13.29
58630,25418,2025-03-09,386,Boutique,4,1,40.07
58631,25419,2025-03-09,3075,Boutique,4,1,40.07
58632,25420,2025-03-09,2180,Boutique,115,1,51.4
58633,25420,2025-03-09,2180,Boutique,5,1,52.43
58634,25420,2025-03-09,2180,Boutique,106,1,45.22
58635,25421,2025-03-09,4891,Site,41,1,29.77
58636,25421,2025-03-09,4891,Site,93,4,205.6
58637,25422,2025-03-09,2389,Site,102,1,20.5
58638,25422,2025-03-09,2389,Site,93,1,51.4
58639,25423,2025-03-09,1134,Site,19,1,30.8
58640,25423,2025-03-09,1134,Site,8,3,107.85
58641,25423,2025-03-09,1134,Site,81,1,16.38
58642,25424,2025-03-09,4914,Site,43,1,23.39
58643,25424,2025-03-09,4914,Site,2,1,38.07
58644,25425,2025-03-10,3754,Boutique,106,1,45.22
58645,25425,2025-03-10,3754,Boutique,8,1,35.95
58646,25426,2025-03-10,4976,Réseaux,21,2,26.58
58647,25426,2025-03-10,4976,Réseaux,46,1,33.89
58648,25426,2025-03-10,4976,Réseaux,70,1,14.32
58649,25426,2025-03-10,4976,Réseaux,106,1,45.22
58650,25427,2025-03-16,5505,Boutique,65,1,18.44
58651,25427,2025-03-16,5505,Boutique,41,1,29.77
58652,25427,2025-03-16,5505,Boutique,4,1,40.07
58653,25428,2025-03-10,2798,Boutique,111,1,10.2
58654,25428,2025-03-10,2798,Boutique,60,1,31.83
58655,25428,2025-03-10,2798,Boutique,12,1,39.04
58656,25428,2025-03-10,2798,Boutique,63,1,4.02
58657,25428,2025-03-10,2798,Boutique,31,1,22.56
58658,25429,2025-03-10,2644,Site,30,1,52.43
58659,25430,2025-03-10,2789,Boutique,29,1,57.58
58660,25430,2025-03-10,2789,Boutique,22,1,52.43
58661,25431,2025-03-10,3163,Site,61,1,11.23
58662,25431,2025-03-10,3163,Site,62,2,5.98
58663,25432,2025-03-10,5470,Boutique,22,1,47.19
58664,25432,2025-03-10,5470,Boutique,64,1,9.18
58665,25433,2025-03-10,3659,Boutique,85,1,11.23
58666,25433,2025-03-10,3659,Boutique,33,1,130.71
58667,25434,2025-03-10,3888,Site,91,2,179.02
58668,25435,2025-03-10,901,Boutique,37,3,108.33
58669,25435,2025-03-10,901,Boutique,60,1,30.24
58670,25435,2025-03-10,901,Boutique,9,1,41.98
58671,25435,2025-03-10,901,Boutique,22,4,199.23
58672,25436,2025-03-10,4576,Boutique,70,1,14.32
58673,25436,2025-03-10,4576,Boutique,5,1,52.43
58674,25436,2025-03-10,4576,Boutique,13,1,55.52
58675,25437,2025-03-10,3906,Boutique,45,1,66.85
58676,25438,2025-03-10,3802,Boutique,27,1,108.05
58677,25438,2025-03-10,3802,Boutique,76,1,18.44
58678,25438,2025-03-10,3802,Boutique,99,1,63.76
58679,25438,2025-03-10,3802,Boutique,23,1,20.5
58680,25438,2025-03-10,3802,Boutique,115,1,51.4
58681,25439,2025-03-10,3770,Site,36,1,68.91
58682,25439,2025-03-10,3770,Site,41,1,29.77
58683,25440,2025-03-10,5030,Site,21,1,13.29
58684,25440,2025-03-10,5030,Site,36,1,68.91
58685,25441,2025-03-10,2426,Site,26,1,64.79
58686,25441,2025-03-10,2426,Site,50,2,146.06
58687,25441,2025-03-10,2426,Site,94,1,39.04
58688,25442,2025-03-10,1432,Boutique,34,2,218.16
58689,25442,2025-03-10,1432,Boutique,43,1,24.62
58690,25443,2025-03-10,3927,Boutique,21,1,13.29
58691,25443,2025-03-10,3927,Boutique,42,1,29.77
58692,25443,2025-03-10,3927,Boutique,118,1,12.26
58693,25443,2025-03-10,3927,Boutique,63,1,4.02
58694,25444,2025-03-10,3695,Site,20,1,28.74
58695,25444,2025-03-10,3695,Site,103,2,59.54
58696,25445,2025-03-11,2833,Boutique,72,1,2.99
58697,25446,2025-03-11,2662,Boutique,24,1,34.92
58698,25447,2025-03-11,4153,Boutique,12,1,39.04
58699,25447,2025-03-11,4153,Boutique,33,1,130.71
58700,25447,2025-03-11,4153,Boutique,1,1,44.19
58701,25447,2025-03-11,4153,Boutique,109,1,28.74
58702,25447,2025-03-11,4153,Boutique,42,1,29.77
58703,25448,2025-03-11,487,Boutique,3,1,39.04
58704,25449,2025-03-11,560,Boutique,113,1,10.2
58705,25450,2025-03-11,4563,Boutique,104,1,32.86
58706,25450,2025-03-11,4563,Boutique,26,1,64.79
58707,25451,2025-03-11,1994,Boutique,21,1,13.29
58708,25451,2025-03-11,1994,Boutique,108,1,46.25
58709,25451,2025-03-11,1994,Boutique,102,1,20.5
58710,25452,2025-03-11,4804,Site,54,1,56.55
58711,25452,2025-03-11,4804,Site,30,1,52.43
58712,25453,2025-03-11,2817,Site,89,1,68.91
58713,25454,2025-03-11,5494,Boutique,95,1,24.62
58714,25454,2025-03-11,5494,Boutique,118,1,12.26
58715,25454,2025-03-11,5494,Boutique,48,3,86.22
58716,25455,2025-03-11,346,Réseaux,102,2,41.0
58717,25455,2025-03-11,346,Réseaux,14,1,41.1
58718,25456,2025-03-11,2204,Boutique,63,1,4.02
58719,25456,2025-03-11,2204,Boutique,106,1,45.22
58720,25457,2025-03-11,3612,Boutique,65,1,18.44
58721,25457,2025-03-11,3612,Boutique,23,1,20.5
58722,25458,2025-03-11,1715,Site,24,1,34.92
58723,25459,2025-03-11,3340,Réseaux,24,1,34.92
58724,25459,2025-03-11,3340,Réseaux,92,1,12.26
58725,25459,2025-03-11,3340,Réseaux,58,1,36.98
58726,25460,2025-03-11,5154,Boutique,24,1,34.92
58727,25460,2025-03-11,5154,Boutique,84,1,22.56
58728,25460,2025-03-11,5154,Boutique,37,1,38.01
58729,25460,2025-03-11,5154,Boutique,17,1,16.38
58730,25461,2025-03-11,2883,Site,43,1,24.62
58731,25461,2025-03-11,2883,Site,16,1,10.2
58732,25462,2025-03-11,2720,Boutique,12,1,39.04
58733,25463,2025-03-11,1072,Boutique,77,1,22.56
58734,25463,2025-03-11,1072,Boutique,21,1,13.29
58735,25463,2025-03-11,1072,Boutique,55,1,65.82
58736,25464,2025-03-11,3070,Boutique,8,1,35.95
58737,25465,2025-03-11,4227,Boutique,23,1,20.5
58738,25466,2025-03-11,5412,Site,44,1,22.56
58739,25467,2025-03-11,1042,Site,7,1,17.41
58740,25467,2025-03-11,1042,Site,5,1,52.43
58741,25467,2025-03-11,1042,Site,95,2,49.24
58742,25468,2025-03-11,3009,Boutique,82,1,79.21
58743,25469,2025-03-11,1256,Site,78,1,7.11
58744,25469,2025-03-11,1256,Site,3,3,117.12
58745,25469,2025-03-11,1256,Site,27,1,108.05
58746,25470,2025-03-12,195,Boutique,59,3,34.94
58747,25470,2025-03-12,195,Boutique,4,1,38.07
58748,25470,2025-03-12,195,Boutique,23,1,19.47
58749,25471,2025-03-12,3471,Site,63,1,4.02
58750,25471,2025-03-12,3471,Site,23,1,20.5
58751,25471,2025-03-12,3471,Site,23,3,61.5
58752,25472,2025-03-12,5449,Boutique,71,1,19.38
58753,25472,2025-03-12,5449,Boutique,102,2,36.9
58754,25472,2025-03-12,5449,Boutique,119,1,52.75
58755,25472,2025-03-12,5449,Boutique,46,1,30.5
58756,25473,2025-03-12,835,Site,36,1,68.91
58757,25474,2025-03-12,3404,Boutique,107,1,15.35
58758,25474,2025-03-12,3404,Boutique,49,4,123.2
58759,25475,2025-03-12,3419,Site,6,2,88.38
58760,25476,2025-03-12,2204,Site,33,1,130.71
58761,25476,2025-03-12,2204,Site,109,1,28.74
58762,25477,2025-03-12,4876,Site,28,1,50.37
58763,25478,2025-03-12,1196,Boutique,19,1,30.8
58764,25478,2025-03-12,1196,Boutique,15,2,24.52
58765,25478,2025-03-12,1196,Boutique,64,1,10.2
58766,25478,2025-03-12,1196,Boutique,89,1,68.91
58767,25479,2025-03-12,4876,Site,3,1,39.04
58768,25479,2025-03-12,4876,Site,41,1,29.77
58769,25479,2025-03-12,4876,Site,61,1,11.23
58770,25479,2025-03-12,4876,Site,111,1,10.2
58771,25479,2025-03-12,4876,Site,45,1,66.85
58772,25480,2025-03-12,1880,Site,10,2,102.8
58773,25481,2025-03-12,2692,Réseaux,60,2,63.66
58774,25481,2025-03-12,2692,Réseaux,84,2,45.12
58775,25482,2025-03-12,596,Boutique,92,1,12.26
58776,25482,2025-03-12,596,Boutique,63,1,4.02
58777,25482,2025-03-12,596,Boutique,115,1,51.4
58778,25483,2025-03-12,469,Site,17,1,16.38
58779,25483,2025-03-12,469,Site,42,1,29.77
58780,25484,2025-03-12,1478,Site,26,1,64.79
58781,25484,2025-03-12,1478,Site,63,1,4.02
58782,25484,2025-03-12,1478,Site,1,1,44.19
58783,25484,2025-03-12,1478,Site,2,1,40.07
58784,25484,2025-03-12,1478,Site,45,1,66.85
58785,25485,2025-03-12,2772,Site,22,1,52.43
58786,25485,2025-03-12,2772,Site,14,2,82.2
58787,25485,2025-03-12,2772,Site,8,1,35.95
58788,25486,2025-03-12,4770,Boutique,30,2,104.86
58789,25487,2025-03-12,1729,Site,47,1,34.92
58790,25487,2025-03-12,1729,Site,48,2,57.48
58791,25487,2025-03-12,1729,Site,96,3,36.78
58792,25487,2025-03-12,1729,Site,105,1,17.41
58793,25488,2025-03-12,4861,Site,4,1,40.07
58794,25489,2025-03-12,527,Boutique,48,1,28.74
58795,25489,2025-03-12,527,Boutique,117,1,12.26
58796,25489,2025-03-12,527,Boutique,52,1,50.37
58797,25490,2025-03-12,3098,Boutique,8,1,35.95
58798,25490,2025-03-12,3098,Boutique,8,4,143.8
58799,25491,2025-03-12,5181,Site,32,1,24.62
58800,25491,2025-03-12,5181,Site,23,1,20.5
58801,25491,2025-03-12,5181,Site,20,1,28.74
58802,25492,2025-03-12,782,Site,104,1,32.86
58803,25492,2025-03-12,782,Site,91,1,89.51
58804,25493,2025-03-12,2882,Site,24,1,34.92
58805,25493,2025-03-12,2882,Site,9,1,44.19
58806,25493,2025-03-12,2882,Site,22,1,52.43
58807,25493,2025-03-12,2882,Site,8,2,71.9
58808,25494,2025-03-12,2136,Site,42,1,28.28
58809,25494,2025-03-12,2136,Site,41,1,28.28
58810,25494,2025-03-12,2136,Site,43,1,23.39
58811,25495,2025-03-13,3290,Site,41,3,89.31
58812,25495,2025-03-13,3290,Site,35,1,16.38
58813,25495,2025-03-13,3290,Site,102,4,82.0
58814,25496,2025-03-13,3823,Site,58,1,36.98
58815,25497,2025-03-13,3761,Site,23,1,20.5
58816,25497,2025-03-13,3761,Site,27,1,108.05
58817,25498,2025-03-13,3373,Site,41,1,29.77
58818,25498,2025-03-13,3373,Site,28,1,50.37
58819,25499,2025-03-13,3968,Boutique,67,1,2.99
58820,25499,2025-03-13,3968,Boutique,33,1,130.71
58821,25500,2025-03-13,4438,Site,28,2,100.74
58822,25500,2025-03-13,4438,Site,104,1,32.86
58823,25500,2025-03-13,4438,Site,75,1,7.11
58824,25500,2025-03-13,4438,Site,11,1,59.64
58825,25501,2025-03-13,2800,Boutique,63,1,4.02
58826,25502,2025-03-13,2433,Réseaux,106,1,42.96
58827,25503,2025-03-13,970,Boutique,26,1,64.79
58828,25503,2025-03-13,970,Boutique,67,1,2.99
58829,25503,2025-03-13,970,Boutique,7,2,34.82
58830,25503,2025-03-13,970,Boutique,22,2,104.86
58831,25503,2025-03-13,970,Boutique,17,1,16.38
58832,25503,2025-03-13,970,Boutique,105,1,17.41
58833,25503,2025-03-13,970,Boutique,25,1,26.68
58834,25504,2025-03-13,3320,Réseaux,47,1,34.92
58835,25504,2025-03-13,3320,Réseaux,104,1,32.86
58836,25505,2025-03-13,4914,Boutique,15,1,12.26
58837,25505,2025-03-13,4914,Boutique,7,1,17.41
58838,25506,2025-03-13,1898,Boutique,64,2,20.4
58839,25507,2025-03-13,3896,Boutique,112,1,26.68
58840,25508,2025-03-13,3082,Boutique,101,1,19.47
58841,25508,2025-03-13,3082,Boutique,6,2,88.38
58842,25509,2025-03-13,5476,Boutique,29,1,57.58
58843,25509,2025-03-13,5476,Boutique,49,1,30.8
58844,25510,2025-03-13,4235,Site,72,3,8.97
58845,25510,2025-03-13,4235,Site,68,1,21.53
58846,25511,2025-03-13,884,Boutique,102,2,41.0
58847,25511,2025-03-13,884,Boutique,23,1,20.5
58848,25512,2025-03-13,4253,Boutique,45,1,66.85
58849,25513,2025-03-13,4751,Boutique,11,1,59.64
58850,25513,2025-03-13,4751,Boutique,69,1,8.14
58851,25514,2025-03-14,857,Boutique,102,1,20.5
58852,25514,2025-03-14,857,Boutique,31,1,22.56
58853,25515,2025-03-14,2966,Boutique,54,1,56.55
58854,25515,2025-03-14,2966,Boutique,16,1,10.2
58855,25515,2025-03-14,2966,Boutique,26,2,129.58
58856,25516,2025-03-14,2955,Site,81,1,16.38
58857,25516,2025-03-14,2955,Site,1,1,44.19
58858,25517,2025-03-14,5250,Site,47,1,33.17
58859,25517,2025-03-14,5250,Site,21,4,50.5
58860,25517,2025-03-14,5250,Site,22,1,49.81
58861,25518,2025-03-14,5008,Boutique,84,1,22.56
58862,25518,2025-03-14,5008,Boutique,103,1,29.77
58863,25518,2025-03-14,5008,Boutique,74,1,21.53
58864,25519,2025-03-14,4261,Site,1,1,44.19
58865,25519,2025-03-14,4261,Site,45,1,66.85
58866,25519,2025-03-14,4261,Site,43,1,24.62
58867,25520,2025-03-14,3455,Boutique,38,1,32.86
58868,25520,2025-03-14,3455,Boutique,27,1,108.05
58869,25520,2025-03-14,3455,Boutique,4,1,40.07
58870,25521,2025-03-14,879,Boutique,101,1,19.47
58871,25521,2025-03-14,879,Boutique,13,2,111.04
58872,25521,2025-03-14,879,Boutique,61,1,11.23
58873,25522,2025-03-14,2957,Site,32,1,24.62
58874,25522,2025-03-14,2957,Site,21,1,13.29
58875,25522,2025-03-14,2957,Site,36,1,68.91
58876,25522,2025-03-14,2957,Site,21,1,13.29
58877,25523,2025-03-14,3987,Boutique,31,1,22.56
58878,25523,2025-03-14,3987,Boutique,32,1,24.62
58879,25523,2025-03-14,3987,Boutique,88,2,43.06
58880,25523,2025-03-14,3987,Boutique,66,1,9.17
58881,25523,2025-03-14,3987,Boutique,108,1,46.25
58882,25524,2025-03-14,5122,Boutique,77,1,22.56
58883,25524,2025-03-14,5122,Boutique,47,1,34.92
58884,25525,2025-03-14,4404,Site,21,1,13.29
58885,25525,2025-03-14,4404,Site,6,2,88.38
58886,25526,2025-03-14,2423,Boutique,16,1,10.2
58887,25527,2025-03-14,90,Site,62,1,2.99
58888,25528,2025-03-14,4582,Réseaux,25,1,26.68
58889,25529,2025-03-14,3737,Boutique,8,1,35.95
58890,25529,2025-03-14,3737,Boutique,27,1,108.05
58891,25530,2025-03-14,3871,Réseaux,100,1,22.56
58892,25530,2025-03-14,3871,Réseaux,105,1,17.41
58893,25530,2025-03-14,3871,Réseaux,26,1,64.79
58894,25530,2025-03-14,3871,Réseaux,64,1,10.2
58895,25530,2025-03-14,3871,Réseaux,42,1,29.77
58896,25531,2025-03-14,3722,Boutique,45,1,63.51
58897,25531,2025-03-14,3722,Boutique,29,1,54.7
58898,25531,2025-03-14,3722,Boutique,46,4,128.78
58899,25531,2025-03-14,3722,Boutique,59,1,116.5
58900,25532,2025-03-14,5266,Boutique,55,1,65.82
58901,25533,2025-03-14,4436,Site,38,1,32.86
58902,25533,2025-03-14,4436,Site,60,1,31.83
58903,25533,2025-03-14,4436,Site,31,1,22.56
58904,25534,2025-03-14,4510,Site,53,3,58.42
58905,25534,2025-03-14,4510,Site,53,1,19.47
58906,25534,2025-03-14,4510,Site,81,1,15.56
58907,25535,2025-03-14,3428,Site,12,1,39.04
58908,25536,2025-03-14,329,Site,42,1,29.77
58909,25537,2025-03-14,2297,Site,115,1,48.83
58910,25537,2025-03-14,2297,Site,95,1,23.39
58911,25538,2025-03-14,5151,Site,20,1,28.74
58912,25538,2025-03-14,5151,Site,41,1,29.77
58913,25538,2025-03-14,5151,Site,1,1,44.19
58914,25538,2025-03-14,5151,Site,107,1,15.35
58915,25539,2025-03-14,5057,Boutique,52,1,50.37
58916,25540,2025-03-14,4738,Réseaux,43,1,24.62
58917,25540,2025-03-14,4738,Réseaux,100,1,22.56
58918,25541,2025-03-14,2099,Site,89,2,137.82
58919,25541,2025-03-14,2099,Site,64,1,10.2
58920,25541,2025-03-14,2099,Site,62,3,8.97
58921,25541,2025-03-14,2099,Site,64,1,10.2
58922,25541,2025-03-14,2099,Site,63,1,4.02
58923,25542,2025-03-14,4713,Boutique,8,1,35.95
58924,25542,2025-03-14,4713,Boutique,24,1,34.92
58925,25542,2025-03-14,4713,Boutique,56,2,1996.2
58926,25543,2025-03-14,4424,Site,46,1,33.89
58927,25544,2025-03-14,2533,Site,66,1,9.17
58928,25545,2025-03-14,4162,Boutique,23,1,20.5
58929,25545,2025-03-14,4162,Boutique,101,1,19.47
58930,25546,2025-03-14,4776,Réseaux,52,1,50.37
58931,25547,2025-03-14,4940,Boutique,41,1,29.77
58932,25548,2025-03-14,97,Boutique,32,3,73.86
58933,25549,2025-03-14,704,Boutique,68,2,43.06
58934,25549,2025-03-14,704,Boutique,8,1,35.95
58935,25549,2025-03-14,704,Boutique,31,1,22.56
58936,25550,2025-03-15,1172,Site,71,1,21.53
58937,25551,2025-03-15,3132,Boutique,61,1,10.67
58938,25552,2025-03-15,1278,Boutique,7,1,17.41
58939,25552,2025-03-15,1278,Boutique,9,1,44.19
58940,25552,2025-03-15,1278,Boutique,9,1,44.19
58941,25553,2025-03-15,4743,Boutique,101,1,19.47
58942,25553,2025-03-15,4743,Boutique,102,1,20.5
58943,25553,2025-03-15,4743,Boutique,101,1,19.47
58944,25554,2025-03-15,1270,Réseaux,60,1,31.83
58945,25554,2025-03-15,1270,Réseaux,89,1,68.91
58946,25554,2025-03-15,1270,Réseaux,28,2,100.74
58947,25554,2025-03-15,1270,Réseaux,120,1,12.26
58948,25555,2025-03-15,790,Boutique,8,3,107.85
58949,25555,2025-03-15,790,Boutique,63,1,4.02
58950,25555,2025-03-15,790,Boutique,70,1,14.32
58951,25555,2025-03-15,790,Boutique,11,1,59.64
58952,25555,2025-03-15,790,Boutique,42,1,29.77
58953,25555,2025-03-15,790,Boutique,90,1,74.06
58954,25556,2025-03-15,4898,Boutique,64,1,10.2
58955,25557,2025-03-15,5253,Site,8,1,35.95
58956,25557,2025-03-15,5253,Site,64,2,20.4
58957,25558,2025-03-15,1231,Boutique,24,1,34.92
58958,25558,2025-03-15,1231,Boutique,8,1,35.95
58959,25558,2025-03-15,1231,Boutique,70,1,14.32
58960,25558,2025-03-15,1231,Boutique,32,2,49.24
58961,25559,2025-03-15,2699,Boutique,66,1,8.71
58962,25559,2025-03-15,2699,Boutique,86,2,299.23
58963,25559,2025-03-15,2699,Boutique,45,1,63.51
58964,25560,2025-03-15,3786,Site,1,1,44.19
58965,25561,2025-03-15,5436,Boutique,114,1,19.47
58966,25561,2025-03-15,5436,Boutique,62,1,2.99
58967,25561,2025-03-15,5436,Boutique,54,1,56.55
58968,25561,2025-03-15,5436,Boutique,90,1,74.06
58969,25562,2025-03-15,2386,Boutique,10,1,51.4
58970,25562,2025-03-15,2386,Boutique,72,1,2.99
58971,25562,2025-03-15,2386,Boutique,64,1,10.2
58972,25563,2025-03-15,5349,Site,63,1,4.02
58973,25563,2025-03-15,5349,Site,87,1,121.44
58974,25564,2025-03-15,3691,Boutique,66,1,9.17
58975,25564,2025-03-15,3691,Boutique,32,1,24.62
58976,25564,2025-03-15,3691,Boutique,78,1,7.11
58977,25565,2025-03-15,2175,Boutique,67,1,2.99
58978,25565,2025-03-15,2175,Boutique,37,1,38.01
58979,25566,2025-03-15,1176,Site,7,1,16.54
58980,25566,2025-03-15,1176,Site,11,1,56.66
58981,25567,2025-03-15,3307,Boutique,53,2,41.0
58982,25568,2025-03-15,4175,Site,108,1,46.25
58983,25568,2025-03-15,4175,Site,63,1,4.02
58984,25569,2025-03-15,3553,Site,86,1,149.62
58985,25569,2025-03-15,3553,Site,41,1,28.28
58986,25569,2025-03-15,3553,Site,84,1,21.43
58987,25570,2025-03-15,2326,Boutique,43,2,49.24
58988,25570,2025-03-15,2326,Boutique,68,3,64.59
58989,25570,2025-03-15,2326,Boutique,101,1,19.47
58990,25571,2025-03-15,1838,Boutique,28,1,50.37
58991,25572,2025-03-15,4060,Réseaux,21,1,12.63
58992,25573,2025-03-15,441,Boutique,12,1,39.04
58993,25573,2025-03-15,441,Boutique,32,1,24.62
58994,25573,2025-03-15,441,Boutique,42,1,297.7
58995,25573,2025-03-15,441,Boutique,101,1,19.47
58996,25574,2025-03-15,5095,Site,113,1,10.2
58997,25574,2025-03-15,5095,Site,62,2,5.98
58998,25574,2025-03-15,5095,Site,27,1,108.05
58999,25574,2025-03-15,5095,Site,52,1,50.37
59000,25575,2025-03-15,4041,Site,26,2,123.1
59001,25575,2025-03-15,4041,Site,33,1,124.17
59002,25576,2025-03-15,4154,Site,101,1,19.47
59003,25576,2025-03-15,4154,Site,33,1,130.71
59004,25576,2025-03-15,4154,Site,48,1,28.74
59005,25577,2025-03-15,3139,Réseaux,77,1,22.56
59006,25577,2025-03-15,3139,Réseaux,73,1,5.05
59007,25578,2025-03-15,303,Réseaux,39,1,66.85
59008,25579,2025-03-15,422,Réseaux,31,1,22.56
59009,25580,2025-03-15,2777,Site,116,1,70.97
59010,25580,2025-03-15,2777,Site,41,1,29.77
59011,25580,2025-03-15,2777,Site,33,1,130.71
59012,25580,2025-03-15,2777,Site,47,1,34.92
59013,25581,2025-03-15,377,Boutique,9,1,44.19
59014,25581,2025-03-15,377,Boutique,31,1,22.56
59015,25581,2025-03-15,377,Boutique,37,1,38.01
59016,25582,2025-03-15,995,Site,61,2,22.46
59017,25582,2025-03-15,995,Site,80,2,38.94
59018,25582,2025-03-15,995,Site,68,1,21.53
59019,25583,2025-03-15,3984,Site,28,1,50.37
59020,25583,2025-03-15,3984,Site,45,1,66.85
59021,25583,2025-03-15,3984,Site,106,1,45.22
59022,25583,2025-03-15,3984,Site,15,1,12.26
59023,25584,2025-03-15,2771,Boutique,101,1,19.47
59024,25584,2025-03-15,2771,Boutique,25,1,26.68
59025,25584,2025-03-15,2771,Boutique,107,1,15.35
59026,25585,2025-03-15,1546,Site,24,1,34.92
59027,25585,2025-03-15,1546,Site,104,3,98.58
59028,25585,2025-03-15,1546,Site,64,1,10.2
59029,25585,2025-03-15,1546,Site,104,1,32.86
59030,25586,2025-03-15,4323,Site,65,2,36.88
59031,25586,2025-03-15,4323,Site,105,1,17.41
59032,25587,2025-03-15,2641,Boutique,68,1,21.53
59033,25588,2025-03-15,4153,Boutique,61,1,11.23
59034,25588,2025-03-15,4153,Boutique,103,1,29.77
59035,25588,2025-03-15,4153,Boutique,3,1,39.04
59036,25588,2025-03-15,4153,Boutique,3,1,39.04
59037,25589,2025-03-15,4340,Boutique,1,1,44.19
59038,25589,2025-03-15,4340,Boutique,116,1,70.97
59039,25589,2025-03-15,4340,Boutique,52,1,50.37
59040,25590,2025-03-15,5500,Boutique,44,2,40.61
59041,25590,2025-03-15,5500,Boutique,45,1,60.16
59042,25591,2025-03-15,4553,Site,45,1,66.85
59043,25592,2025-03-15,4370,Site,50,1,73.03
59044,25592,2025-03-15,4370,Site,21,1,13.29
59045,25592,2025-03-15,4370,Site,111,1,10.2
59046,25593,2025-03-15,1728,Boutique,45,1,66.85
59047,25594,2025-03-16,220,Boutique,69,1,8.14
59048,25594,2025-03-16,220,Boutique,21,2,26.58
59049,25595,2025-03-16,4788,Réseaux,88,1,21.53
59050,25596,2025-03-16,3188,Boutique,66,1,9.17
59051,25597,2025-03-16,2169,Site,105,1,17.41
59052,25597,2025-03-16,2169,Site,66,1,9.17
59053,25597,2025-03-16,2169,Site,46,1,33.89
59054,25598,2025-03-16,777,Réseaux,53,1,20.5
59055,25598,2025-03-16,777,Réseaux,10,1,51.4
59056,25599,2025-03-16,1209,Boutique,12,1,39.04
59057,25600,2025-03-16,2804,Boutique,11,1,59.64
59058,25600,2025-03-16,2804,Boutique,82,2,158.42
59059,25600,2025-03-16,2804,Boutique,116,1,70.97
59060,25600,2025-03-16,2804,Boutique,2,1,40.07
59061,25600,2025-03-16,2804,Boutique,21,1,13.29
59062,25601,2025-03-16,272,Boutique,101,1,19.47
59063,25601,2025-03-16,272,Boutique,101,2,38.94
59064,25602,2025-03-16,2461,Site,115,1,51.4
59065,25603,2025-03-16,5251,Boutique,21,1,13.29
59066,25603,2025-03-16,5251,Boutique,83,1,76.12
59067,25603,2025-03-16,5251,Boutique,26,1,64.79
59068,25604,2025-03-16,3326,Réseaux,82,1,79.21
59069,25605,2025-03-16,4407,Site,5,1,52.43
59070,25606,2025-03-16,2662,Site,26,1,64.79
59071,25606,2025-03-16,2662,Site,7,1,17.41
59072,25606,2025-03-16,2662,Site,100,1,22.56
59073,25607,2025-03-16,1517,Site,82,1,75.25
59074,25607,2025-03-16,1517,Site,7,2,33.08
59075,25607,2025-03-16,1517,Site,64,1,9.69
59076,25607,2025-03-16,1517,Site,28,1,47.85
59077,25608,2025-03-16,711,Site,42,1,29.77
59078,25608,2025-03-16,711,Site,53,1,20.5
59079,25608,2025-03-16,711,Site,104,1,32.86
59080,25609,2025-03-16,3152,Boutique,25,1,26.68
59081,25609,2025-03-16,3152,Boutique,107,1,15.35
59082,25610,2025-03-16,2399,Boutique,37,1,38.01
59083,25611,2025-03-17,3449,Site,21,2,26.58
59084,25611,2025-03-17,3449,Site,3,1,39.04
59085,25611,2025-03-17,3449,Site,11,1,59.64
59086,25611,2025-03-17,3449,Site,52,1,50.37
59087,25611,2025-03-17,3449,Site,45,2,133.7
59088,25612,2025-03-17,720,Site,1,1,44.19
59089,25612,2025-03-17,720,Site,4,1,40.07
59090,25612,2025-03-17,720,Site,88,3,64.59
59091,25612,2025-03-17,720,Site,3,1,39.04
59092,25612,2025-03-17,720,Site,40,1,77.15
59093,25612,2025-03-17,720,Site,31,1,22.56
59094,25613,2025-03-17,4,Site,105,1,17.41
59095,25613,2025-03-17,4,Site,22,1,52.43
59096,25613,2025-03-17,4,Site,50,1,73.03
59097,25614,2025-03-17,2109,Boutique,25,2,53.36
59098,25614,2025-03-17,2109,Boutique,59,2,24.52
59099,25614,2025-03-17,2109,Boutique,14,1,41.1
59100,25614,2025-03-17,2109,Boutique,31,2,45.12
59101,25615,2025-03-17,2458,Boutique,42,1,29.77
59102,25615,2025-03-17,2458,Boutique,28,1,50.37
59103,25615,2025-03-17,2458,Boutique,23,2,41.0
59104,25616,2025-03-17,4442,Site,2,2,80.14
59105,25616,2025-03-17,4442,Site,6,1,44.19
59106,25617,2025-03-17,1343,Site,86,3,472.47
59107,25617,2025-03-17,1343,Site,6,1,44.19
59108,25618,2025-03-17,68,Boutique,70,1,14.32
59109,25618,2025-03-17,68,Boutique,48,4,114.96
59110,25618,2025-03-17,68,Boutique,14,1,41.1
59111,25618,2025-03-17,68,Boutique,33,1,130.71
59112,25619,2025-03-17,3258,Réseaux,101,1,19.47
59113,25620,2025-03-17,1533,Site,43,1,24.62
59114,25620,2025-03-17,1533,Site,116,4,283.88
59115,25621,2025-03-17,1607,Site,59,1,12.26
59116,25621,2025-03-17,1607,Site,56,1,99.81
59117,25621,2025-03-17,1607,Site,25,4,106.72
59118,25622,2025-03-17,2696,Site,14,2,78.09
59119,25623,2025-03-17,1993,Site,59,1,12.26
59120,25623,2025-03-17,1993,Site,105,1,17.41
59121,25623,2025-03-17,1993,Site,103,1,29.77
59122,25623,2025-03-17,1993,Site,88,1,21.53
59123,25624,2025-03-17,4887,Site,105,1,17.41
59124,25625,2025-03-17,5358,Réseaux,76,1,18.44
59125,25625,2025-03-17,5358,Réseaux,87,1,121.44
59126,25626,2025-03-17,2258,Site,5,1,52.43
59127,25626,2025-03-17,2258,Site,36,1,68.91
59128,25627,2025-03-17,1328,Site,58,1,36.98
59129,25627,2025-03-17,1328,Site,50,1,73.03
59130,25627,2025-03-17,1328,Site,113,2,20.4
59131,25628,2025-03-17,2973,Boutique,18,1,13.29
59132,25628,2025-03-17,2973,Boutique,16,1,10.2
59133,25629,2025-03-17,5266,Boutique,62,1,2.99
59134,25629,2025-03-17,5266,Boutique,5,1,52.43
59135,25630,2025-03-17,4409,Site,61,1,11.23
59136,25630,2025-03-17,4409,Site,30,2,104.86
59137,25631,2025-03-17,328,Site,63,1,4.02
59138,25632,2025-03-17,4162,Boutique,1,1,44.19
59139,25632,2025-03-17,4162,Boutique,69,1,8.14
59140,25633,2025-03-17,4106,Boutique,94,2,78.08
59141,25633,2025-03-17,4106,Boutique,5,1,52.43
59142,25633,2025-03-17,4106,Boutique,3,3,117.12
59143,25634,2025-03-17,4729,Boutique,10,1,51.4
59144,25634,2025-03-17,4729,Boutique,54,1,56.55
59145,25635,2025-03-17,3398,Boutique,38,1,32.86
59146,25635,2025-03-17,3398,Boutique,62,1,2.99
59147,25635,2025-03-17,3398,Boutique,51,1,17.41
59148,25636,2025-03-17,4894,Site,23,2,41.0
59149,25636,2025-03-17,4894,Site,3,1,39.04
59150,25637,2025-03-17,1267,Site,66,1,9.17
59151,25637,2025-03-17,1267,Site,66,1,9.17
59152,25637,2025-03-17,1267,Site,55,2,131.64
59153,25638,2025-03-17,4439,Boutique,59,2,24.52
59154,25639,2025-03-17,4640,Site,45,1,66.85
59155,25639,2025-03-17,4640,Site,27,2,216.1
59156,25640,2025-03-17,549,Boutique,50,1,73.03
59157,25640,2025-03-17,549,Boutique,6,1,44.19
59158,25640,2025-03-17,549,Boutique,61,1,11.23
59159,25640,2025-03-17,549,Boutique,93,1,51.4
59160,25640,2025-03-17,549,Boutique,1,1,44.19
59161,25641,2025-03-17,931,Boutique,55,1,65.82
59162,25641,2025-03-17,931,Boutique,59,1,12.26
59163,25641,2025-03-17,931,Boutique,22,1,52.43
59164,25641,2025-03-17,931,Boutique,91,1,89.51
59165,25642,2025-03-18,75,Site,36,2,137.82
59166,25642,2025-03-18,75,Site,82,1,79.21
59167,25643,2025-03-18,1713,Boutique,21,1,13.29
59168,25643,2025-03-18,1713,Boutique,63,1,4.02
59169,25644,2025-03-18,5017,Boutique,47,1,34.92
59170,25645,2025-03-18,4406,Site,7,1,17.41
59171,25645,2025-03-18,4406,Site,43,1,24.62
59172,25646,2025-03-18,2734,Boutique,50,1,69.38
59173,25646,2025-03-18,2734,Boutique,94,1,37.09
59174,25647,2025-03-18,3107,Site,9,2,88.38
59175,25647,2025-03-18,3107,Site,27,1,108.05
59176,25647,2025-03-18,3107,Site,6,1,44.19
59177,25648,2025-03-18,127,Site,110,1,26.68
59178,25648,2025-03-18,127,Site,28,1,50.37
59179,25648,2025-03-18,127,Site,21,1,13.29
59180,25649,2025-03-18,4623,Site,81,1,16.38
59181,25649,2025-03-18,4623,Site,92,1,12.26
59182,25649,2025-03-18,4623,Site,52,1,50.37
59183,25649,2025-03-18,4623,Site,96,1,12.26
59184,25649,2025-03-18,4623,Site,7,1,17.41
59185,25650,2025-03-18,265,Réseaux,39,1,66.85
59186,25651,2025-03-18,4652,Boutique,24,2,69.84
59187,25651,2025-03-18,4652,Boutique,92,1,12.26
59188,25651,2025-03-18,4652,Boutique,82,1,79.21
59189,25651,2025-03-18,4652,Boutique,64,1,10.2
59190,25651,2025-03-18,4652,Boutique,2,1,40.07
59191,25652,2025-03-18,4076,Boutique,53,1,20.5
59192,25653,2025-03-18,1229,Réseaux,24,1,33.17
59193,25654,2025-03-18,2145,Boutique,65,1,18.44
59194,25655,2025-03-18,4409,Site,27,1,108.05
59195,25655,2025-03-18,4409,Site,11,1,59.64
59196,25656,2025-03-18,90,Boutique,31,1,22.56
59197,25657,2025-03-18,5071,Boutique,63,1,4.02
59198,25657,2025-03-18,5071,Boutique,61,1,11.23
59199,25657,2025-03-18,5071,Boutique,42,1,29.77
59200,25658,2025-03-18,4881,Boutique,95,1,24.62
59201,25658,2025-03-18,4881,Boutique,113,1,10.2
59202,25659,2025-03-18,2196,Boutique,1,1,44.19
59203,25660,2025-03-18,1647,Réseaux,5,1,524.3
59204,25660,2025-03-18,1647,Réseaux,14,1,41.1
59205,25660,2025-03-18,1647,Réseaux,2,1,40.07
59206,25661,2025-03-18,1107,Site,101,1,19.47
59207,25661,2025-03-18,1107,Site,88,1,21.53
59208,25661,2025-03-18,1107,Site,1,1,44.19
59209,25662,2025-03-18,354,Boutique,85,1,11.23
59210,25662,2025-03-18,354,Boutique,21,1,13.29
59211,25662,2025-03-18,354,Boutique,85,2,22.46
59212,25663,2025-03-18,5095,Site,43,1,24.62
59213,25663,2025-03-18,5095,Site,51,1,17.41
59214,25663,2025-03-18,5095,Site,99,1,63.76
59215,25663,2025-03-18,5095,Site,82,2,158.42
59216,25664,2025-03-18,3436,Boutique,13,2,111.04
59217,25665,2025-03-18,2385,Site,57,1,17.41
59218,25665,2025-03-18,2385,Site,55,1,65.82
59219,25666,2025-03-18,5006,Site,76,1,18.44
59220,25666,2025-03-18,5006,Site,105,1,17.41
59221,25666,2025-03-18,5006,Site,6,1,44.19
59222,25666,2025-03-18,5006,Site,3,1,39.04
59223,25666,2025-03-18,5006,Site,61,1,11.23
59224,25667,2025-03-18,1712,Site,88,1,21.53
59225,25668,2025-03-18,1921,Site,87,1,121.44
59226,25669,2025-03-19,2953,Réseaux,48,1,28.74
59227,25670,2025-03-19,51,Site,32,1,24.62
59228,25671,2025-03-19,4360,Réseaux,22,2,99.62
59229,25672,2025-03-19,5321,Boutique,52,1,50.37
59230,25672,2025-03-19,5321,Boutique,1,2,88.38
59231,25672,2025-03-19,5321,Boutique,21,1,13.29
59232,25673,2025-03-19,1967,Site,88,1,21.53
59233,25673,2025-03-19,1967,Site,12,1,39.04
59234,25674,2025-03-19,1270,Site,95,1,24.62
59235,25674,2025-03-19,1270,Site,70,1,14.32
59236,25674,2025-03-19,1270,Site,36,1,68.91
59237,25675,2025-03-19,1556,Site,82,2,158.42
59238,25676,2025-03-19,5138,Site,41,1,29.77
59239,25677,2025-03-19,2315,Site,97,1,8.14
59240,25678,2025-03-19,2323,Site,25,1,26.68
59241,25678,2025-03-19,2323,Site,95,3,73.86
59242,25679,2025-03-19,1961,Site,103,1,29.77
59243,25679,2025-03-19,1961,Site,54,1,56.55
59244,25679,2025-03-19,1961,Site,78,1,7.11
59245,25680,2025-03-19,3286,Site,62,1,2.99
59246,25680,2025-03-19,3286,Site,15,1,12.26
59247,25680,2025-03-19,3286,Site,69,2,16.28
59248,25680,2025-03-19,3286,Site,108,1,46.25
59249,25681,2025-03-19,3777,Boutique,43,1,24.62
59250,25682,2025-03-19,5110,Site,22,1,52.43
59251,25682,2025-03-19,5110,Site,50,1,73.03
59252,25682,2025-03-19,5110,Site,63,1,4.02
59253,25683,2025-03-19,869,Boutique,8,1,35.95
59254,25683,2025-03-19,869,Boutique,85,1,11.23
59255,25684,2025-03-19,4919,Boutique,101,1,19.47
59256,25685,2025-03-19,4816,Site,92,1,12.26
59257,25686,2025-03-19,3011,Boutique,82,1,79.21
59258,25687,2025-03-19,1341,Site,4,1,40.07
59259,25687,2025-03-19,1341,Site,72,1,2.99
59260,25687,2025-03-19,1341,Site,17,1,16.38
59261,25687,2025-03-19,1341,Site,46,3,101.67
59262,25688,2025-03-19,2172,Site,95,1,24.62
59263,25688,2025-03-19,2172,Site,17,1,16.38
59264,25689,2025-03-19,2942,Site,74,1,21.53
59265,25690,2025-03-19,2885,Boutique,111,3,30.6
59266,25690,2025-03-19,2885,Boutique,81,2,32.76
59267,25691,2025-03-19,361,Site,11,1,59.64
59268,25691,2025-03-19,361,Site,44,1,22.56
59269,25692,2025-03-19,4014,Boutique,9,1,44.19
59270,25692,2025-03-19,4014,Boutique,55,1,65.82
59271,25693,2025-03-19,74,Site,46,1,33.89
59272,25693,2025-03-19,74,Site,86,1,157.49
59273,25694,2025-03-19,4469,Site,110,1,26.68
59274,25694,2025-03-19,4469,Site,44,1,22.56
59275,25694,2025-03-19,4469,Site,101,1,19.47
59276,25695,2025-03-19,949,Site,33,1,130.71
59277,25696,2025-03-20,4599,Boutique,21,1,13.29
59278,25696,2025-03-20,4599,Boutique,9,1,44.19
59279,25696,2025-03-20,4599,Boutique,22,1,52.43
59280,25697,2025-03-20,2426,Site,76,1,18.44
59281,25697,2025-03-20,2426,Site,95,1,24.62
59282,25698,2025-03-20,4930,Site,86,3,472.47
59283,25699,2025-03-20,1749,Boutique,45,1,66.85
59284,25699,2025-03-20,1749,Boutique,104,2,65.72
59285,25699,2025-03-20,1749,Boutique,43,1,24.62
59286,25700,2025-03-20,5130,Réseaux,74,1,21.53
59287,25700,2025-03-20,5130,Réseaux,11,1,59.64
59288,25700,2025-03-20,5130,Réseaux,54,1,56.55
59289,25701,2025-03-20,319,Boutique,23,1,20.5
59290,25701,2025-03-20,319,Boutique,83,1,76.12
59291,25702,2025-03-20,2195,Boutique,62,1,2.99
59292,25703,2025-03-20,2519,Site,22,1,52.43
59293,25704,2025-03-20,4953,Boutique,81,1,15.56
59294,25704,2025-03-20,4953,Boutique,26,4,246.2
59295,25704,2025-03-20,4953,Boutique,102,1,19.47
59296,25705,2025-03-20,399,Site,23,1,20.5
59297,25705,2025-03-20,399,Site,6,1,44.19
59298,25706,2025-03-20,3614,Boutique,64,2,20.4
59299,25706,2025-03-20,3614,Boutique,5,1,52.43
59300,25706,2025-03-20,3614,Boutique,48,1,28.74
59301,25706,2025-03-20,3614,Boutique,45,1,66.85
59302,25706,2025-03-20,3614,Boutique,26,1,64.79
59303,25706,2025-03-20,3614,Boutique,94,1,39.04
59304,25707,2025-03-20,4770,Site,43,3,73.86
59305,25707,2025-03-20,4770,Site,71,1,21.53
59306,25708,2025-03-20,4437,Boutique,81,2,32.76
59307,25708,2025-03-20,4437,Boutique,25,1,26.68
59308,25708,2025-03-20,4437,Boutique,95,2,49.24
59309,25709,2025-03-20,5347,Site,19,1,30.8
59310,25710,2025-03-20,1585,Site,64,1,10.2
59311,25710,2025-03-20,1585,Site,46,1,33.89
59312,25711,2025-03-20,307,Site,48,1,28.74
59313,25711,2025-03-20,307,Site,105,1,17.41
59314,25711,2025-03-20,307,Site,20,1,28.74
59315,25712,2025-03-20,1453,Boutique,3,1,39.04
59316,25712,2025-03-20,1453,Boutique,31,1,22.56
59317,25713,2025-03-20,5196,Boutique,106,1,42.96
59318,25714,2025-03-20,2980,Site,31,2,45.12
59319,25715,2025-03-20,4329,Site,13,1,55.52
59320,25716,2025-03-20,2661,Boutique,111,1,10.2
59321,25716,2025-03-20,2661,Boutique,9,1,44.19
59322,25717,2025-03-20,3682,Réseaux,69,1,8.14
59323,25717,2025-03-20,3682,Réseaux,68,1,21.53
59324,25718,2025-03-20,70,Site,90,1,70.36
59325,25719,2025-03-20,1096,Réseaux,4,1,40.07
59326,25719,2025-03-20,1096,Réseaux,55,1,65.82
59327,25719,2025-03-20,1096,Réseaux,82,1,79.21
59328,25720,2025-03-20,822,Site,61,1,11.23
59329,25720,2025-03-20,822,Site,41,1,29.77
59330,25721,2025-03-20,3334,Site,62,1,2.84
59331,25721,2025-03-20,3334,Site,75,2,13.51
59332,25722,2025-03-20,2054,Boutique,103,1,29.77
59333,25722,2025-03-20,2054,Boutique,14,1,41.1
59334,25723,2025-03-21,2162,Site,114,1,19.47
59335,25723,2025-03-21,2162,Site,99,2,127.52
59336,25723,2025-03-21,2162,Site,101,1,19.47
59337,25723,2025-03-21,2162,Site,57,1,17.41
59338,25723,2025-03-21,2162,Site,11,1,59.64
59339,25723,2025-03-21,2162,Site,109,1,28.74
59340,25724,2025-03-21,259,Boutique,95,1,24.62
59341,25725,2025-03-21,3380,Site,31,1,21.43
59342,25726,2025-03-21,3570,Boutique,67,1,2.84
59343,25726,2025-03-21,3570,Boutique,19,1,29.26
59344,25726,2025-03-21,3570,Boutique,72,1,2.84
59345,25727,2025-03-21,5502,Boutique,92,1,11.03
59346,25727,2025-03-21,5502,Boutique,71,1,19.38
59347,25728,2025-03-21,3327,Réseaux,41,2,59.54
59348,25728,2025-03-21,3327,Réseaux,10,1,51.4
59349,25729,2025-03-21,3098,Site,44,1,22.56
59350,25729,2025-03-21,3098,Site,64,1,10.2
59351,25729,2025-03-21,3098,Site,63,1,4.02
59352,25729,2025-03-21,3098,Site,109,1,28.74
59353,25730,2025-03-21,4830,Site,72,1,2.99
59354,25730,2025-03-21,4830,Site,65,1,18.44
59355,25730,2025-03-21,4830,Site,113,1,10.2
59356,25730,2025-03-21,4830,Site,82,1,79.21
59357,25731,2025-03-21,930,Boutique,11,1,59.64
59358,25731,2025-03-21,930,Boutique,56,1,99.81
59359,25732,2025-03-21,1705,Site,20,1,28.74
59360,25732,2025-03-21,1705,Site,82,2,158.42
59361,25732,2025-03-21,1705,Site,27,1,108.05
59362,25733,2025-03-21,205,Boutique,37,1,38.01
59363,25733,2025-03-21,205,Boutique,88,1,21.53
59364,25734,2025-03-21,4780,Boutique,25,1,26.68
59365,25735,2025-03-21,5280,Site,59,1,12.26
59366,25736,2025-03-21,1222,Boutique,44,2,45.12
59367,25736,2025-03-21,1222,Boutique,44,1,22.56
59368,25737,2025-03-21,838,Boutique,27,3,324.15
59369,25738,2025-03-21,4398,Site,24,1,349.2
59370,25738,2025-03-21,4398,Site,82,1,79.21
59371,25738,2025-03-21,4398,Site,67,1,2.99
59372,25739,2025-03-21,4006,Boutique,86,1,157.49
59373,25739,2025-03-21,4006,Boutique,4,1,40.07
59374,25739,2025-03-21,4006,Boutique,88,1,21.53
59375,25740,2025-03-21,2075,Boutique,39,1,66.85
59376,25740,2025-03-21,2075,Boutique,8,1,35.95
59377,25741,2025-03-21,1360,Site,50,1,73.03
59378,25741,2025-03-21,1360,Site,7,1,17.41
59379,25742,2025-03-21,4632,Boutique,9,1,44.19
59380,25742,2025-03-21,4632,Boutique,9,1,44.19
59381,25743,2025-03-21,2402,Réseaux,102,1,20.5
59382,25743,2025-03-21,2402,Réseaux,22,1,52.43
59383,25743,2025-03-21,2402,Réseaux,29,1,57.58
59384,25743,2025-03-21,2402,Réseaux,88,1,21.53
59385,25744,2025-03-21,3485,Boutique,65,1,18.44
59386,25744,2025-03-21,3485,Boutique,55,2,131.64
59387,25745,2025-03-21,1706,Site,3,1,39.04
59388,25746,2025-03-21,361,Boutique,39,1,66.85
59389,25746,2025-03-21,361,Boutique,20,1,28.74
59390,25747,2025-03-21,3961,Site,49,1,30.8
59391,25748,2025-03-21,2134,Site,45,1,66.85
59392,25748,2025-03-21,2134,Site,113,1,10.2
59393,25748,2025-03-21,2134,Site,24,1,34.92
59394,25749,2025-03-21,2987,Boutique,68,1,21.53
59395,25749,2025-03-21,2987,Boutique,42,1,29.77
59396,25749,2025-03-21,2987,Boutique,42,1,29.77
59397,25750,2025-03-21,3849,Site,19,1,29.26
59398,25751,2025-03-21,5162,Boutique,93,1,51.4
59399,25752,2025-03-21,3181,Site,103,3,89.31
59400,25752,2025-03-21,3181,Site,48,1,28.74
59401,25753,2025-03-21,5451,Site,90,1,74.06
59402,25753,2025-03-21,5451,Site,15,1,12.26
59403,25754,2025-03-21,3308,Boutique,24,1,34.92
59404,25754,2025-03-21,3308,Boutique,87,1,121.44
59405,25755,2025-03-21,25,Boutique,25,1,26.68
59406,25755,2025-03-21,25,Boutique,73,2,10.1
59407,25756,2025-03-21,55,Réseaux,8,1,35.95
59408,25756,2025-03-21,55,Réseaux,64,2,20.4
59409,25756,2025-03-21,55,Réseaux,42,1,29.77
59410,25757,2025-03-21,1175,Site,45,1,66.85
59411,25757,2025-03-21,1175,Site,82,1,79.21
59412,25758,2025-03-21,3962,Réseaux,106,1,45.22
59413,25758,2025-03-21,3962,Réseaux,1,1,44.19
59414,25759,2025-03-21,1472,Boutique,64,1,10.2
59415,25760,2025-03-22,266,Boutique,2,1,40.07
59416,25760,2025-03-22,266,Boutique,81,1,16.38
59417,25761,2025-03-22,654,Site,105,1,17.41
59418,25761,2025-03-22,654,Site,66,1,9.17
59419,25762,2025-03-22,3479,Boutique,61,1,11.23
59420,25763,2025-03-22,4325,Boutique,28,1,50.37
59421,25763,2025-03-22,4325,Boutique,41,1,29.77
59422,25763,2025-03-22,4325,Boutique,3,1,39.04
59423,25764,2025-03-22,1775,Boutique,43,1,24.62
59424,25765,2025-03-22,3076,Boutique,70,1,14.32
59425,25766,2025-03-22,1712,Boutique,105,2,34.82
59426,25766,2025-03-22,1712,Boutique,84,1,22.56
59427,25766,2025-03-22,1712,Boutique,70,1,14.32
59428,25766,2025-03-22,1712,Boutique,59,1,12.26
59429,25767,2025-03-22,5225,Boutique,72,2,5.98
59430,25767,2025-03-22,5225,Boutique,47,2,69.84
59431,25767,2025-03-22,5225,Boutique,51,2,34.82
59432,25768,2025-03-22,1086,Boutique,42,1,29.77
59433,25768,2025-03-22,1086,Boutique,29,2,115.16
59434,25768,2025-03-22,1086,Boutique,16,1,10.2
59435,25769,2025-03-22,1031,Boutique,89,3,206.73
59436,25770,2025-03-22,342,Site,6,1,44.19
59437,25770,2025-03-22,342,Site,41,1,29.77
59438,25771,2025-03-22,1630,Site,47,1,34.92
59439,25771,2025-03-22,1630,Site,106,1,45.22
59440,25771,2025-03-22,1630,Site,118,1,12.26
59441,25772,2025-03-22,4498,Boutique,67,1,2.99
59442,25772,2025-03-22,4498,Boutique,83,2,152.24
59443,25773,2025-03-22,3320,Site,46,1,33.89
59444,25773,2025-03-22,3320,Site,75,1,7.11
59445,25774,2025-03-22,2441,Boutique,40,1,77.15
59446,25774,2025-03-22,2441,Boutique,64,1,10.2
59447,25774,2025-03-22,2441,Boutique,30,1,52.43
59448,25774,2025-03-22,2441,Boutique,16,1,10.2
59449,25775,2025-03-22,2894,Boutique,57,1,17.41
59450,25775,2025-03-22,2894,Boutique,61,1,11.23
59451,25776,2025-03-22,4218,Site,50,1,73.03
59452,25776,2025-03-22,4218,Site,15,1,12.26
59453,25777,2025-03-22,2936,Boutique,94,1,39.04
59454,25777,2025-03-22,2936,Boutique,42,1,29.77
59455,25778,2025-03-22,2760,Site,8,1,35.95
59456,25779,2025-03-22,4155,Boutique,63,2,8.04
59457,25779,2025-03-22,4155,Boutique,12,1,39.04
59458,25779,2025-03-22,4155,Boutique,23,1,20.5
59459,25780,2025-03-22,2989,Boutique,27,1,108.05
59460,25780,2025-03-22,2989,Boutique,112,1,26.68
59461,25781,2025-03-22,2204,Site,52,1,50.37
59462,25781,2025-03-22,2204,Site,45,1,66.85
59463,25781,2025-03-22,2204,Site,70,1,14.32
59464,25781,2025-03-22,2204,Site,62,1,2.99
59465,25781,2025-03-22,2204,Site,101,1,19.47
59466,25782,2025-03-22,4510,Boutique,43,1,24.62
59467,25782,2025-03-22,4510,Boutique,22,1,52.43
59468,25783,2025-03-22,4029,Réseaux,25,1,26.68
59469,25783,2025-03-22,4029,Réseaux,6,1,44.19
59470,25783,2025-03-22,4029,Réseaux,66,1,9.17
59471,25783,2025-03-22,4029,Réseaux,29,1,57.58
59472,25784,2025-03-22,5232,Site,41,2,59.54
59473,25784,2025-03-22,5232,Site,22,1,52.43
59474,25785,2025-03-22,5193,Boutique,16,1,10.2
59475,25786,2025-03-22,2333,Réseaux,90,2,148.12
59476,25786,2025-03-22,2333,Réseaux,55,1,65.82
59477,25787,2025-03-22,1841,Boutique,3,2,78.08
59478,25787,2025-03-22,1841,Boutique,76,1,18.44
59479,25787,2025-03-22,1841,Boutique,43,1,24.62
59480,25788,2025-03-22,4592,Boutique,103,1,29.77
59481,25788,2025-03-22,4592,Boutique,101,1,19.47
59482,25788,2025-03-22,4592,Boutique,68,1,21.53
59483,25788,2025-03-22,4592,Boutique,33,2,261.42
59484,25789,2025-03-22,1853,Site,42,1,28.28
59485,25789,2025-03-22,1853,Site,12,1,37.09
59486,25789,2025-03-22,1853,Site,3,1,37.09
59487,25789,2025-03-22,1853,Site,63,2,7.64
59488,25790,2025-03-22,980,Site,109,2,57.48
59489,25790,2025-03-22,980,Site,105,3,52.23
59490,25791,2025-03-22,986,Site,50,2,146.06
59491,25791,2025-03-22,986,Site,56,1,99.81
59492,25791,2025-03-22,986,Site,117,2,24.52
59493,25792,2025-03-22,5287,Site,7,1,17.41
59494,25792,2025-03-22,5287,Site,2,1,40.07
59495,25793,2025-03-22,5044,Boutique,29,1,57.58
59496,25794,2025-03-22,4029,Site,32,3,73.86
59497,25794,2025-03-22,4029,Site,82,1,79.21
59498,25795,2025-03-22,5443,Site,77,1,22.56
59499,25795,2025-03-22,5443,Site,71,1,21.53
59500,25795,2025-03-22,5443,Site,35,1,16.38
59501,25796,2025-03-22,2403,Boutique,77,1,22.56
59502,25796,2025-03-22,2403,Boutique,25,1,26.68
59503,25797,2025-03-22,3138,Boutique,4,1,40.07
59504,25797,2025-03-22,3138,Boutique,80,1,19.47
59505,25797,2025-03-22,3138,Boutique,76,1,18.44
59506,25797,2025-03-22,3138,Boutique,101,1,19.47
59507,25798,2025-03-22,253,Site,23,1,20.5
59508,25798,2025-03-22,253,Site,31,2,45.12
59509,25799,2025-03-22,1478,Site,64,1,10.2
59510,25800,2025-03-22,4983,Boutique,32,1,24.62
59511,25800,2025-03-22,4983,Boutique,1,1,44.19
59512,25801,2025-03-22,3800,Site,12,1,39.04
59513,25801,2025-03-22,3800,Site,41,1,29.77
59514,25801,2025-03-22,3800,Site,106,1,45.22
59515,25801,2025-03-22,3800,Site,43,1,24.62
59516,25801,2025-03-22,3800,Site,11,1,59.64
59517,25802,2025-03-22,4339,Boutique,5,1,52.43
59518,25802,2025-03-22,4339,Boutique,110,1,26.68
59519,25803,2025-03-22,4804,Site,3,1,39.04
59520,25803,2025-03-22,4804,Site,66,2,18.34
59521,25804,2025-03-22,1385,Boutique,42,1,29.77
59522,25804,2025-03-22,1385,Boutique,21,1,13.29
59523,25805,2025-03-23,3936,Site,73,1,5.05
59524,25805,2025-03-23,3936,Site,34,2,218.16
59525,25806,2025-03-23,4993,Boutique,47,1,34.92
59526,25806,2025-03-23,4993,Boutique,101,1,19.47
59527,25807,2025-03-23,2870,Boutique,25,2,53.36
59528,25807,2025-03-23,2870,Boutique,21,1,13.29
59529,25808,2025-03-23,4575,Site,14,2,82.2
59530,25808,2025-03-23,4575,Site,48,1,28.74
59531,25809,2025-03-23,5502,Boutique,32,1,24.62
59532,25809,2025-03-23,5502,Boutique,83,1,76.12
59533,25810,2025-03-23,4416,Boutique,37,1,38.01
59534,25810,2025-03-23,4416,Boutique,48,1,28.74
59535,25810,2025-03-23,4416,Boutique,99,1,63.76
59536,25811,2025-03-23,205,Site,69,1,8.14
59537,25811,2025-03-23,205,Site,65,1,18.44
59538,25812,2025-03-23,4218,Site,105,1,17.41
59539,25812,2025-03-23,4218,Site,29,1,57.58
59540,25813,2025-03-23,4416,Site,24,1,34.92
59541,25813,2025-03-23,4416,Site,3,1,39.04
59542,25813,2025-03-23,4416,Site,87,1,121.44
59543,25814,2025-03-23,4915,Site,88,1,21.53
59544,25815,2025-03-23,619,Boutique,1,1,44.19
59545,25815,2025-03-23,619,Boutique,76,1,18.44
59546,25816,2025-03-23,5319,Site,38,1,32.86
59547,25817,2025-03-23,1857,Site,7,1,17.41
59548,25817,2025-03-23,1857,Site,13,1,55.52
59549,25817,2025-03-23,1857,Site,45,1,66.85
59550,25818,2025-03-23,789,Site,2,1,40.07
59551,25818,2025-03-23,789,Site,18,1,13.29
59552,25818,2025-03-23,789,Site,40,1,77.15
59553,25819,2025-03-23,886,Boutique,84,2,45.12
59554,25820,2025-03-23,2516,Site,18,1,13.29
59555,25820,2025-03-23,2516,Site,102,1,20.5
59556,25820,2025-03-23,2516,Site,67,1,2.99
59557,25820,2025-03-23,2516,Site,47,1,34.92
59558,25821,2025-03-23,3038,Réseaux,92,1,11.65
59559,25821,2025-03-23,3038,Réseaux,105,2,33.08
59560,25822,2025-03-23,3917,Boutique,49,3,92.4
59561,25822,2025-03-23,3917,Boutique,106,1,45.22
59562,25822,2025-03-23,3917,Boutique,28,1,50.37
59563,25823,2025-03-24,645,Site,59,1,12.26
59564,25824,2025-03-24,2719,Boutique,2,1,40.07
59565,25825,2025-03-24,2455,Boutique,73,1,4.8
59566,25825,2025-03-24,2455,Boutique,109,1,27.3
59567,25825,2025-03-24,2455,Boutique,83,1,72.31
59568,25825,2025-03-24,2455,Boutique,20,1,27.3
59569,25826,2025-03-24,1284,Boutique,113,1,10.2
59570,25827,2025-03-24,4340,Site,68,1,21.53
59571,25828,2025-03-24,2588,Site,71,4,86.12
59572,25829,2025-03-24,5477,Site,24,1,31.43
59573,25829,2025-03-24,5477,Site,65,1,16.6
59574,25829,2025-03-24,5477,Site,61,1,10.11
59575,25830,2025-03-24,478,Réseaux,30,2,104.86
59576,25831,2025-03-24,3446,Site,22,1,52.43
59577,25832,2025-03-24,2884,Boutique,102,1,20.5
59578,25832,2025-03-24,2884,Boutique,99,1,63.76
59579,25832,2025-03-24,2884,Boutique,7,1,17.41
59580,25832,2025-03-24,2884,Boutique,31,1,22.56
59581,25832,2025-03-24,2884,Boutique,9,1,44.19
59582,25833,2025-03-24,2695,Boutique,101,1,19.47
59583,25833,2025-03-24,2695,Boutique,3,1,39.04
59584,25834,2025-03-24,972,Boutique,34,4,436.32
59585,25834,2025-03-24,972,Boutique,45,1,66.85
59586,25834,2025-03-24,972,Boutique,102,1,20.5
59587,25835,2025-03-24,5173,Boutique,108,1,46.25
59588,25835,2025-03-24,5173,Boutique,71,1,21.53
59589,25835,2025-03-24,5173,Boutique,111,1,10.2
59590,25836,2025-03-24,981,Boutique,42,1,29.77
59591,25836,2025-03-24,981,Boutique,4,1,40.07
59592,25837,2025-03-24,4339,Site,45,1,66.85
59593,25838,2025-03-24,3252,Boutique,104,2,65.72
59594,25838,2025-03-24,3252,Boutique,64,1,10.2
59595,25839,2025-03-24,1958,Boutique,80,2,38.94
59596,25839,2025-03-24,1958,Boutique,27,1,108.05
59597,25839,2025-03-24,1958,Boutique,5,1,52.43
59598,25840,2025-03-24,4379,Boutique,61,1,11.23
59599,25840,2025-03-24,4379,Boutique,61,1,11.23
59600,25841,2025-03-24,3276,Site,45,1,66.85
59601,25841,2025-03-24,3276,Site,66,2,18.34
59602,25842,2025-03-24,374,Site,58,1,35.13
59603,25843,2025-03-24,2942,Site,7,1,17.41
59604,25843,2025-03-24,2942,Site,48,1,28.74
59605,25843,2025-03-24,2942,Site,2,1,40.07
59606,25843,2025-03-24,2942,Site,19,1,30.8
59607,25844,2025-03-24,4096,Site,26,1,64.79
59608,25844,2025-03-24,4096,Site,2,2,80.14
59609,25845,2025-03-24,4173,Site,2,2,80.14
59610,25845,2025-03-24,4173,Site,91,1,89.51
59611,25845,2025-03-24,4173,Site,42,1,29.77
59612,25846,2025-03-24,2300,Boutique,46,1,33.89
59613,25846,2025-03-24,2300,Boutique,91,1,89.51
59614,25846,2025-03-24,2300,Boutique,94,1,39.04
59615,25847,2025-03-24,2210,Boutique,21,2,26.58
59616,25848,2025-03-24,3762,Réseaux,47,1,34.92
59617,25848,2025-03-24,3762,Réseaux,11,1,59.64
59618,25849,2025-03-24,5071,Site,63,1,4.02
59619,25849,2025-03-24,5071,Site,65,1,18.44
59620,25850,2025-03-25,4060,Boutique,39,1,66.85
59621,25850,2025-03-25,4060,Boutique,24,1,34.92
59622,25851,2025-03-25,2986,Boutique,29,1,57.58
59623,25851,2025-03-25,2986,Boutique,20,1,28.74
59624,25852,2025-03-25,2079,Site,42,1,29.77
59625,25852,2025-03-25,2079,Site,41,1,29.77
59626,25853,2025-03-25,2379,Réseaux,7,4,69.64
59627,25853,2025-03-25,2379,Réseaux,116,1,70.97
59628,25853,2025-03-25,2379,Réseaux,101,1,19.47
59629,25853,2025-03-25,2379,Réseaux,32,1,24.62
59630,25854,2025-03-25,2368,Réseaux,75,1,7.11
59631,25854,2025-03-25,2368,Réseaux,108,2,92.5
59632,25854,2025-03-25,2368,Réseaux,49,1,30.8
59633,25855,2025-03-25,5037,Site,51,1,17.41
59634,25855,2025-03-25,5037,Site,70,1,14.32
59635,25855,2025-03-25,5037,Site,3,1,39.04
59636,25855,2025-03-25,5037,Site,2,1,40.07
59637,25856,2025-03-25,1043,Boutique,3,1,39.04
59638,25856,2025-03-25,1043,Boutique,48,1,28.74
59639,25856,2025-03-25,1043,Boutique,98,1,93.63
59640,25857,2025-03-25,2850,Boutique,21,2,26.58
59641,25857,2025-03-25,2850,Boutique,28,1,50.37
59642,25857,2025-03-25,2850,Boutique,21,1,13.29
59643,25858,2025-03-25,4225,Site,44,2,45.12
59644,25858,2025-03-25,4225,Site,42,1,29.77
59645,25858,2025-03-25,4225,Site,105,1,17.41
59646,25858,2025-03-25,4225,Site,48,1,28.74
59647,25859,2025-03-25,434,Site,44,1,22.56
59648,25859,2025-03-25,434,Site,29,1,57.58
59649,25859,2025-03-25,434,Site,92,1,12.26
900023,25192,2025-03-01,2881,Réseaux,41,1,-21.85
59650,25859,2025-03-25,434,Site,93,1,51.4
59651,25860,2025-03-25,4102,Boutique,23,1,20.5
59652,25861,2025-03-25,2204,Boutique,38,1,32.86
59653,25862,2025-03-25,2541,Boutique,24,1,34.92
59654,25862,2025-03-25,2541,Boutique,14,1,41.1
59655,25863,2025-03-25,3407,Site,73,1,5.05
59656,25864,2025-03-25,600,Site,83,1,76.12
59657,25864,2025-03-25,600,Site,33,1,130.71
59658,25865,2025-03-25,3832,Site,67,1,2.99
59659,25866,2025-03-25,3027,Site,96,1,12.26
59660,25866,2025-03-25,3027,Site,25,1,26.68
59661,25867,2025-03-25,138,Boutique,5,1,52.43
59662,25868,2025-03-25,4673,Réseaux,81,1,16.38
59663,25869,2025-03-25,5257,Réseaux,4,1,40.07
59664,25870,2025-03-25,975,Site,30,1,52.43
59665,25871,2025-03-25,2987,Boutique,107,1,15.35
59666,25872,2025-03-25,2997,Boutique,45,1,66.85
59667,25872,2025-03-25,2997,Boutique,99,1,63.76
59668,25873,2025-03-25,4163,Réseaux,106,1,45.22
59669,25873,2025-03-25,4163,Réseaux,3,1,39.04
59670,25873,2025-03-25,4163,Réseaux,65,1,18.44
59671,25874,2025-03-25,1546,Boutique,42,1,29.77
59672,25875,2025-03-25,5471,Site,60,1,28.65
59673,25875,2025-03-25,5471,Site,23,1,18.45
59674,25876,2025-03-25,3226,Boutique,108,1,46.25
59675,25876,2025-03-25,3226,Boutique,12,1,39.04
59676,25876,2025-03-25,3226,Boutique,18,1,132.9
59677,25876,2025-03-25,3226,Boutique,61,1,11.23
59678,25877,2025-03-26,2720,Site,73,2,10.1
59679,25877,2025-03-26,2720,Site,69,4,32.56
59680,25877,2025-03-26,2720,Site,70,1,14.32
59681,25878,2025-03-26,4272,Boutique,14,1,41.1
59682,25878,2025-03-26,4272,Boutique,25,3,80.04
59683,25879,2025-03-26,2724,Site,26,1,64.79
59684,25880,2025-03-26,1866,Réseaux,10,1,51.4
59685,25880,2025-03-26,1866,Réseaux,30,3,157.29
59686,25880,2025-03-26,1866,Réseaux,31,1,22.56
59687,25880,2025-03-26,1866,Réseaux,20,1,28.74
59688,25881,2025-03-26,5110,Site,44,2,45.12
59689,25881,2025-03-26,5110,Site,43,1,24.62
59690,25881,2025-03-26,5110,Site,63,2,8.04
59691,25882,2025-03-26,5037,Réseaux,63,1,4.02
59692,25882,2025-03-26,5037,Réseaux,8,1,35.95
59693,25883,2025-03-26,1206,Réseaux,61,1,11.23
59694,25884,2025-03-26,2726,Boutique,117,3,36.78
59695,25884,2025-03-26,2726,Boutique,6,1,44.19
59696,25884,2025-03-26,2726,Boutique,64,2,20.4
59697,25884,2025-03-26,2726,Boutique,46,1,33.89
59698,25885,2025-03-26,2297,Boutique,95,1,23.39
59699,25885,2025-03-26,2297,Boutique,112,1,25.35
59700,25886,2025-03-26,4733,Boutique,37,3,114.03
59701,25886,2025-03-26,4733,Boutique,116,1,70.97
59702,25887,2025-03-26,1744,Site,46,1,33.89
59703,25888,2025-03-26,2185,Boutique,63,2,8.04
59704,25888,2025-03-26,2185,Boutique,85,1,11.23
59705,25889,2025-03-26,1327,Site,41,1,29.77
59706,25889,2025-03-26,1327,Site,46,1,33.89
59707,25889,2025-03-26,1327,Site,66,1,9.17
59708,25889,2025-03-26,1327,Site,86,1,157.49
59709,25890,2025-03-26,3,Boutique,46,1,33.89
59710,25891,2025-03-26,4261,Boutique,18,1,13.29
59711,25892,2025-03-26,5008,Boutique,106,2,90.44
900009,25167,2025-03-01,90009,Site,44,1,22.56
59712,25892,2025-03-26,5008,Boutique,21,1,13.29
59713,25892,2025-03-26,5008,Boutique,8,2,71.9
59714,25892,2025-03-26,5008,Boutique,23,1,20.5
59715,25893,2025-03-26,4632,Réseaux,63,1,4.02
59716,25893,2025-03-26,4632,Réseaux,83,1,76.12
59717,25894,2025-03-26,2949,Site,41,1,29.77
59718,25895,2025-03-26,1898,Réseaux,44,1,22.56
59719,25895,2025-03-26,1898,Réseaux,33,1,130.71
59720,25896,2025-03-26,3008,Boutique,67,1,2.99
59721,25896,2025-03-26,3008,Boutique,81,1,16.38
59722,25897,2025-03-26,509,Réseaux,24,1,34.92
59723,25897,2025-03-26,509,Réseaux,11,1,59.64
59724,25898,2025-03-26,5185,Boutique,86,1,157.49
59725,25898,2025-03-26,5185,Boutique,27,2,216.1
59726,25899,2025-03-26,1932,Site,90,1,74.06
59727,25900,2025-03-26,5032,Boutique,14,2,82.2
59728,25900,2025-03-26,5032,Boutique,35,1,16.38
59729,25901,2025-03-26,2301,Site,103,1,29.77
59730,25901,2025-03-26,2301,Site,54,1,56.55
59731,25901,2025-03-26,2301,Site,12,1,39.04
59732,25902,2025-03-26,4314,Boutique,89,1,68.91
59733,25902,2025-03-26,4314,Boutique,78,2,14.22
59734,25902,2025-03-26,4314,Boutique,56,2,199.62
59735,25903,2025-03-26,4931,Site,9,1,44.19
59736,25903,2025-03-26,4931,Site,16,1,10.2
59737,25903,2025-03-26,4931,Site,89,1,68.91
59738,25904,2025-03-26,1522,Boutique,2,1,40.07
59739,25904,2025-03-26,1522,Boutique,27,1,108.05
59740,25904,2025-03-26,1522,Boutique,53,1,20.5
59741,25905,2025-03-26,1731,Boutique,22,1,49.81
59742,25905,2025-03-26,1731,Boutique,42,1,28.28
59743,25906,2025-03-26,3003,Site,85,1,11.23
59744,25906,2025-03-26,3003,Site,52,2,100.74
59745,25907,2025-03-27,795,Site,2,1,40.07
59746,25907,2025-03-27,795,Site,55,1,65.82
59747,25907,2025-03-27,795,Site,46,1,33.89
59748,25908,2025-03-27,5253,Site,25,1,26.68
59749,25909,2025-03-27,3071,Réseaux,84,1,22.56
59750,25909,2025-03-27,3071,Réseaux,44,1,22.56
59751,25910,2025-03-27,2041,Boutique,106,1,45.22
59752,25910,2025-03-27,2041,Boutique,60,1,31.83
59753,25911,2025-03-27,4076,Boutique,18,1,12.63
59754,25912,2025-03-27,5132,Site,37,1,38.01
59755,25912,2025-03-27,5132,Site,41,1,29.77
59756,25913,2025-03-27,4957,Réseaux,30,1,52.43
59757,25914,2025-03-27,2434,Boutique,75,1,7.11
59758,25914,2025-03-27,2434,Boutique,2,2,80.14
59759,25914,2025-03-27,2434,Boutique,89,1,68.91
59760,25915,2025-03-27,3720,Boutique,79,1,5.05
59761,25915,2025-03-27,3720,Boutique,5,2,104.86
59762,25915,2025-03-27,3720,Boutique,23,1,20.5
59763,25915,2025-03-27,3720,Boutique,116,1,70.97
59764,25916,2025-03-27,2126,Site,4,1,40.07
59765,25917,2025-03-27,1780,Site,46,1,33.89
59766,25917,2025-03-27,1780,Site,42,1,29.77
59767,25917,2025-03-27,1780,Site,83,1,76.12
59768,25918,2025-03-27,1558,Réseaux,58,1,36.98
59769,25918,2025-03-27,1558,Réseaux,83,3,228.36
59770,25919,2025-03-27,3020,Boutique,42,1,29.77
59771,25919,2025-03-27,3020,Boutique,101,1,19.47
59772,25920,2025-03-27,2051,Site,42,1,28.28
59773,25921,2025-03-27,383,Boutique,83,1,76.12
59774,25921,2025-03-27,383,Boutique,40,1,77.15
59775,25922,2025-03-27,3801,Site,16,3,30.6
59776,25922,2025-03-27,3801,Site,110,3,80.04
59777,25922,2025-03-27,3801,Site,102,1,20.5
59778,25923,2025-03-27,2936,Site,44,1,22.56
59779,25924,2025-03-27,1147,Site,44,2,45.12
59780,25924,2025-03-27,1147,Site,51,1,17.41
59781,25925,2025-03-27,863,Site,68,1,21.53
59782,25925,2025-03-27,863,Site,49,1,30.8
59783,25926,2025-03-27,573,Site,107,1,15.35
59784,25926,2025-03-27,573,Site,91,1,89.51
59785,25927,2025-03-27,4742,Site,8,1,35.95
59786,25928,2025-03-27,861,Site,53,2,41.0
59787,25928,2025-03-27,861,Site,23,2,41.0
59788,25928,2025-03-27,861,Site,62,2,5.98
59789,25928,2025-03-27,861,Site,88,1,21.53
59790,25929,2025-03-27,5279,Site,80,1,18.5
59791,25929,2025-03-27,5279,Site,32,2,46.78
59792,25929,2025-03-27,5279,Site,13,1,52.74
59793,25929,2025-03-27,5279,Site,66,1,8.71
59794,25929,2025-03-27,5279,Site,103,1,28.28
59795,25930,2025-03-27,3843,Boutique,57,1,17.41
59796,25931,2025-03-27,2016,Site,26,1,64.79
59797,25931,2025-03-27,2016,Site,88,1,21.53
59798,25931,2025-03-27,2016,Site,6,3,132.57
59799,25931,2025-03-27,2016,Site,11,1,59.64
59800,25932,2025-03-27,671,Réseaux,22,1,52.43
59801,25932,2025-03-27,671,Réseaux,71,1,21.53
59802,25933,2025-03-27,411,Boutique,71,1,21.53
59803,25933,2025-03-27,411,Boutique,116,1,70.97
59804,25933,2025-03-27,411,Boutique,120,1,12.26
59805,25933,2025-03-27,411,Boutique,9,1,44.19
59806,25934,2025-03-27,4738,Site,35,1,16.38
59807,25935,2025-03-28,1081,Site,33,1,130.71
59808,25935,2025-03-28,1081,Site,108,1,46.25
59809,25935,2025-03-28,1081,Site,5,1,52.43
59810,25936,2025-03-28,2019,Site,11,1,59.64
59811,25937,2025-03-28,4745,Site,28,1,50.37
59812,25938,2025-03-28,4836,Boutique,18,1,13.29
59813,25938,2025-03-28,4836,Boutique,3,1,39.04
59814,25939,2025-03-28,3865,Site,118,1,12.26
59815,25939,2025-03-28,3865,Site,4,1,40.07
59816,25940,2025-03-28,2609,Réseaux,66,1,9.17
59817,25940,2025-03-28,2609,Réseaux,47,1,34.92
59818,25941,2025-03-28,5304,Réseaux,115,1,51.4
59819,25942,2025-03-28,2471,Réseaux,24,1,34.92
59820,25942,2025-03-28,2471,Réseaux,43,1,24.62
59821,25943,2025-03-28,873,Site,109,1,28.74
59822,25943,2025-03-28,873,Site,48,1,28.74
59823,25943,2025-03-28,873,Site,107,1,15.35
59824,25943,2025-03-28,873,Site,63,1,4.02
59825,25944,2025-03-28,316,Boutique,82,1,79.21
59826,25945,2025-03-28,5006,Boutique,8,1,35.95
59827,25945,2025-03-28,5006,Boutique,43,1,24.62
59828,25946,2025-03-28,1295,Réseaux,94,1,39.04
59829,25947,2025-03-28,5173,Boutique,46,1,33.89
59830,25948,2025-03-28,4937,Réseaux,42,2,59.54
59831,25949,2025-03-28,3729,Site,87,2,242.88
59832,25949,2025-03-28,3729,Site,3,2,78.08
59833,25949,2025-03-28,3729,Site,46,1,33.89
59834,25949,2025-03-28,3729,Site,55,1,65.82
59835,25950,2025-03-28,3203,Boutique,11,1,59.64
59836,25950,2025-03-28,3203,Boutique,52,1,50.37
59837,25951,2025-03-28,2446,Site,43,1,246.2
59838,25951,2025-03-28,2446,Site,104,3,98.58
59839,25951,2025-03-28,2446,Site,55,1,65.82
59840,25952,2025-03-28,5509,Site,3,1,39.04
59841,25953,2025-03-28,5078,Site,24,1,34.92
59842,25953,2025-03-28,5078,Site,45,1,66.85
59843,25953,2025-03-28,5078,Site,106,1,45.22
59844,25954,2025-03-28,680,Réseaux,27,3,324.15
59845,25954,2025-03-28,680,Réseaux,61,1,11.23
59846,25954,2025-03-28,680,Réseaux,55,1,65.82
59847,25955,2025-03-28,4509,Site,86,1,157.49
59848,25956,2025-03-28,5494,Site,20,1,28.74
59849,25956,2025-03-28,5494,Site,67,1,2.99
59850,25957,2025-03-28,75,Boutique,46,1,32.2
59851,25958,2025-03-28,1360,Site,35,1,16.38
59852,25958,2025-03-28,1360,Site,66,1,9.17
59853,25959,2025-03-28,2626,Site,20,1,28.74
59854,25959,2025-03-28,2626,Site,2,2,80.14
59855,25959,2025-03-28,2626,Site,15,1,12.26
59856,25959,2025-03-28,2626,Site,2,1,40.07
59857,25960,2025-03-28,274,Boutique,8,1,35.95
59858,25960,2025-03-28,274,Boutique,39,1,66.85
59859,25961,2025-03-28,2683,Site,23,1,20.5
59860,25961,2025-03-28,2683,Site,92,1,12.26
59861,25962,2025-03-28,5444,Site,119,1,58.61
59862,25962,2025-03-28,5444,Site,4,1,40.07
59863,25963,2025-03-28,3632,Boutique,6,3,132.57
59864,25963,2025-03-28,3632,Boutique,47,1,34.92
59865,25963,2025-03-28,3632,Boutique,37,1,38.01
59866,25964,2025-03-29,5253,Boutique,104,1,32.86
59867,25964,2025-03-29,5253,Boutique,14,1,41.1
59868,25964,2025-03-29,5253,Boutique,65,1,18.44
59869,25964,2025-03-29,5253,Boutique,62,1,2.99
59870,25965,2025-03-29,5177,Site,5,1,52.43
59871,25966,2025-03-29,329,Boutique,82,1,79.21
59872,25966,2025-03-29,329,Boutique,71,1,21.53
59873,25967,2025-03-29,3386,Site,23,1,20.5
59874,25968,2025-03-29,402,Site,86,1,157.49
59875,25968,2025-03-29,402,Site,12,1,39.04
59876,25968,2025-03-29,402,Site,65,2,36.88
59877,25969,2025-03-29,5217,Site,23,2,41.0
59878,25969,2025-03-29,5217,Site,11,1,59.64
59879,25970,2025-03-29,85,Boutique,30,1,52.43
59880,25970,2025-03-29,85,Boutique,55,3,197.46
59881,25971,2025-03-29,4623,Site,40,1,73.29
59882,25972,2025-03-29,5016,Boutique,33,1,130.71
59883,25972,2025-03-29,5016,Boutique,62,2,5.98
59884,25972,2025-03-29,5016,Boutique,84,1,22.56
59885,25972,2025-03-29,5016,Boutique,50,1,73.03
59886,25973,2025-03-29,5374,Réseaux,7,1,17.41
59887,25974,2025-03-29,1292,Boutique,63,1,4.02
59888,25974,2025-03-29,1292,Boutique,26,1,64.79
59889,25975,2025-03-29,1249,Boutique,69,2,16.28
59890,25975,2025-03-29,1249,Boutique,3,1,39.04
59891,25976,2025-03-29,1575,Boutique,42,1,29.77
59892,25976,2025-03-29,1575,Boutique,22,1,52.43
59893,25976,2025-03-29,1575,Boutique,69,1,8.14
59894,25977,2025-03-29,648,Boutique,92,1,12.26
59895,25977,2025-03-29,648,Boutique,26,1,64.79
59896,25977,2025-03-29,648,Boutique,7,2,34.82
59897,25978,2025-03-29,2126,Boutique,64,1,10.2
59898,25978,2025-03-29,2126,Boutique,68,1,21.53
59899,25978,2025-03-29,2126,Boutique,12,2,78.08
59900,25979,2025-03-29,3483,Site,61,3,33.69
59901,25979,2025-03-29,3483,Site,108,1,46.25
59902,25980,2025-03-29,3231,Boutique,72,1,2.99
59903,25981,2025-03-29,937,Site,27,1,108.05
59904,25981,2025-03-29,937,Site,82,1,79.21
59905,25982,2025-03-29,329,Boutique,104,1,32.86
59906,25982,2025-03-29,329,Boutique,62,1,2.99
900018,25194,2025-03-01,90018,Boutique,81,1,16.38
59907,25983,2025-03-29,3850,Boutique,77,1,22.56
59908,25983,2025-03-29,3850,Boutique,107,1,15.35
59909,25983,2025-03-29,3850,Boutique,12,1,39.04
59910,25983,2025-03-29,3850,Boutique,57,1,17.41
59911,25983,2025-03-29,3850,Boutique,105,1,17.41
59912,25984,2025-03-29,1544,Site,86,1,157.49
59913,25984,2025-03-29,1544,Site,3,1,39.04
59914,25984,2025-03-29,1544,Site,21,1,13.29
59915,25984,2025-03-29,1544,Site,114,2,38.94
59916,25985,2025-03-29,4339,Boutique,21,1,13.29
59917,25985,2025-03-29,4339,Boutique,45,2,133.7
59918,25986,2025-03-29,2818,Boutique,23,4,82.0
59919,25986,2025-03-29,2818,Boutique,105,1,17.41
59920,25986,2025-03-29,2818,Boutique,65,1,18.44
59921,25987,2025-03-29,3558,Boutique,89,1,68.91
59922,25988,2025-03-29,4266,Site,11,1,59.64
59923,25988,2025-03-29,4266,Site,68,1,21.53
59924,25988,2025-03-29,4266,Site,1,1,44.19
59925,25988,2025-03-29,4266,Site,105,1,17.41
59926,25988,2025-03-29,4266,Site,21,1,13.29
59927,25989,2025-03-29,4935,Site,47,2,69.84
59928,25989,2025-03-29,4935,Site,65,1,18.44
59929,25990,2025-03-29,5315,Boutique,45,1,66.85
59930,25990,2025-03-29,5315,Boutique,51,1,17.41
59931,25990,2025-03-29,5315,Boutique,73,1,5.05
59932,25990,2025-03-29,5315,Boutique,10,2,102.8
59933,25991,2025-03-29,104,Réseaux,2,1,40.07
59934,25991,2025-03-29,104,Réseaux,101,1,19.47
59935,25991,2025-03-29,104,Réseaux,35,1,16.38
59936,25992,2025-03-29,2295,Boutique,61,1,11.23
59937,25992,2025-03-29,2295,Boutique,96,1,12.26
59938,25993,2025-03-29,5304,Réseaux,17,1,16.38
59939,25994,2025-03-29,716,Boutique,90,1,74.06
59940,25994,2025-03-29,716,Boutique,117,1,12.26
59941,25995,2025-03-29,3624,Site,45,3,200.55
59942,25996,2025-03-29,3691,Site,32,1,24.62
59943,25996,2025-03-29,3691,Site,63,1,4.02
59944,25997,2025-03-29,5350,Site,47,1,34.92
59945,25997,2025-03-29,5350,Site,50,1,73.03
59946,25997,2025-03-29,5350,Site,84,1,22.56
59947,25998,2025-03-29,1061,Site,101,1,19.47
59948,25998,2025-03-29,1061,Site,98,1,93.63
59949,25999,2025-03-29,966,Boutique,24,1,34.92
59950,26000,2025-03-29,1466,Boutique,109,2,57.48
59951,26000,2025-03-29,1466,Boutique,72,1,2.99
59952,26000,2025-03-29,1466,Boutique,3,1,39.04
59953,26001,2025-03-29,2522,Réseaux,8,1,35.95
59954,26002,2025-03-30,5384,Réseaux,85,1,11.23
59955,26003,2025-03-30,4075,Site,54,1,56.55
59956,26003,2025-03-30,4075,Site,91,1,89.51
59957,26003,2025-03-30,4075,Site,24,1,34.92
59958,26004,2025-03-30,842,Site,24,2,69.84
59959,26004,2025-03-30,842,Site,20,1,28.74
59960,26005,2025-03-30,5505,Boutique,111,1,91.8
59961,26006,2025-03-30,132,Boutique,42,1,29.77
59962,26007,2025-03-30,5188,Boutique,23,1,20.5
59963,26008,2025-03-30,4404,Boutique,90,1,74.06
59964,26008,2025-03-30,4404,Boutique,110,1,26.68
59965,26008,2025-03-30,4404,Boutique,44,1,22.56
59966,26009,2025-03-30,4379,Site,7,1,17.41
59967,26010,2025-03-30,2735,Boutique,57,1,17.41
59968,26010,2025-03-30,2735,Boutique,6,1,44.19
59969,26010,2025-03-30,2735,Boutique,45,2,133.7
59970,26011,2025-03-30,3836,Boutique,103,1,29.77
59971,26012,2025-03-30,1619,Réseaux,102,1,20.5
59972,26013,2025-03-30,3404,Réseaux,81,1,16.38
59973,26014,2025-03-30,738,Site,66,1,9.17
59974,26015,2025-03-30,5423,Boutique,44,1,22.56
59975,26015,2025-03-30,5423,Boutique,2,1,40.07
59976,26016,2025-03-30,2987,Boutique,69,2,16.28
59977,26016,2025-03-30,2987,Boutique,40,3,231.45
59978,26016,2025-03-30,2987,Boutique,24,2,69.84
59979,26016,2025-03-30,2987,Boutique,51,1,17.41
59980,26017,2025-03-30,4276,Boutique,76,1,18.44
59981,26018,2025-03-30,1276,Boutique,43,1,24.62
59982,26018,2025-03-30,1276,Boutique,45,2,133.7
59983,26019,2025-03-30,4611,Boutique,116,3,212.91
59984,26019,2025-03-30,4611,Boutique,102,2,41.0
59985,26020,2025-03-31,3823,Boutique,12,1,39.04
59986,26021,2025-03-31,1374,Site,32,1,24.62
59987,26021,2025-03-31,1374,Site,23,1,20.5
59988,26021,2025-03-31,1374,Site,41,1,29.77
59989,26022,2025-03-31,1339,Site,5,1,52.43
59990,26022,2025-03-31,1339,Site,7,1,17.41
59991,26023,2025-03-31,5385,Boutique,37,1,38.01
59992,26023,2025-03-31,5385,Boutique,63,1,4.02
59993,26024,2025-03-31,584,Site,61,1,11.23
59994,26024,2025-03-31,584,Site,65,1,18.44
59995,26024,2025-03-31,584,Site,18,1,13.29
59996,26024,2025-03-31,584,Site,34,2,218.16
59997,26025,2025-03-31,1697,Boutique,75,2,14.22
59998,26025,2025-03-31,1697,Boutique,82,1,79.21
59999,26026,2025-03-31,5217,Boutique,3,1,37.09
60000,26026,2025-03-31,5217,Boutique,5,1,49.81
60001,26027,2025-03-31,3987,Site,88,1,21.53
60002,26028,2025-03-31,4409,Boutique,110,1,26.68
60003,26029,2025-03-31,1722,Site,70,1,14.32
60004,26030,2025-03-31,2914,Boutique,50,2,146.06
60005,26031,2025-03-31,1001,Site,30,2,104.86
60006,26031,2025-03-31,1001,Site,21,1,13.29
60007,26031,2025-03-31,1001,Site,49,1,30.8
60008,26032,2025-03-31,3746,Site,101,1,18.5
60009,26033,2025-03-31,64,Boutique,69,1,8.14
60010,26033,2025-03-31,64,Boutique,65,1,18.44
60011,26033,2025-03-31,64,Boutique,14,3,123.3
60012,26033,2025-03-31,64,Boutique,25,1,26.68
60013,26034,2025-03-31,1259,Site,24,1,34.92
60014,26034,2025-03-31,1259,Site,86,1,157.49
60015,26034,2025-03-31,1259,Site,41,1,29.77
60016,26035,2025-03-31,1834,Boutique,50,1,73.03
60017,26035,2025-03-31,1834,Boutique,19,3,92.4
60018,26035,2025-03-31,1834,Boutique,43,1,24.62
60019,26036,2025-03-31,5289,Boutique,33,1,124.17
60020,26037,2025-03-31,3082,Site,42,1,29.77
60021,26038,2025-03-31,673,Site,21,2,26.58
60022,26038,2025-03-31,673,Site,6,1,44.19
60023,26038,2025-03-31,673,Site,23,1,20.5
60024,26038,2025-03-31,673,Site,79,1,5.05
60025,26039,2025-03-31,4965,Site,102,1,20.5
60026,26039,2025-03-31,4965,Site,72,1,2.99
60027,26039,2025-03-31,4965,Site,65,1,18.44
60028,26040,2025-03-31,4913,Site,22,1,52.43
60029,26041,2025-03-31,4942,Site,57,1,17.41
60030,26041,2025-03-31,4942,Site,54,1,56.55
60031,26041,2025-03-31,4942,Site,48,1,28.74
60032,26041,2025-03-31,4942,Site,69,1,8.14
60033,26042,2025-03-31,348,Site,64,1,10.2
60034,26042,2025-03-31,348,Site,101,1,19.47
60035,26043,2025-03-31,4189,Boutique,54,1,56.55
60036,26043,2025-03-31,4189,Boutique,21,1,13.29
60037,26043,2025-03-31,4189,Boutique,66,2,18.34
