fichier,date_livraison,lignes_annoncees
commandes_2025-01.csv,2025-02-03,2227
commandes_2025-02.csv,2025-03-03,1712
commandes_2025-03.csv,2025-04-03,2028
commandes_2025-03_v2.csv,2025-04-14,2028
commandes_2025-04.csv,2025-05-03,2228
commandes_2025-05.csv,2025-06-03,2388
commandes_2025-06.csv,2025-07-03,2333
commandes_2025-07.csv,2025-08-03,2243
commandes_2025-08.csv,2025-09-03,1807
commandes_2025-09.csv,2025-10-03,2522
commandes_2025-09_v2.csv,2025-10-09,2522
commandes_2025-10.csv,2025-11-03,2645
commandes_2025-10_v2.csv,2025-11-06,2645
commandes_2025-11.csv,2025-12-03,3484
commandes_2025-12.csv,2026-01-03,4262
