mois,categorie,canal,ca_budget,ca_reel,quantite_budget,quantite_reel,prix_moyen_budget,prix_moyen_reel,marge_budget,marge_reelle
1,Bien-être,Boutique,4899.89,4497.64,180.0,164,27.22,27.42,1161.17,1179.36
1,Bien-être,Réseaux,1200.71,1170.48,49.0,45,24.5,26.01,287.96,320.37
1,Bien-être,Site,4000.86,5147.75,160.0,203,25.01,25.36,971.89,1211.69
1,Cuisine,Boutique,9208.47,8464.84,253.0,230,36.4,36.8,2551.54,2366.08
1,Cuisine,Réseaux,2766.06,1823.27,73.0,49,37.89,37.21,713.26,546.98
1,Cuisine,Site,7065.59,9186.93,190.0,260,37.19,35.33,1819.04,2495.11
1,Décoration,Boutique,9274.95,8569.25,272.0,244,34.1,35.12,2648.13,2505.13
1,Décoration,Réseaux,2645.87,1805.8,80.0,49,33.07,36.85,697.16,523.74
1,Décoration,Site,7477.59,9277.9,206.0,264,36.3,35.14,2168.5,2715.66
1,Jardin,Boutique,3877.85,4174.62,70.0,75,55.4,55.66,1016.84,1282.62
1,Jardin,Réseaux,746.83,587.26,15.0,16,49.79,36.7,220.67,175.64
1,Jardin,Site,2739.03,2693.23,52.0,64,52.67,42.08,684.5,695.32
1,Maison,Boutique,10498.62,11439.32,249.0,248,42.16,46.13,2859.35,3129.82
1,Maison,Réseaux,2725.84,3063.22,57.0,58,47.82,52.81,825.4,799.78
1,Maison,Site,8306.39,13145.15,198.0,273,41.95,48.15,2117.59,3621.82
1,Papeterie,Boutique,1861.66,1736.74,218.0,185,8.54,9.39,478.85,476.68
1,Papeterie,Réseaux,620.55,488.23,58.0,53,10.7,9.21,152.41,123.82
1,Papeterie,Site,1436.37,1907.32,136.0,205,10.56,9.3,349.4,526.1
2,Bien-être,Boutique,4159.28,3908.32,154.0,146,27.01,26.77,1230.07,1158.5
2,Bien-être,Réseaux,785.82,767.98,35.0,32,22.45,24.0,210.84,238.94
2,Bien-être,Site,3214.97,3313.44,120.0,122,26.79,27.16,914.93,973.97
2,Cuisine,Boutique,7534.22,7147.4,194.0,183,38.84,39.06,2292.45,2311.34
2,Cuisine,Réseaux,1896.59,986.13,46.0,29,41.23,34.0,561.29,316.01
2,Cuisine,Site,5146.16,7385.35,149.0,193,34.54,38.27,1514.61,2283.87
2,Décoration,Boutique,7658.89,7738.72,208.0,203,36.82,38.12,2479.4,2591.03
2,Décoration,Réseaux,2432.61,1108.79,60.0,27,40.54,41.07,803.04,388.43
2,Décoration,Site,6093.36,7926.92,159.0,213,38.32,37.22,2007.32,2720.51
2,Jardin,Boutique,3804.49,3346.48,74.0,61,51.41,54.86,1167.4,1036.95
2,Jardin,Réseaux,844.81,386.7,16.0,10,52.8,38.67,250.42,129.73
2,Jardin,Site,2852.85,3915.89,53.0,70,53.83,55.94,856.22,1332.26
2,Maison,Boutique,10798.38,9380.75,205.0,197,52.68,47.62,3409.55,3049.92
2,Maison,Réseaux,2029.24,1910.59,36.0,46,56.37,41.53,608.03,606.23
2,Maison,Site,5697.33,9672.78,134.0,185,42.52,52.29,1833.76,3062.82
2,Papeterie,Boutique,2144.33,1557.74,188.0,139,11.41,11.21,647.33,477.02
2,Papeterie,Réseaux,331.31,319.21,31.0,34,10.69,9.39,94.8,114.55
2,Papeterie,Site,1438.57,1869.25,132.0,168,10.9,11.13,430.62,600.16
3,Bien-être,Boutique,4902.2,4047.38,187.0,146,26.21,27.72,1401.86,1195.03
3,Bien-être,Réseaux,1221.46,718.74,38.0,26,32.14,27.64,339.97,203.86
3,Bien-être,Site,3498.58,3871.2,132.0,141,26.5,27.46,1015.96,1120.87
3,Cuisine,Boutique,9906.84,8348.56,254.0,218,39.0,38.3,3070.4,2668.08
3,Cuisine,Réseaux,2202.53,1851.21,58.0,47,37.97,39.39,695.02,562.41
3,Cuisine,Site,7968.84,8495.07,217.0,220,36.72,38.61,2327.93,2705.34
3,Décoration,Boutique,10743.25,8350.76,284.0,226,37.83,36.95,3456.13,2915.83
3,Décoration,Réseaux,2406.44,1521.23,69.0,42,34.88,36.22,756.74,496.2
3,Décoration,Site,7834.66,8847.24,205.0,231,38.22,38.3,2611.06,3004.72
3,Jardin,Boutique,7912.52,5315.92,132.0,114,59.94,46.63,2441.87,1740.85
3,Jardin,Réseaux,1231.69,1278.22,27.0,28,45.62,45.65,344.18,450.87
3,Jardin,Site,4565.95,8194.44,89.0,125,51.3,65.56,1488.82,2656.82
3,Maison,Boutique,12307.16,11155.94,253.0,241,48.64,46.29,3788.07,3588.21
3,Maison,Réseaux,3042.29,2678.64,56.0,51,54.33,52.52,943.86,906.26
3,Maison,Site,8767.89,10744.55,189.0,217,46.39,49.51,2717.35,3469.86
3,Papeterie,Boutique,2290.32,1820.34,217.0,170,10.55,10.71,686.75,593.69
3,Papeterie,Réseaux,489.93,392.12,41.0,34,11.95,11.53,151.91,127.39
3,Papeterie,Site,1765.79,2155.74,171.0,198,10.33,10.89,539.23,681.15
4,Bien-être,Boutique,3706.11,4861.8,136.0,168,27.25,28.94,1071.96,1443.62
4,Bien-être,Réseaux,910.0,1215.32,34.0,38,26.76,31.98,289.7,366.96
4,Bien-être,Site,3266.83,4133.81,111.0,160,29.43,25.84,904.98,1232.35
4,Cuisine,Boutique,8520.08,8699.09,216.0,215,39.44,40.46,2676.26,2796.77
4,Cuisine,Réseaux,1959.82,1871.04,46.0,49,42.6,38.18,630.79,621.53
4,Cuisine,Site,8123.8,9625.46,207.0,246,39.25,39.13,2351.13,3079.43
4,Décoration,Boutique,10408.18,9245.66,272.0,259,38.27,35.7,3481.2,3185.24
4,Décoration,Réseaux,1898.91,1367.97,56.0,40,33.91,34.2,629.06,483.94
4,Décoration,Site,8126.22,7842.0,222.0,209,36.6,37.52,2644.86,2711.2
4,Jardin,Boutique,8734.89,9992.1,170.0,184,51.38,54.3,2808.9,3237.0
4,Jardin,Réseaux,1183.62,1920.75,26.0,34,45.52,56.49,331.89,591.8
4,Jardin,Site,9536.02,9304.62,152.0,179,62.74,51.98,3045.61,2933.58
4,Maison,Boutique,10053.51,11109.33,238.0,231,42.24,48.09,3221.0,3532.35
4,Maison,Réseaux,1795.41,2545.15,39.0,53,46.04,48.02,526.55,852.87
4,Maison,Site,10722.18,10342.4,217.0,207,49.41,49.96,3346.84,3270.84
4,Papeterie,Boutique,1804.03,1924.59,171.0,182,10.55,10.57,532.35,631.28
4,Papeterie,Réseaux,357.09,436.23,38.0,44,9.4,9.91,102.88,127.48
4,Papeterie,Site,1854.81,2143.21,169.0,206,10.98,10.4,555.24,681.96
5,Bien-être,Boutique,4639.59,3231.05,167.0,124,27.78,26.06,1318.12,979.72
5,Bien-être,Réseaux,657.24,827.92,32.0,31,20.54,26.71,182.16,258.95
5,Bien-être,Site,3858.18,4786.22,146.0,165,26.43,29.01,1123.55,1432.65
5,Cuisine,Boutique,8744.24,7754.06,234.0,199,37.37,38.97,2608.89,2497.43
5,Cuisine,Réseaux,1513.11,1830.91,39.0,53,38.8,34.55,422.62,590.73
5,Cuisine,Site,6809.11,7974.19,176.0,215,38.69,37.09,2115.94,2600.23
5,Décoration,Boutique,8709.55,8314.32,239.0,214,36.44,38.85,2841.41,2779.34
5,Décoration,Réseaux,1656.21,2171.12,51.0,55,32.47,39.47,521.07,744.19
5,Décoration,Site,9709.38,8262.26,250.0,241,38.84,34.28,3272.62,2763.7
5,Jardin,Boutique,18285.1,14539.17,339.0,305,53.94,47.67,5573.5,4630.48
5,Jardin,Réseaux,3272.3,4283.16,68.0,78,48.12,54.91,1047.32,1426.34
5,Jardin,Site,13954.67,14566.32,267.0,276,52.26,52.78,4300.56,4846.44
5,Maison,Boutique,12149.98,9448.76,237.0,185,51.27,51.07,4010.62,3138.12
5,Maison,Réseaux,4348.91,2300.65,66.0,44,65.89,52.29,1305.14,687.52
5,Maison,Site,11141.15,10662.3,239.0,222,46.62,48.03,3365.25,3483.16
5,Papeterie,Boutique,2620.47,1618.56,226.0,160,11.6,10.12,779.44,520.25
5,Papeterie,Réseaux,393.36,338.73,42.0,37,9.37,9.15,126.09,109.44
5,Papeterie,Site,1877.98,2362.33,166.0,202,11.31,11.69,573.35,708.88
6,Bien-être,Boutique,3510.57,2471.49,144.0,113,24.38,21.87,942.37,767.44
6,Bien-être,Réseaux,1294.46,920.18,51.0,42,25.38,21.91,364.58,241.02
6,Bien-être,Site,2476.1,3580.25,94.0,134,26.34,26.72,696.12,1038.38
6,Cuisine,Boutique,7793.44,6086.91,227.0,170,34.33,35.81,2213.13,1844.3
6,Cuisine,Réseaux,1178.29,2058.13,31.0,54,38.01,38.11,343.74,642.57
6,Cuisine,Site,6144.77,6630.44,155.0,175,39.64,37.89,1774.14,2072.44
6,Décoration,Boutique,8766.95,5814.3,218.0,159,40.22,36.57,2752.2,1890.59
6,Décoration,Réseaux,1841.09,1522.19,42.0,45,43.84,33.83,615.41,493.9
6,Décoration,Site,6256.81,6521.98,164.0,177,38.15,36.85,1952.2,2069.76
6,Jardin,Boutique,22798.32,18224.8,433.0,369,52.65,49.39,6562.84,5507.1
6,Jardin,Réseaux,5823.34,6166.69,95.0,112,61.3,55.06,1805.13,2109.61
6,Jardin,Site,19670.86,23812.3,372.0,428,52.88,55.64,5764.84,7443.76
6,Maison,Boutique,8329.86,8980.81,184.0,176,45.27,51.03,2415.4,2939.93
6,Maison,Réseaux,2216.35,2541.63,51.0,51,43.46,49.84,634.18,785.34
6,Maison,Site,9086.87,7816.52,174.0,191,52.22,40.92,2706.94,2504.93
6,Papeterie,Boutique,1506.38,1539.85,160.0,146,9.41,10.55,415.22,475.83
6,Papeterie,Réseaux,531.17,559.01,49.0,43,10.84,13.0,151.02,179.82
6,Papeterie,Site,1394.03,1682.64,137.0,158,10.18,10.65,412.11,495.95
7,Bien-être,Boutique,3548.98,2303.31,119.0,93,29.82,24.77,954.19,595.28
7,Bien-être,Réseaux,271.49,993.55,17.0,38,15.97,26.15,75.46,275.15
7,Bien-être,Site,2762.45,3300.27,112.0,129,24.66,25.58,737.63,912.58
7,Cuisine,Boutique,6029.2,5250.89,160.0,138,37.68,38.05,1656.88,1479.59
7,Cuisine,Réseaux,1245.44,2237.38,39.0,56,31.93,39.95,314.61,644.06
7,Cuisine,Site,4780.38,6348.49,132.0,176,36.22,36.07,1277.46,1805.33
7,Décoration,Boutique,5768.72,4554.04,155.0,131,37.22,34.76,1801.07,1437.37
7,Décoration,Réseaux,1506.39,2368.75,39.0,57,38.63,41.56,428.82,750.8
7,Décoration,Site,5568.42,6631.85,157.0,189,35.47,35.09,1645.41,2082.73
7,Jardin,Boutique,21322.43,21997.1,417.0,408,51.13,53.91,5989.73,6497.99
7,Jardin,Réseaux,7873.43,7481.75,139.0,120,56.64,62.35,2251.56,2342.05
7,Jardin,Site,18695.71,27232.57,351.0,480,53.26,56.73,5166.52,8337.31
7,Maison,Boutique,7790.12,6041.23,162.0,123,48.09,49.12,2191.75,1876.61
7,Maison,Réseaux,2092.79,2509.13,41.0,51,51.04,49.2,566.59,734.58
7,Maison,Site,7471.4,9068.5,145.0,194,51.53,46.74,2043.07,2732.18
7,Papeterie,Boutique,1593.91,1449.25,150.0,136,10.63,10.66,435.9,408.44
7,Papeterie,Réseaux,405.37,400.42,41.0,38,9.89,10.54,117.24,123.26
7,Papeterie,Site,1445.12,1052.39,126.0,116,11.47,9.07,395.49,307.97
8,Bien-être,Boutique,3007.56,2767.8,117.0,107,25.71,25.87,904.49,851.44
8,Bien-être,Réseaux,657.61,953.3,21.0,35,31.31,27.24,173.78,309.2
8,Bien-être,Site,1808.02,2343.91,68.0,88,26.59,26.64,515.13,706.87
8,Cuisine,Boutique,5323.05,4695.41,137.0,115,38.85,40.83,1648.48,1502.58
8,Cuisine,Réseaux,1406.68,1304.11,33.0,36,42.63,36.23,462.65,434.22
8,Cuisine,Site,5058.94,4896.34,135.0,127,37.47,38.55,1532.35,1551.21
8,Décoration,Boutique,5135.65,6349.68,149.0,164,34.47,38.72,1631.11,2124.84
8,Décoration,Réseaux,1081.54,1433.48,32.0,37,33.8,38.74,330.39,507.81
8,Décoration,Site,4887.56,5607.24,142.0,147,34.42,38.14,1563.88,1819.86
8,Jardin,Boutique,19886.1,22434.45,351.0,383,56.66,58.58,6282.73,7441.52
8,Jardin,Réseaux,3429.12,3390.57,71.0,71,48.3,47.75,1044.59,1131.52
8,Jardin,Site,15685.76,16822.2,289.0,300,54.28,56.07,4797.74,5430.6
8,Maison,Boutique,7965.24,5420.54,157.0,114,50.73,47.55,2505.41,1794.18
8,Maison,Réseaux,1360.4,2376.25,31.0,41,43.88,57.96,457.44,717.82
8,Maison,Site,7226.88,6209.39,137.0,134,52.75,46.34,2180.28,2062.37
8,Papeterie,Boutique,1177.76,1205.62,108.0,116,10.91,10.39,352.35,395.39
8,Papeterie,Réseaux,359.11,256.46,25.0,26,14.36,9.86,97.7,80.55
8,Papeterie,Site,1240.76,1431.61,119.0,125,10.43,11.45,375.5,438.15
9,Bien-être,Boutique,3431.98,3065.63,134.0,112,25.61,27.37,1009.74,974.02
9,Bien-être,Réseaux,631.83,1087.11,17.0,38,37.17,28.61,168.54,320.42
9,Bien-être,Site,3131.89,3952.3,123.0,155,25.46,25.5,890.51,1139.54
9,Cuisine,Boutique,6585.15,7212.26,171.0,193,38.51,37.37,1983.69,2369.89
9,Cuisine,Réseaux,1430.15,1891.78,38.0,44,37.64,43.0,431.06,587.21
9,Cuisine,Site,7739.96,8483.55,195.0,209,39.69,40.59,2366.89,2611.54
9,Décoration,Boutique,8494.36,7654.2,228.0,205,37.26,37.34,2840.9,2611.1
9,Décoration,Réseaux,1873.59,1855.4,49.0,50,38.24,37.11,625.69,653.45
9,Décoration,Site,7644.68,7469.51,220.0,214,34.75,34.9,2398.09,2476.11
9,Jardin,Boutique,17334.45,16595.35,325.0,283,53.34,58.64,5315.01,5466.66
9,Jardin,Réseaux,5071.66,4526.6,88.0,78,57.63,58.03,1592.7,1454.79
9,Jardin,Site,18957.54,22935.73,341.0,403,55.59,56.91,5868.91,7451.34
9,Maison,Boutique,8760.74,9350.5,175.0,189,50.06,49.47,2601.52,3037.87
9,Maison,Réseaux,1453.75,1633.32,37.0,43,39.29,37.98,436.34,492.13
9,Maison,Site,10155.33,9699.55,188.0,214,54.02,45.32,3090.22,3276.54
9,Papeterie,Boutique,2469.71,2476.31,228.0,255,10.83,9.71,698.92,791.72
9,Papeterie,Réseaux,835.41,566.78,64.0,50,13.05,11.34,241.04,172.6
9,Papeterie,Site,2489.4,2996.86,232.0,280,10.73,10.7,729.44,894.89
10,Bien-être,Boutique,3921.08,3898.99,148.0,138,26.49,28.25,1157.21,1177.94
10,Bien-être,Réseaux,868.68,836.25,33.0,30,26.32,27.88,253.56,261.09
10,Bien-être,Site,4754.68,5452.81,177.0,218,26.86,25.01,1331.33,1721.06
10,Cuisine,Boutique,9198.38,8796.12,240.0,225,38.33,39.09,2870.77,2802.51
10,Cuisine,Réseaux,1569.03,1532.22,44.0,42,35.66,36.48,465.81,484.29
10,Cuisine,Site,9570.11,10068.49,244.0,265,39.22,37.99,2944.64,3205.69
10,Décoration,Boutique,8027.94,8837.69,223.0,245,36.0,36.07,2630.14,2957.16
10,Décoration,Réseaux,1738.95,2496.82,46.0,64,37.8,39.01,542.48,893.46
10,Décoration,Site,10662.47,9136.89,286.0,250,37.28,36.55,3527.45,3074.56
10,Jardin,Boutique,11668.68,14804.88,214.0,263,54.53,56.29,3555.18,4786.12
10,Jardin,Réseaux,1333.62,3525.58,30.0,65,44.45,54.24,421.1,1206.92
10,Jardin,Site,12113.95,14935.46,212.0,261,57.14,57.22,3667.06,4961.93
10,Maison,Boutique,13379.6,12655.18,276.0,277,48.48,45.69,4352.07,3957.08
10,Maison,Réseaux,3215.25,3399.3,63.0,63,51.04,53.96,1046.77,1184.47
10,Maison,Site,12827.13,14578.46,257.0,299,49.91,48.76,3949.37,4640.96
10,Papeterie,Boutique,2071.37,2328.62,193.0,197,10.73,11.82,616.8,753.48
10,Papeterie,Réseaux,522.79,417.47,52.0,36,10.05,11.6,155.1,125.78
10,Papeterie,Site,1809.14,2362.69,181.0,198,10.0,11.93,545.8,736.54
11,Bien-être,Boutique,6544.78,6462.86,256.0,235,25.57,27.5,1758.92,1840.75
11,Bien-être,Réseaux,1626.21,1925.45,60.0,74,27.1,26.02,420.99,535.88
11,Bien-être,Site,6159.1,6699.34,238.0,265,25.88,25.28,1559.98,1870.15
11,Cuisine,Boutique,12206.01,12653.99,329.0,339,37.1,37.33,3568.26,3835.15
11,Cuisine,Réseaux,3044.29,4151.93,82.0,111,37.13,37.4,841.35,1243.83
11,Cuisine,Site,12503.34,13881.83,333.0,372,37.55,37.32,3631.44,4222.61
11,Décoration,Boutique,15097.07,11680.09,401.0,328,37.65,35.61,4758.8,3713.97
11,Décoration,Réseaux,3911.53,3341.78,112.0,91,34.92,36.72,1168.87,1108.78
11,Décoration,Site,13077.94,12225.46,397.0,374,32.94,32.69,4077.89,3943.32
11,Jardin,Boutique,11446.24,10419.94,219.0,214,52.27,48.69,3384.41,3216.86
11,Jardin,Réseaux,2165.72,3228.98,47.0,60,46.08,53.82,673.35,960.97
11,Jardin,Site,10476.48,12157.59,179.0,215,58.53,56.55,3069.19,3713.3
11,Maison,Boutique,17076.86,16601.89,343.0,338,49.79,49.12,5083.29,5183.69
11,Maison,Réseaux,4370.22,5003.12,89.0,106,49.1,47.2,1225.83,1465.02
11,Maison,Site,16089.68,16441.43,361.0,349,44.57,47.11,4873.92,5174.43
11,Papeterie,Boutique,2572.2,2767.85,251.0,273,10.25,10.14,723.52,801.11
11,Papeterie,Réseaux,490.73,803.18,51.0,82,9.62,9.79,156.14,236.84
11,Papeterie,Site,3007.85,3444.87,301.0,341,9.99,10.1,903.73,1020.93
12,Bien-être,Boutique,6429.79,7166.45,231.0,263,27.83,27.25,1809.88,2169.94
12,Bien-être,Réseaux,1847.76,2254.41,71.0,91,26.02,24.77,546.09,679.63
12,Bien-être,Site,6746.58,8576.13,256.0,318,26.35,26.97,1961.16,2653.86
12,Cuisine,Boutique,15246.76,13455.64,392.0,349,38.89,38.55,4431.64,4384.76
12,Cuisine,Réseaux,4006.75,3599.39,109.0,105,36.76,34.28,1190.76,1181.79
12,Cuisine,Site,13619.19,16633.77,363.0,440,37.52,37.8,4232.62,5210.34
12,Décoration,Boutique,26646.3,24789.69,731.0,649,36.45,38.2,8661.4,8362.59
12,Décoration,Réseaux,5743.41,7014.86,175.0,209,32.82,33.56,1882.93,2350.16
12,Décoration,Site,28344.95,29086.49,765.0,800,37.05,36.36,9034.0,9798.58
12,Jardin,Boutique,7945.86,7222.49,128.0,127,62.08,56.87,2442.8,2383.48
12,Jardin,Réseaux,1429.75,1909.92,26.0,31,54.99,61.61,466.84,615.73
12,Jardin,Site,7813.78,9630.81,145.0,157,53.89,61.34,2439.49,3256.74
12,Maison,Boutique,16705.66,17496.31,360.0,370,46.4,47.29,5161.15,5535.94
12,Maison,Réseaux,4359.56,4783.95,101.0,97,43.16,49.32,1314.18,1523.79
12,Maison,Site,17383.81,22407.46,352.0,442,49.39,50.7,5308.59,7340.27
12,Papeterie,Boutique,3112.52,3254.29,282.0,299,11.04,10.88,923.3,1039.82
12,Papeterie,Réseaux,779.41,849.01,68.0,78,11.46,10.88,211.92,257.06
12,Papeterie,Site,2861.63,3713.81,292.0,348,9.8,10.67,856.27,1172.86
