id_produit,categorie,date_debut,date_fin,courant
1,Cuisine,2023-01-01,9999-12-31,1
2,Cuisine,2023-01-01,9999-12-31,1
3,Maison,2023-01-01,2024-06-30,0
3,Cuisine,2024-07-01,9999-12-31,1
4,Cuisine,2023-01-01,9999-12-31,1
5,Jardin,2023-01-01,2024-06-30,0
5,Cuisine,2024-07-01,9999-12-31,1
6,Cuisine,2023-01-01,9999-12-31,1
7,Cuisine,2023-01-01,9999-12-31,1
8,Cuisine,2023-01-01,9999-12-31,1
9,Cuisine,2023-01-01,9999-12-31,1
10,Cuisine,2023-01-01,9999-12-31,1
11,Décoration,2023-01-01,2024-06-30,0
11,Cuisine,2024-07-01,9999-12-31,1
12,Cuisine,2023-01-01,9999-12-31,1
13,Cuisine,2023-01-01,9999-12-31,1
14,Cuisine,2023-01-01,9999-12-31,1
15,Cuisine,2023-01-01,9999-12-31,1
16,Cuisine,2023-01-01,9999-12-31,1
17,Cuisine,2023-01-01,9999-12-31,1
18,Cuisine,2023-01-01,9999-12-31,1
19,Cuisine,2023-01-01,9999-12-31,1
20,Cuisine,2023-01-01,9999-12-31,1
21,Maison,2023-01-01,9999-12-31,1
22,Maison,2023-01-01,9999-12-31,1
23,Maison,2023-01-01,9999-12-31,1
24,Maison,2023-01-01,9999-12-31,1
25,Maison,2023-01-01,9999-12-31,1
26,Maison,2023-01-01,9999-12-31,1
27,Jardin,2023-01-01,2024-06-30,0
27,Maison,2024-07-01,9999-12-31,1
28,Maison,2023-01-01,9999-12-31,1
29,Maison,2023-01-01,9999-12-31,1
30,Maison,2023-01-01,9999-12-31,1
31,Maison,2023-01-01,9999-12-31,1
32,Maison,2023-01-01,9999-12-31,1
33,Maison,2023-01-01,9999-12-31,1
34,Maison,2023-01-01,9999-12-31,1
35,Maison,2023-01-01,9999-12-31,1
36,Maison,2023-01-01,9999-12-31,1
37,Maison,2023-01-01,9999-12-31,1
38,Maison,2023-01-01,9999-12-31,1
39,Maison,2023-01-01,9999-12-31,1
40,Maison,2023-01-01,9999-12-31,1
41,Décoration,2023-01-01,9999-12-31,1
42,Décoration,2023-01-01,9999-12-31,1
43,Décoration,2023-01-01,9999-12-31,1
44,Décoration,2023-01-01,9999-12-31,1
45,Décoration,2023-01-01,9999-12-31,1
46,Décoration,2023-01-01,9999-12-31,1
47,Décoration,2023-01-01,9999-12-31,1
48,Décoration,2023-01-01,9999-12-31,1
49,Décoration,2023-01-01,9999-12-31,1
50,Décoration,2023-01-01,9999-12-31,1
51,Bien-être,2023-01-01,2024-06-30,0
51,Décoration,2024-07-01,9999-12-31,1
52,Décoration,2023-01-01,9999-12-31,1
53,Décoration,2023-01-01,9999-12-31,1
54,Décoration,2023-01-01,9999-12-31,1
55,Décoration,2023-01-01,9999-12-31,1
56,Décoration,2023-01-01,9999-12-31,1
57,Décoration,2023-01-01,9999-12-31,1
58,Décoration,2023-01-01,9999-12-31,1
59,Cuisine,2023-01-01,2024-06-30,0
59,Décoration,2024-07-01,9999-12-31,1
60,Décoration,2023-01-01,9999-12-31,1
61,Papeterie,2023-01-01,9999-12-31,1
62,Papeterie,2023-01-01,9999-12-31,1
63,Papeterie,2023-01-01,9999-12-31,1
64,Papeterie,2023-01-01,9999-12-31,1
65,Papeterie,2023-01-01,9999-12-31,1
66,Papeterie,2023-01-01,9999-12-31,1
67,Papeterie,2023-01-01,9999-12-31,1
68,Papeterie,2023-01-01,9999-12-31,1
69,Papeterie,2023-01-01,9999-12-31,1
70,Papeterie,2023-01-01,9999-12-31,1
71,Papeterie,2023-01-01,9999-12-31,1
72,Papeterie,2023-01-01,9999-12-31,1
73,Papeterie,2023-01-01,9999-12-31,1
74,Papeterie,2023-01-01,9999-12-31,1
75,Papeterie,2023-01-01,9999-12-31,1
76,Papeterie,2023-01-01,9999-12-31,1
77,Maison,2023-01-01,2024-06-30,0
77,Papeterie,2024-07-01,9999-12-31,1
78,Papeterie,2023-01-01,9999-12-31,1
79,Papeterie,2023-01-01,9999-12-31,1
80,Papeterie,2023-01-01,9999-12-31,1
81,Jardin,2023-01-01,9999-12-31,1
82,Jardin,2023-01-01,9999-12-31,1
83,Jardin,2023-01-01,9999-12-31,1
84,Jardin,2023-01-01,9999-12-31,1
85,Jardin,2023-01-01,9999-12-31,1
86,Jardin,2023-01-01,9999-12-31,1
87,Jardin,2023-01-01,9999-12-31,1
88,Jardin,2023-01-01,9999-12-31,1
89,Jardin,2023-01-01,9999-12-31,1
90,Jardin,2023-01-01,9999-12-31,1
91,Jardin,2023-01-01,9999-12-31,1
92,Jardin,2023-01-01,9999-12-31,1
93,Jardin,2023-01-01,9999-12-31,1
94,Jardin,2023-01-01,9999-12-31,1
95,Jardin,2023-01-01,9999-12-31,1
96,Jardin,2023-01-01,9999-12-31,1
97,Jardin,2023-01-01,9999-12-31,1
98,Jardin,2023-01-01,9999-12-31,1
99,Jardin,2023-01-01,9999-12-31,1
100,Jardin,2023-01-01,9999-12-31,1
101,Bien-être,2023-01-01,9999-12-31,1
102,Bien-être,2023-01-01,9999-12-31,1
103,Bien-être,2023-01-01,9999-12-31,1
104,Bien-être,2023-01-01,9999-12-31,1
105,Bien-être,2023-01-01,9999-12-31,1
106,Bien-être,2023-01-01,9999-12-31,1
107,Bien-être,2023-01-01,9999-12-31,1
108,Bien-être,2023-01-01,9999-12-31,1
109,Bien-être,2023-01-01,9999-12-31,1
110,Bien-être,2023-01-01,9999-12-31,1
111,Bien-être,2023-01-01,9999-12-31,1
112,Bien-être,2023-01-01,9999-12-31,1
113,Décoration,2023-01-01,2024-06-30,0
113,Bien-être,2024-07-01,9999-12-31,1
114,Bien-être,2023-01-01,9999-12-31,1
115,Bien-être,2023-01-01,9999-12-31,1
116,Bien-être,2023-01-01,9999-12-31,1
117,Bien-être,2023-01-01,9999-12-31,1
118,Bien-être,2023-01-01,9999-12-31,1
119,Bien-être,2023-01-01,9999-12-31,1
120,Bien-être,2023-01-01,9999-12-31,1
