id_produit,categorie,prix,nouveaute
1,A,19.59,0
2,D,13.06,0
3,B,17.42,0
4,C,26.41,0
5,A,18.48,0
6,C,13.71,0
7,B,89.85,0
8,B,9.36,0
9,B,29.99,0
10,D,27.79,0
11,A,25.55,0
12,C,38.36,0
13,C,16.82,1
14,C,28.83,1
15,A,20.09,1
16,A,56.93,1
17,A,24.97,0
18,D,47.09,0
19,B,15.23,0
20,A,29.16,0
21,B,25.83,0
22,D,41.7,0
23,A,16.08,0
24,C,27.36,0
25,A,56.73,1
26,C,38.95,0
27,C,25.77,0
28,D,13.75,1
29,C,19.78,0
30,C,10.45,0
31,B,20.11,1
32,B,43.71,0
33,B,27.48,0
34,A,20.38,0
35,A,49.71,0
36,D,9.98,0
37,C,27.6,0
38,A,21.44,1
39,D,19.62,0
40,A,15.19,0
41,B,60.6,0
42,D,17.66,0
43,B,52.96,0
44,C,16.73,0
45,C,13.24,0
46,D,21.6,0
47,C,7.0,0
48,B,54.67,0
49,A,5.09,0
50,B,70.21,1
51,C,34.1,0
52,A,12.51,0
53,B,17.26,0
54,C,22.56,0
55,D,54.85,0
56,B,11.55,0
57,B,10.88,0
58,A,50.85,1
59,D,12.02,0
60,D,16.33,1
61,A,28.25,0
62,B,19.51,0
63,A,63.67,0
64,A,27.65,0
65,B,17.72,0
66,B,13.69,0
67,C,31.57,0
68,A,17.03,0
69,C,31.2,1
70,A,29.72,0
71,C,57.29,0
72,B,28.83,0
73,A,16.2,0
74,D,20.42,0
75,B,16.13,1
76,B,19.4,0
77,D,33.66,1
78,C,4.16,0
79,A,25.11,0
80,C,50.12,0
81,A,41.69,0
82,D,36.79,0
83,B,70.35,1
84,B,27.58,0
85,A,45.65,0
86,D,18.87,0
87,C,28.63,0
88,B,42.12,0
89,C,54.91,1
90,D,47.13,1
91,B,79.18,0
92,D,21.23,1
93,D,64.19,0
94,B,24.1,1
95,B,11.26,0
96,A,20.51,1
97,C,22.24,0
98,B,26.93,1
99,B,13.52,0
100,D,73.37,0
101,D,18.55,0
102,A,80.14,0
103,B,16.63,0
104,A,14.68,0
105,A,21.22,0
106,A,18.27,0
107,A,31.9,0
108,B,43.82,0
109,A,27.39,0
110,A,19.54,0
111,B,26.11,1
112,D,22.21,0
113,B,27.28,0
114,C,45.22,0
115,A,25.64,0
116,A,55.54,0
117,D,38.3,0
118,D,39.7,0
119,C,26.27,1
120,C,22.76,1
121,D,34.63,0
122,B,9.5,0
123,A,42.85,0
124,B,40.08,0
125,D,14.36,0
126,A,20.98,0
127,C,44.36,0
128,A,15.59,0
129,B,11.72,0
130,D,32.89,0
131,A,5.3,0
132,D,11.35,0
133,A,23.28,0
134,B,26.77,0
135,B,28.65,0
136,C,48.48,1
137,D,94.77,0
138,D,45.99,0
139,B,29.26,0
140,B,29.29,0
141,C,46.38,0
142,B,33.78,1
143,A,27.8,0
144,B,72.84,0
145,B,32.09,0
146,A,28.54,0
147,D,26.75,0
148,A,20.99,0
149,C,21.48,0
150,A,39.03,0
