date,ventes,promo,jour_semaine,mois
2023-01-01,109.9,0,6,1
2023-01-02,83.5,0,0,1
2023-01-03,95.5,0,1,1
2023-01-04,93.8,0,2,1
2023-01-05,104.2,1,3,1
2023-01-06,120.8,0,4,1
2023-01-07,134.7,0,5,1
2023-01-08,114.8,0,6,1
2023-01-09,67.6,0,0,1
2023-01-10,82.2,0,1,1
2023-01-11,89.3,0,2,1
2023-01-12,79.5,0,3,1
2023-01-13,113.4,0,4,1
2023-01-14,142.2,0,5,1
2023-01-15,99.8,0,6,1
2023-01-16,93.5,0,0,1
2023-01-17,83.8,0,1,1
2023-01-18,78.1,0,2,1
2023-01-19,137.0,1,3,1
2023-01-20,130.3,1,4,1
2023-01-21,151.7,0,5,1
2023-01-22,123.8,1,6,1
2023-01-23,92.9,0,0,1
2023-01-24,84.3,0,1,1
2023-01-25,94.8,0,2,1
2023-01-26,82.2,0,3,1
2023-01-27,115.2,0,4,1
2023-01-28,151.6,0,5,1
2023-01-29,98.3,0,6,1
2023-01-30,67.2,0,0,1
2023-01-31,78.4,0,1,1
2023-02-01,82.7,0,2,2
2023-02-02,103.3,0,3,2
2023-02-03,122.7,0,4,2
2023-02-04,118.5,0,5,2
2023-02-05,99.6,0,6,2
2023-02-06,75.3,0,0,2
2023-02-07,86.2,0,1,2
2023-02-08,93.0,0,2,2
2023-02-09,104.6,0,3,2
2023-02-10,137.1,0,4,2
2023-02-11,148.8,0,5,2
2023-02-12,113.4,0,6,2
2023-02-13,93.0,0,0,2
2023-02-14,83.5,0,1,2
2023-02-15,83.1,0,2,2
2023-02-16,91.1,0,3,2
2023-02-17,158.2,0,4,2
2023-02-18,155.9,0,5,2
2023-02-19,154.3,1,6,2
2023-02-20,83.5,0,0,2
2023-02-21,84.1,0,1,2
2023-02-22,121.7,1,2,2
2023-02-23,91.2,0,3,2
2023-02-24,129.1,0,4,2
2023-02-25,189.7,0,5,2
2023-02-26,105.8,0,6,2
2023-02-27,117.2,1,0,2
2023-02-28,86.8,0,1,2
2023-03-01,89.2,0,2,3
2023-03-02,84.7,0,3,3
2023-03-03,110.4,0,4,3
2023-03-04,306.4,1,5,3
2023-03-05,111.5,0,6,3
2023-03-06,82.7,0,0,3
2023-03-07,102.1,0,1,3
2023-03-08,107.4,0,2,3
2023-03-09,101.2,0,3,3
2023-03-10,134.8,0,4,3
2023-03-11,198.1,0,5,3
2023-03-12,113.9,0,6,3
2023-03-13,97.4,0,0,3
2023-03-14,95.0,0,1,3
2023-03-15,119.2,0,2,3
2023-03-16,106.7,0,3,3
2023-03-17,160.4,0,4,3
2023-03-18,166.6,0,5,3
2023-03-19,109.4,0,6,3
2023-03-20,87.6,0,0,3
2023-03-21,101.6,0,1,3
2023-03-22,104.7,0,2,3
2023-03-23,138.2,0,3,3
2023-03-24,120.8,0,4,3
2023-03-25,197.1,0,5,3
2023-03-26,133.5,0,6,3
2023-03-27,89.1,0,0,3
2023-03-28,93.1,0,1,3
2023-03-29,106.6,0,2,3
2023-03-30,142.1,1,3,3
2023-03-31,109.2,0,4,3
2023-04-01,201.2,0,5,4
2023-04-02,128.3,0,6,4
2023-04-03,99.7,0,0,4
2023-04-04,87.3,0,1,4
2023-04-05,111.1,1,2,4
2023-04-06,124.4,0,3,4
2023-04-07,147.9,0,4,4
2023-04-08,212.6,0,5,4
2023-04-09,161.9,1,6,4
2023-04-10,107.0,0,0,4
2023-04-11,94.9,0,1,4
2023-04-12,123.2,0,2,4
2023-04-13,122.8,1,3,4
2023-04-14,160.4,0,4,4
2023-04-15,157.2,0,5,4
2023-04-16,111.6,0,6,4
2023-04-17,121.8,0,0,4
2023-04-18,104.7,0,1,4
2023-04-19,110.3,0,2,4
2023-04-20,134.5,0,3,4
2023-04-21,121.0,0,4,4
2023-04-22,190.3,0,5,4
2023-04-23,137.1,0,6,4
2023-04-24,94.6,0,0,4
2023-04-25,96.9,0,1,4
2023-04-26,118.3,0,2,4
2023-04-27,114.8,0,3,4
2023-04-28,122.2,0,4,4
2023-04-29,194.1,0,5,4
2023-04-30,136.9,0,6,4
2023-05-01,105.9,0,0,5
2023-05-02,92.2,0,1,5
2023-05-03,92.5,0,2,5
2023-05-04,104.5,0,3,5
2023-05-05,146.5,0,4,5
2023-05-06,187.9,0,5,5
2023-05-07,221.2,0,6,5
2023-05-08,110.5,0,0,5
2023-05-09,90.3,0,1,5
2023-05-10,139.8,1,2,5
2023-05-11,122.5,0,3,5
2023-05-12,154.4,0,4,5
2023-05-13,192.7,0,5,5
2023-05-14,130.6,0,6,5
2023-05-15,97.6,0,0,5
2023-05-16,107.8,0,1,5
2023-05-17,127.5,1,2,5
2023-05-18,121.5,0,3,5
2023-05-19,154.7,0,4,5
2023-05-20,144.1,0,5,5
2023-05-21,139.8,0,6,5
2023-05-22,101.9,0,0,5
2023-05-23,123.8,0,1,5
2023-05-24,148.3,0,2,5
2023-05-25,144.5,0,3,5
2023-05-26,115.9,0,4,5
2023-05-27,282.8,1,5,5
2023-05-28,138.2,0,6,5
2023-05-29,98.8,0,0,5
2023-05-30,111.3,0,1,5
2023-05-31,127.6,0,2,5
2023-06-01,103.4,0,3,6
2023-06-02,153.3,0,4,6
2023-06-03,164.9,0,5,6
2023-06-04,140.0,0,6,6
2023-06-05,121.7,1,0,6
2023-06-06,108.4,0,1,6
2023-06-07,135.6,0,2,6
2023-06-08,137.8,1,3,6
2023-06-09,154.3,0,4,6
2023-06-10,215.1,0,5,6
2023-06-11,140.6,0,6,6
2023-06-12,81.8,0,0,6
2023-06-13,123.8,0,1,6
2023-06-14,110.1,0,2,6
2023-06-15,152.6,0,3,6
2023-06-16,142.8,0,4,6
2023-06-17,180.0,0,5,6
2023-06-18,171.4,0,6,6
2023-06-19,109.7,0,0,6
2023-06-20,81.7,0,1,6
2023-06-21,152.0,0,2,6
2023-06-22,131.2,0,3,6
2023-06-23,141.7,0,4,6
2023-06-24,216.5,0,5,6
2023-06-25,224.1,1,6,6
2023-06-26,94.7,0,0,6
2023-06-27,127.1,0,1,6
2023-06-28,120.1,0,2,6
2023-06-29,164.7,1,3,6
2023-06-30,149.6,0,4,6
2023-07-01,221.9,0,5,7
2023-07-02,166.5,0,6,7
2023-07-03,122.8,0,0,7
2023-07-04,104.6,0,1,7
2023-07-05,143.3,0,2,7
2023-07-06,181.9,0,3,7
2023-07-07,172.2,0,4,7
2023-07-08,173.3,0,5,7
2023-07-09,152.6,0,6,7
2023-07-10,106.9,0,0,7
2023-07-11,146.0,0,1,7
2023-07-12,122.1,0,2,7
2023-07-13,168.2,0,3,7
2023-07-14,156.8,0,4,7
2023-07-15,190.4,0,5,7
2023-07-16,146.6,0,6,7
2023-07-17,129.5,0,0,7
2023-07-18,151.3,1,1,7
2023-07-19,148.1,0,2,7
2023-07-20,148.2,0,3,7
2023-07-21,144.9,0,4,7
2023-07-22,195.4,0,5,7
2023-07-23,147.3,0,6,7
2023-07-24,103.0,0,0,7
2023-07-25,118.3,0,1,7
2023-07-26,147.3,0,2,7
2023-07-27,131.9,0,3,7
2023-07-28,169.1,0,4,7
2023-07-29,254.4,0,5,7
2023-07-30,164.9,0,6,7
2023-07-31,112.8,0,0,7
2023-08-01,174.5,1,1,8
2023-08-02,121.5,0,2,8
2023-08-03,180.1,1,3,8
2023-08-04,152.8,0,4,8
2023-08-05,186.5,0,5,8
2023-08-06,158.5,0,6,8
2023-08-07,110.0,0,0,8
2023-08-08,152.4,1,1,8
2023-08-09,159.3,1,2,8
2023-08-10,146.9,0,3,8
2023-08-11,182.5,0,4,8
2023-08-12,230.8,1,5,8
2023-08-13,127.8,0,6,8
2023-08-14,127.4,0,0,8
2023-08-15,127.7,0,1,8
2023-08-16,122.9,0,2,8
2023-08-17,131.0,0,3,8
2023-08-18,191.6,0,4,8
2023-08-19,194.5,0,5,8
2023-08-20,134.3,0,6,8
2023-08-21,135.9,1,0,8
2023-08-22,137.7,1,1,8
2023-08-23,124.9,0,2,8
2023-08-24,104.8,0,3,8
2023-08-25,192.3,0,4,8
2023-08-26,175.8,0,5,8
2023-08-27,153.2,0,6,8
2023-08-28,90.3,0,0,8
2023-08-29,118.3,0,1,8
2023-08-30,118.8,0,2,8
2023-08-31,125.6,0,3,8
2023-09-01,136.1,0,4,9
2023-09-02,220.3,0,5,9
2023-09-03,149.4,0,6,9
2023-09-04,99.8,0,0,9
2023-09-05,113.3,0,1,9
2023-09-06,101.6,0,2,9
2023-09-07,123.4,0,3,9
2023-09-08,160.6,0,4,9
2023-09-09,199.6,0,5,9
2023-09-10,188.0,1,6,9
2023-09-11,117.0,0,0,9
2023-09-12,108.2,0,1,9
2023-09-13,98.3,0,2,9
2023-09-14,124.8,0,3,9
2023-09-15,167.6,0,4,9
2023-09-16,145.3,0,5,9
2023-09-17,158.5,0,6,9
2023-09-18,108.3,0,0,9
2023-09-19,134.0,0,1,9
2023-09-20,118.5,0,2,9
2023-09-21,150.9,0,3,9
2023-09-22,160.3,0,4,9
2023-09-23,213.0,0,5,9
2023-09-24,164.1,0,6,9
2023-09-25,112.3,0,0,9
2023-09-26,164.0,1,1,9
2023-09-27,102.7,0,2,9
2023-09-28,117.5,0,3,9
2023-09-29,208.7,0,4,9
2023-09-30,169.2,0,5,9
2023-10-01,149.7,0,6,10
2023-10-02,98.0,0,0,10
2023-10-03,110.1,0,1,10
2023-10-04,116.2,0,2,10
2023-10-05,143.4,0,3,10
2023-10-06,140.4,0,4,10
2023-10-07,196.5,0,5,10
2023-10-08,130.1,0,6,10
2023-10-09,91.3,0,0,10
2023-10-10,104.6,0,1,10
2023-10-11,113.1,0,2,10
2023-10-12,123.5,0,3,10
2023-10-13,169.1,0,4,10
2023-10-14,177.7,0,5,10
2023-10-15,146.6,0,6,10
2023-10-16,134.4,0,0,10
2023-10-17,96.9,0,1,10
2023-10-18,109.8,0,2,10
2023-10-19,121.0,0,3,10
2023-10-20,158.9,0,4,10
2023-10-21,195.9,0,5,10
2023-10-22,142.4,0,6,10
2023-10-23,106.3,0,0,10
2023-10-24,110.8,0,1,10
2023-10-25,101.9,0,2,10
2023-10-26,168.1,1,3,10
2023-10-27,184.7,1,4,10
2023-10-28,185.8,0,5,10
2023-10-29,131.4,0,6,10
2023-10-30,100.9,0,0,10
2023-10-31,96.3,0,1,10
2023-11-01,133.2,0,2,11
2023-11-02,111.1,0,3,11
2023-11-03,168.9,0,4,11
2023-11-04,213.5,0,5,11
2023-11-05,114.4,0,6,11
2023-11-06,95.9,0,0,11
2023-11-07,92.3,0,1,11
2023-11-08,129.8,0,2,11
2023-11-09,132.3,0,3,11
2023-11-10,153.9,0,4,11
2023-11-11,192.3,0,5,11
2023-11-12,179.7,1,6,11
2023-11-13,119.6,0,0,11
2023-11-14,109.9,0,1,11
2023-11-15,114.2,0,2,11
2023-11-16,105.4,0,3,11
2023-11-17,167.6,0,4,11
2023-11-18,240.8,0,5,11
2023-11-19,127.2,0,6,11
2023-11-20,108.1,0,0,11
2023-11-21,104.0,0,1,11
2023-11-22,110.3,0,2,11
2023-11-23,128.5,0,3,11
2023-11-24,178.1,0,4,11
2023-11-25,210.5,0,5,11
2023-11-26,144.9,0,6,11
2023-11-27,116.6,0,0,11
2023-11-28,106.6,0,1,11
2023-11-29,118.6,0,2,11
2023-11-30,128.9,0,3,11
2023-12-01,141.1,0,4,12
2023-12-02,194.8,0,5,12
2023-12-03,148.4,0,6,12
2023-12-04,114.3,0,0,12
2023-12-05,122.7,0,1,12
2023-12-06,134.4,0,2,12
2023-12-07,163.9,0,3,12
2023-12-08,173.6,0,4,12
2023-12-09,207.1,0,5,12
2023-12-10,160.1,0,6,12
2023-12-11,133.7,0,0,12
2023-12-12,107.3,0,1,12
2023-12-13,137.8,0,2,12
2023-12-14,157.4,0,3,12
2023-12-15,213.7,0,4,12
2023-12-16,259.6,0,5,12
2023-12-17,168.9,0,6,12
2023-12-18,146.1,0,0,12
2023-12-19,137.0,0,1,12
2023-12-20,138.6,0,2,12
2023-12-21,176.7,0,3,12
2023-12-22,164.3,0,4,12
2023-12-23,199.4,0,5,12
2023-12-24,143.6,0,6,12
2023-12-25,110.1,0,0,12
2023-12-26,139.9,0,1,12
2023-12-27,132.9,0,2,12
2023-12-28,138.5,0,3,12
2023-12-29,150.8,0,4,12
2023-12-30,194.5,0,5,12
2023-12-31,172.6,0,6,12
2024-01-01,116.9,1,0,1
2024-01-02,112.1,0,1,1
2024-01-03,111.1,0,2,1
2024-01-04,90.7,0,3,1
2024-01-05,157.0,0,4,1
2024-01-06,168.6,0,5,1
2024-01-07,113.8,0,6,1
2024-01-08,76.7,0,0,1
2024-01-09,124.2,0,1,1
2024-01-10,107.2,0,2,1
2024-01-11,101.7,0,3,1
2024-01-12,188.2,0,4,1
2024-01-13,164.1,0,5,1
2024-01-14,119.2,0,6,1
2024-01-15,105.0,0,0,1
2024-01-16,79.4,0,1,1
2024-01-17,112.4,0,2,1
2024-01-18,155.2,1,3,1
2024-01-19,118.3,0,4,1
2024-01-20,168.7,0,5,1
2024-01-21,114.1,0,6,1
2024-01-22,92.5,0,0,1
2024-01-23,93.8,0,1,1
2024-01-24,87.7,0,2,1
2024-01-25,142.4,0,3,1
2024-01-26,133.8,0,4,1
2024-01-27,143.7,0,5,1
2024-01-28,144.3,0,6,1
2024-01-29,90.7,0,0,1
2024-01-30,92.8,0,1,1
2024-01-31,100.2,0,2,1
2024-02-01,112.5,0,3,2
2024-02-02,157.9,0,4,2
2024-02-03,183.3,0,5,2
2024-02-04,143.3,0,6,2
2024-02-05,91.9,0,0,2
2024-02-06,79.9,0,1,2
2024-02-07,112.9,0,2,2
2024-02-08,115.3,0,3,2
2024-02-09,142.5,0,4,2
2024-02-10,210.2,0,5,2
2024-02-11,146.3,0,6,2
2024-02-12,80.7,0,0,2
2024-02-13,127.8,0,1,2
2024-02-14,133.8,0,2,2
2024-02-15,147.0,0,3,2
2024-02-16,172.1,0,4,2
2024-02-17,162.9,0,5,2
2024-02-18,116.5,0,6,2
2024-02-19,80.7,0,0,2
2024-02-20,108.5,0,1,2
2024-02-21,106.9,0,2,2
2024-02-22,116.6,0,3,2
2024-02-23,165.9,0,4,2
2024-02-24,206.2,0,5,2
2024-02-25,122.1,0,6,2
2024-02-26,80.2,0,0,2
2024-02-27,103.5,0,1,2
2024-02-28,125.8,0,2,2
2024-02-29,114.5,0,3,2
2024-03-01,156.1,0,4,3
2024-03-02,193.3,0,5,3
2024-03-03,155.8,1,6,3
2024-03-04,89.8,0,0,3
2024-03-05,101.9,0,1,3
2024-03-06,106.5,0,2,3
2024-03-07,143.7,0,3,3
2024-03-08,156.8,0,4,3
2024-03-09,214.6,0,5,3
2024-03-10,173.5,1,6,3
2024-03-11,101.0,0,0,3
2024-03-12,128.0,0,1,3
2024-03-13,117.6,0,2,3
2024-03-14,119.7,0,3,3
2024-03-15,145.1,0,4,3
2024-03-16,257.6,0,5,3
2024-03-17,127.3,0,6,3
2024-03-18,104.7,0,0,3
2024-03-19,121.4,0,1,3
2024-03-20,137.3,0,2,3
2024-03-21,159.6,0,3,3
2024-03-22,143.1,0,4,3
2024-03-23,212.1,0,5,3
2024-03-24,164.6,0,6,3
2024-03-25,108.7,0,0,3
2024-03-26,97.6,0,1,3
2024-03-27,137.3,0,2,3
2024-03-28,160.8,0,3,3
2024-03-29,155.5,0,4,3
2024-03-30,211.1,0,5,3
2024-03-31,133.8,0,6,3
2024-04-01,110.5,0,0,4
2024-04-02,128.7,0,1,4
2024-04-03,114.6,0,2,4
2024-04-04,129.4,0,3,4
2024-04-05,142.9,0,4,4
2024-04-06,176.1,0,5,4
2024-04-07,143.3,0,6,4
2024-04-08,119.1,0,0,4
2024-04-09,98.1,0,1,4
2024-04-10,166.9,1,2,4
2024-04-11,166.5,1,3,4
2024-04-12,186.6,0,4,4
2024-04-13,243.7,0,5,4
2024-04-14,147.4,0,6,4
2024-04-15,120.6,0,0,4
2024-04-16,125.3,0,1,4
2024-04-17,118.2,0,2,4
2024-04-18,116.5,0,3,4
2024-04-19,149.3,0,4,4
2024-04-20,187.1,0,5,4
2024-04-21,150.4,0,6,4
2024-04-22,101.2,0,0,4
2024-04-23,111.3,0,1,4
2024-04-24,125.4,0,2,4
2024-04-25,122.5,0,3,4
2024-04-26,171.2,0,4,4
2024-04-27,260.0,0,5,4
2024-04-28,138.8,0,6,4
2024-04-29,122.5,0,0,4
2024-04-30,118.0,0,1,4
2024-05-01,108.2,0,2,5
2024-05-02,132.9,0,3,5
2024-05-03,299.4,1,4,5
2024-05-04,224.6,0,5,5
2024-05-05,151.8,0,6,5
2024-05-06,125.2,0,0,5
2024-05-07,99.1,0,1,5
2024-05-08,155.0,1,2,5
2024-05-09,185.6,0,3,5
2024-05-10,221.1,0,4,5
2024-05-11,237.8,0,5,5
2024-05-12,162.7,0,6,5
2024-05-13,100.2,0,0,5
2024-05-14,125.2,0,1,5
2024-05-15,133.1,0,2,5
2024-05-16,154.6,0,3,5
2024-05-17,173.2,0,4,5
2024-05-18,217.5,0,5,5
2024-05-19,162.9,0,6,5
2024-05-20,129.3,0,0,5
2024-05-21,109.6,0,1,5
2024-05-22,151.9,0,2,5
2024-05-23,147.7,0,3,5
2024-05-24,175.1,0,4,5
2024-05-25,211.8,0,5,5
2024-05-26,146.5,0,6,5
2024-05-27,177.1,1,0,5
2024-05-28,116.6,0,1,5
2024-05-29,132.7,0,2,5
2024-05-30,182.4,1,3,5
2024-05-31,170.5,0,4,5
2024-06-01,231.6,0,5,6
2024-06-02,189.5,0,6,6
2024-06-03,141.3,0,0,6
2024-06-04,116.9,0,1,6
2024-06-05,165.2,0,2,6
2024-06-06,163.8,0,3,6
2024-06-07,175.5,0,4,6
2024-06-08,231.9,0,5,6
2024-06-09,182.2,0,6,6
2024-06-10,135.5,0,0,6
2024-06-11,93.6,0,1,6
2024-06-12,175.8,0,2,6
2024-06-13,139.6,0,3,6
2024-06-14,217.6,0,4,6
2024-06-15,235.1,0,5,6
2024-06-16,129.8,0,6,6
2024-06-17,101.5,0,0,6
2024-06-18,134.2,0,1,6
2024-06-19,182.1,0,2,6
2024-06-20,148.0,0,3,6
2024-06-21,182.5,0,4,6
2024-06-22,207.0,0,5,6
2024-06-23,175.4,0,6,6
2024-06-24,142.4,1,0,6
2024-06-25,110.0,0,1,6
2024-06-26,141.2,0,2,6
2024-06-27,129.5,0,3,6
2024-06-28,191.0,0,4,6
2024-06-29,226.5,0,5,6
2024-06-30,185.4,0,6,6
2024-07-01,106.1,0,0,7
2024-07-02,130.1,0,1,7
2024-07-03,144.2,0,2,7
2024-07-04,160.5,0,3,7
2024-07-05,210.0,0,4,7
2024-07-06,198.7,0,5,7
2024-07-07,176.7,0,6,7
2024-07-08,123.9,0,0,7
2024-07-09,122.0,0,1,7
2024-07-10,156.4,0,2,7
2024-07-11,172.7,0,3,7
2024-07-12,171.3,0,4,7
2024-07-13,289.6,1,5,7
2024-07-14,207.7,0,6,7
2024-07-15,93.6,0,0,7
2024-07-16,125.3,0,1,7
2024-07-17,132.2,1,2,7
2024-07-18,139.7,0,3,7
2024-07-19,171.0,0,4,7
2024-07-20,240.0,0,5,7
2024-07-21,188.9,0,6,7
2024-07-22,131.0,0,0,7
2024-07-23,125.1,0,1,7
2024-07-24,115.3,0,2,7
2024-07-25,148.4,0,3,7
2024-07-26,207.2,0,4,7
2024-07-27,280.9,1,5,7
2024-07-28,209.2,1,6,7
2024-07-29,134.8,0,0,7
2024-07-30,136.4,0,1,7
2024-07-31,143.6,0,2,7
2024-08-01,139.9,0,3,8
2024-08-02,242.9,0,4,8
2024-08-03,233.1,0,5,8
2024-08-04,179.2,0,6,8
2024-08-05,105.0,0,0,8
2024-08-06,123.6,0,1,8
2024-08-07,142.6,0,2,8
2024-08-08,159.6,0,3,8
2024-08-09,151.9,0,4,8
2024-08-10,264.9,0,5,8
2024-08-11,151.1,0,6,8
2024-08-12,128.2,0,0,8
2024-08-13,131.5,0,1,8
2024-08-14,122.5,0,2,8
2024-08-15,149.4,0,3,8
2024-08-16,171.5,0,4,8
2024-08-17,258.9,0,5,8
2024-08-18,184.9,0,6,8
2024-08-19,104.5,0,0,8
2024-08-20,144.2,0,1,8
2024-08-21,144.0,0,2,8
2024-08-22,148.7,0,3,8
2024-08-23,166.9,0,4,8
2024-08-24,264.4,1,5,8
2024-08-25,177.8,0,6,8
2024-08-26,123.8,0,0,8
2024-08-27,135.2,0,1,8
2024-08-28,132.4,0,2,8
2024-08-29,160.9,0,3,8
2024-08-30,143.4,0,4,8
2024-08-31,202.5,0,5,8
2024-09-01,162.3,0,6,9
2024-09-02,90.7,0,0,9
2024-09-03,120.4,0,1,9
2024-09-04,145.8,0,2,9
2024-09-05,145.6,0,3,9
2024-09-06,178.3,0,4,9
2024-09-07,221.0,0,5,9
2024-09-08,149.7,0,6,9
2024-09-09,174.3,1,0,9
2024-09-10,98.7,0,1,9
2024-09-11,148.1,0,2,9
2024-09-12,136.7,0,3,9
2024-09-13,182.7,0,4,9
2024-09-14,315.7,1,5,9
2024-09-15,139.5,0,6,9
2024-09-16,121.8,0,0,9
2024-09-17,130.0,0,1,9
2024-09-18,135.7,0,2,9
2024-09-19,150.4,0,3,9
2024-09-20,193.8,0,4,9
2024-09-21,275.7,0,5,9
2024-09-22,166.3,0,6,9
2024-09-23,95.0,0,0,9
2024-09-24,126.8,0,1,9
2024-09-25,138.4,0,2,9
2024-09-26,134.4,0,3,9
2024-09-27,195.5,0,4,9
2024-09-28,222.1,0,5,9
2024-09-29,162.5,0,6,9
2024-09-30,115.1,0,0,9
2024-10-01,167.4,0,1,10
2024-10-02,117.8,0,2,10
2024-10-03,182.9,0,3,10
2024-10-04,171.9,0,4,10
2024-10-05,212.7,0,5,10
2024-10-06,144.2,0,6,10
2024-10-07,95.5,0,0,10
2024-10-08,106.9,0,1,10
2024-10-09,113.8,0,2,10
2024-10-10,126.1,0,3,10
2024-10-11,154.3,0,4,10
2024-10-12,261.9,0,5,10
2024-10-13,135.5,0,6,10
2024-10-14,136.5,0,0,10
2024-10-15,132.6,0,1,10
2024-10-16,149.6,0,2,10
2024-10-17,146.2,0,3,10
2024-10-18,163.9,0,4,10
2024-10-19,255.3,0,5,10
2024-10-20,154.7,0,6,10
2024-10-21,103.3,0,0,10
2024-10-22,108.7,0,1,10
2024-10-23,109.8,0,2,10
2024-10-24,158.8,0,3,10
2024-10-25,179.1,0,4,10
2024-10-26,211.8,0,5,10
2024-10-27,193.8,0,6,10
2024-10-28,117.5,0,0,10
2024-10-29,120.1,0,1,10
2024-10-30,139.0,0,2,10
2024-10-31,107.1,0,3,10
2024-11-01,151.0,0,4,11
2024-11-02,221.4,0,5,11
2024-11-03,137.4,0,6,11
2024-11-04,95.3,0,0,11
2024-11-05,139.0,0,1,11
2024-11-06,105.4,0,2,11
2024-11-07,159.3,0,3,11
2024-11-08,147.9,0,4,11
2024-11-09,235.8,0,5,11
2024-11-10,152.2,0,6,11
2024-11-11,107.9,0,0,11
2024-11-12,127.7,1,1,11
2024-11-13,127.8,0,2,11
2024-11-14,129.2,0,3,11
2024-11-15,152.0,0,4,11
2024-11-16,198.1,0,5,11
2024-11-17,136.7,0,6,11
2024-11-18,93.8,0,0,11
2024-11-19,161.2,0,1,11
2024-11-20,113.3,0,2,11
2024-11-21,158.3,0,3,11
2024-11-22,155.8,0,4,11
2024-11-23,224.1,0,5,11
2024-11-24,176.5,0,6,11
2024-11-25,96.6,0,0,11
2024-11-26,101.7,0,1,11
2024-11-27,122.2,0,2,11
2024-11-28,139.4,0,3,11
2024-11-29,194.4,0,4,11
2024-11-30,252.0,0,5,11
2024-12-01,154.8,0,6,12
2024-12-02,108.0,0,0,12
2024-12-03,161.9,0,1,12
2024-12-04,134.4,0,2,12
2024-12-05,172.2,0,3,12
2024-12-06,267.6,0,4,12
2024-12-07,287.9,0,5,12
2024-12-08,167.2,0,6,12
2024-12-09,143.4,0,0,12
2024-12-10,175.3,0,1,12
2024-12-11,160.3,0,2,12
2024-12-12,165.8,0,3,12
2024-12-13,234.6,0,4,12
2024-12-14,230.7,0,5,12
2024-12-15,208.5,0,6,12
2024-12-16,137.3,0,0,12
2024-12-17,164.1,0,1,12
2024-12-18,179.7,0,2,12
2024-12-19,152.8,0,3,12
2024-12-20,250.7,0,4,12
2024-12-21,328.0,0,5,12
2024-12-22,160.8,0,6,12
2024-12-23,170.2,0,0,12
2024-12-24,143.2,0,1,12
2024-12-25,165.1,0,2,12
2024-12-26,156.4,0,3,12
2024-12-27,161.0,0,4,12
2024-12-28,226.0,0,5,12
2024-12-29,228.6,1,6,12
2024-12-30,128.8,0,0,12
2024-12-31,128.0,0,1,12
2025-01-01,108.4,0,2,1
2025-01-02,141.6,0,3,1
2025-01-03,188.1,0,4,1
2025-01-04,200.7,0,5,1
2025-01-05,145.3,1,6,1
2025-01-06,102.2,0,0,1
2025-01-07,127.1,0,1,1
2025-01-08,100.5,0,2,1
2025-01-09,139.8,0,3,1
2025-01-10,143.0,0,4,1
2025-01-11,203.9,0,5,1
2025-01-12,135.7,0,6,1
2025-01-13,106.2,0,0,1
2025-01-14,97.5,0,1,1
2025-01-15,152.5,0,2,1
2025-01-16,117.3,0,3,1
2025-01-17,137.9,0,4,1
2025-01-18,215.2,0,5,1
2025-01-19,140.6,0,6,1
2025-01-20,101.2,0,0,1
2025-01-21,130.5,0,1,1
2025-01-22,132.8,0,2,1
2025-01-23,116.1,0,3,1
2025-01-24,117.0,0,4,1
2025-01-25,192.4,0,5,1
2025-01-26,143.7,0,6,1
2025-01-27,95.2,0,0,1
2025-01-28,103.7,0,1,1
2025-01-29,104.7,0,2,1
2025-01-30,148.9,0,3,1
2025-01-31,185.5,0,4,1
2025-02-01,234.9,1,5,2
2025-02-02,149.7,0,6,2
2025-02-03,102.7,0,0,2
2025-02-04,101.4,0,1,2
2025-02-05,103.4,0,2,2
2025-02-06,188.8,1,3,2
2025-02-07,169.9,0,4,2
2025-02-08,306.3,1,5,2
2025-02-09,120.8,0,6,2
2025-02-10,92.4,0,0,2
2025-02-11,135.7,1,1,2
2025-02-12,94.7,0,2,2
2025-02-13,117.1,0,3,2
2025-02-14,157.0,0,4,2
2025-02-15,166.0,0,5,2
2025-02-16,164.2,0,6,2
2025-02-17,102.1,0,0,2
2025-02-18,126.0,0,1,2
2025-02-19,140.7,0,2,2
2025-02-20,144.1,0,3,2
2025-02-21,148.4,0,4,2
2025-02-22,172.7,0,5,2
2025-02-23,142.2,0,6,2
2025-02-24,113.4,0,0,2
2025-02-25,120.2,0,1,2
2025-02-26,113.2,0,2,2
2025-02-27,165.5,0,3,2
2025-02-28,146.0,0,4,2
2025-03-01,219.3,0,5,3
2025-03-02,216.7,0,6,3
2025-03-03,93.2,0,0,3
2025-03-04,105.5,0,1,3
2025-03-05,135.3,0,2,3
2025-03-06,119.8,0,3,3
2025-03-07,159.1,0,4,3
2025-03-08,236.9,0,5,3
2025-03-09,164.4,0,6,3
2025-03-10,102.0,0,0,3
2025-03-11,93.9,0,1,3
2025-03-12,102.4,0,2,3
2025-03-13,157.9,0,3,3
2025-03-14,223.4,0,4,3
2025-03-15,204.7,0,5,3
2025-03-16,194.9,0,6,3
2025-03-17,113.1,0,0,3
2025-03-18,133.9,0,1,3
2025-03-19,124.7,0,2,3
2025-03-20,118.5,0,3,3
2025-03-21,166.0,0,4,3
2025-03-22,233.8,0,5,3
2025-03-23,134.6,0,6,3
2025-03-24,123.3,0,0,3
2025-03-25,126.3,0,1,3
2025-03-26,121.4,0,2,3
2025-03-27,167.3,0,3,3
2025-03-28,177.0,0,4,3
2025-03-29,221.9,0,5,3
2025-03-30,189.6,0,6,3
2025-03-31,97.9,0,0,3
2025-04-01,130.8,0,1,4
2025-04-02,143.4,0,2,4
2025-04-03,146.2,0,3,4
2025-04-04,185.3,0,4,4
2025-04-05,201.8,0,5,4
2025-04-06,166.3,0,6,4
2025-04-07,107.9,0,0,4
2025-04-08,154.6,1,1,4
2025-04-09,129.8,0,2,4
2025-04-10,122.8,0,3,4
2025-04-11,155.7,0,4,4
2025-04-12,238.5,0,5,4
2025-04-13,174.3,0,6,4
2025-04-14,151.3,1,0,4
2025-04-15,158.2,1,1,4
2025-04-16,159.9,0,2,4
2025-04-17,149.7,0,3,4
2025-04-18,191.0,0,4,4
2025-04-19,198.5,0,5,4
2025-04-20,149.3,0,6,4
2025-04-21,115.1,0,0,4
2025-04-22,132.8,0,1,4
2025-04-23,146.9,0,2,4
2025-04-24,171.3,0,3,4
2025-04-25,149.4,0,4,4
2025-04-26,231.7,0,5,4
2025-04-27,166.5,0,6,4
2025-04-28,137.9,0,0,4
2025-04-29,171.6,0,1,4
2025-04-30,159.1,0,2,4
2025-05-01,149.7,0,3,5
2025-05-02,245.5,0,4,5
2025-05-03,261.0,0,5,5
2025-05-04,158.9,0,6,5
2025-05-05,124.5,0,0,5
2025-05-06,134.9,0,1,5
2025-05-07,149.3,0,2,5
2025-05-08,209.1,0,3,5
2025-05-09,226.9,0,4,5
2025-05-10,213.7,0,5,5
2025-05-11,212.9,0,6,5
2025-05-12,110.3,0,0,5
2025-05-13,137.1,0,1,5
2025-05-14,126.7,0,2,5
2025-05-15,195.3,0,3,5
2025-05-16,185.3,0,4,5
2025-05-17,293.2,0,5,5
2025-05-18,178.8,0,6,5
2025-05-19,127.0,0,0,5
2025-05-20,127.3,0,1,5
2025-05-21,125.1,0,2,5
2025-05-22,223.5,0,3,5
2025-05-23,210.4,0,4,5
2025-05-24,312.4,0,5,5
2025-05-25,143.6,0,6,5
2025-05-26,163.9,0,0,5
2025-05-27,149.3,0,1,5
2025-05-28,175.4,0,2,5
2025-05-29,187.3,0,3,5
2025-05-30,292.1,1,4,5
2025-05-31,245.2,0,5,5
2025-06-01,149.2,0,6,6
2025-06-02,137.3,0,0,6
2025-06-03,140.6,0,1,6
2025-06-04,201.4,1,2,6
2025-06-05,145.8,0,3,6
2025-06-06,185.9,0,4,6
2025-06-07,271.0,0,5,6
2025-06-08,195.5,0,6,6
2025-06-09,164.0,0,0,6
2025-06-10,211.7,1,1,6
2025-06-11,136.7,0,2,6
2025-06-12,153.0,0,3,6
2025-06-13,179.4,0,4,6
2025-06-14,227.9,0,5,6
2025-06-15,225.0,0,6,6
2025-06-16,148.7,0,0,6
2025-06-17,174.7,0,1,6
2025-06-18,121.1,0,2,6
2025-06-19,176.3,0,3,6
2025-06-20,250.7,0,4,6
2025-06-21,262.0,0,5,6
2025-06-22,182.7,0,6,6
2025-06-23,159.3,0,0,6
2025-06-24,136.0,0,1,6
2025-06-25,171.4,0,2,6
2025-06-26,158.0,0,3,6
2025-06-27,214.0,0,4,6
2025-06-28,223.5,0,5,6
2025-06-29,200.6,0,6,6
2025-06-30,163.5,0,0,6
2025-07-01,141.1,0,1,7
2025-07-02,166.4,0,2,7
2025-07-03,183.5,0,3,7
2025-07-04,245.4,0,4,7
2025-07-05,246.1,0,5,7
2025-07-06,248.4,0,6,7
2025-07-07,136.9,0,0,7
2025-07-08,193.5,1,1,7
2025-07-09,164.7,0,2,7
2025-07-10,146.6,0,3,7
2025-07-11,236.6,0,4,7
2025-07-12,301.1,0,5,7
2025-07-13,194.5,0,6,7
2025-07-14,176.7,0,0,7
2025-07-15,127.4,0,1,7
2025-07-16,178.4,0,2,7
2025-07-17,169.2,0,3,7
2025-07-18,230.1,0,4,7
2025-07-19,342.8,1,5,7
2025-07-20,192.4,0,6,7
2025-07-21,119.6,0,0,7
2025-07-22,133.8,0,1,7
2025-07-23,166.2,0,2,7
2025-07-24,188.7,0,3,7
2025-07-25,214.4,0,4,7
2025-07-26,227.9,0,5,7
2025-07-27,198.4,0,6,7
2025-07-28,141.5,0,0,7
2025-07-29,160.6,0,1,7
2025-07-30,222.4,1,2,7
2025-07-31,183.0,0,3,7
2025-08-01,241.0,0,4,8
2025-08-02,356.2,1,5,8
2025-08-03,185.7,0,6,8
2025-08-04,114.1,0,0,8
2025-08-05,178.0,0,1,8
2025-08-06,146.4,0,2,8
2025-08-07,212.5,0,3,8
2025-08-08,225.3,0,4,8
2025-08-09,316.7,0,5,8
2025-08-10,221.0,0,6,8
2025-08-11,114.6,0,0,8
2025-08-12,119.6,0,1,8
2025-08-13,165.2,0,2,8
2025-08-14,181.3,0,3,8
2025-08-15,217.4,0,4,8
2025-08-16,332.9,0,5,8
2025-08-17,224.2,0,6,8
2025-08-18,140.0,0,0,8
2025-08-19,165.3,0,1,8
2025-08-20,139.0,0,2,8
2025-08-21,158.7,0,3,8
2025-08-22,209.5,0,4,8
2025-08-23,195.3,0,5,8
2025-08-24,206.6,0,6,8
2025-08-25,135.9,0,0,8
2025-08-26,172.3,0,1,8
2025-08-27,180.7,0,2,8
2025-08-28,200.7,0,3,8
2025-08-29,179.4,0,4,8
2025-08-30,292.2,0,5,8
2025-08-31,225.1,0,6,8
2025-09-01,145.9,0,0,9
2025-09-02,149.0,0,1,9
2025-09-03,149.8,0,2,9
2025-09-04,177.9,0,3,9
2025-09-05,207.7,0,4,9
2025-09-06,314.9,0,5,9
2025-09-07,175.2,0,6,9
2025-09-08,121.5,0,0,9
2025-09-09,122.5,0,1,9
2025-09-10,167.1,0,2,9
2025-09-11,163.6,0,3,9
2025-09-12,196.5,0,4,9
2025-09-13,271.7,1,5,9
2025-09-14,231.4,1,6,9
2025-09-15,137.5,0,0,9
2025-09-16,134.7,0,1,9
2025-09-17,184.9,0,2,9
2025-09-18,187.7,0,3,9
2025-09-19,210.7,0,4,9
2025-09-20,207.3,0,5,9
2025-09-21,217.6,0,6,9
2025-09-22,130.7,0,0,9
2025-09-23,197.1,1,1,9
2025-09-24,168.5,0,2,9
2025-09-25,210.0,0,3,9
2025-09-26,151.1,0,4,9
2025-09-27,257.0,0,5,9
2025-09-28,186.2,1,6,9
2025-09-29,137.3,0,0,9
2025-09-30,134.0,0,1,9
2025-10-01,143.3,0,2,10
2025-10-02,136.2,0,3,10
2025-10-03,176.8,0,4,10
2025-10-04,245.8,0,5,10
2025-10-05,171.8,0,6,10
2025-10-06,129.7,0,0,10
2025-10-07,144.2,0,1,10
2025-10-08,142.3,0,2,10
2025-10-09,151.3,0,3,10
2025-10-10,184.8,0,4,10
2025-10-11,257.1,0,5,10
2025-10-12,156.2,0,6,10
2025-10-13,115.3,0,0,10
2025-10-14,125.0,0,1,10
2025-10-15,151.3,1,2,10
2025-10-16,161.5,0,3,10
2025-10-17,228.2,0,4,10
2025-10-18,227.0,0,5,10
2025-10-19,166.2,0,6,10
2025-10-20,139.9,0,0,10
2025-10-21,135.8,0,1,10
2025-10-22,157.1,1,2,10
2025-10-23,155.1,0,3,10
2025-10-24,201.9,0,4,10
2025-10-25,215.1,0,5,10
2025-10-26,161.8,0,6,10
2025-10-27,141.4,0,0,10
2025-10-28,94.2,0,1,10
2025-10-29,138.8,0,2,10
2025-10-30,157.2,0,3,10
2025-10-31,167.3,0,4,10
2025-11-01,238.2,0,5,11
2025-11-02,183.4,0,6,11
2025-11-03,113.6,0,0,11
2025-11-04,139.4,0,1,11
2025-11-05,140.7,0,2,11
2025-11-06,142.8,0,3,11
2025-11-07,181.8,0,4,11
2025-11-08,288.9,0,5,11
2025-11-09,236.8,1,6,11
2025-11-10,113.2,0,0,11
2025-11-11,124.4,0,1,11
2025-11-12,150.8,0,2,11
2025-11-13,148.5,0,3,11
2025-11-14,168.2,0,4,11
2025-11-15,260.8,0,5,11
2025-11-16,134.5,0,6,11
2025-11-17,111.7,0,0,11
2025-11-18,131.9,0,1,11
2025-11-19,135.4,0,2,11
2025-11-20,161.6,0,3,11
2025-11-21,145.5,0,4,11
2025-11-22,231.6,0,5,11
2025-11-23,155.5,0,6,11
2025-11-24,153.3,0,0,11
2025-11-25,127.4,0,1,11
2025-11-26,137.2,0,2,11
2025-11-27,160.0,0,3,11
2025-11-28,228.1,0,4,11
2025-11-29,225.8,0,5,11
2025-11-30,199.8,0,6,11
2025-12-01,166.5,0,0,12
2025-12-02,168.0,0,1,12
2025-12-03,147.2,0,2,12
2025-12-04,207.6,0,3,12
2025-12-05,207.7,0,4,12
2025-12-06,294.8,0,5,12
2025-12-07,182.5,0,6,12
2025-12-08,226.0,1,0,12
2025-12-09,143.6,0,1,12
2025-12-10,154.4,0,2,12
2025-12-11,210.1,0,3,12
2025-12-12,294.6,0,4,12
2025-12-13,335.2,0,5,12
2025-12-14,238.0,0,6,12
2025-12-15,148.5,0,0,12
2025-12-16,197.2,0,1,12
2025-12-17,200.6,1,2,12
2025-12-18,210.0,0,3,12
2025-12-19,244.8,0,4,12
2025-12-20,323.5,0,5,12
2025-12-21,233.1,0,6,12
2025-12-22,114.2,0,0,12
2025-12-23,185.1,0,1,12
2025-12-24,181.6,0,2,12
2025-12-25,196.5,0,3,12
2025-12-26,231.9,0,4,12
2025-12-27,304.0,0,5,12
2025-12-28,221.3,1,6,12
2025-12-29,142.8,0,0,12
2025-12-30,141.1,0,1,12
2025-12-31,189.9,0,2,12
