mois,taux_0_25a,taux_1_0a,taux_2_0a,taux_3_0a,taux_5_0a,taux_7_0a,taux_10_0a,taux_20_0a,taux_30_0a
1,0.01391,0.01617,0.01835,0.01986,0.02169,0.02266,0.02341,0.02422,0.02448
2,0.01485,0.01722,0.01948,0.02103,0.02286,0.0238,0.0245,0.02523,0.02545
3,0.01579,0.01805,0.02018,0.02162,0.02329,0.02412,0.02471,0.02529,0.02547
4,0.01772,0.01995,0.022,0.02334,0.02482,0.0255,0.02592,0.02623,0.02631
5,0.01786,0.01989,0.02181,0.02309,0.02457,0.02529,0.02579,0.02627,0.02641
6,0.01748,0.01912,0.02073,0.02187,0.0233,0.02409,0.02473,0.02548,0.02573
7,0.01653,0.01825,0.02,0.0213,0.02301,0.02403,0.02492,0.02603,0.0264
8,0.01624,0.01789,0.01959,0.02086,0.02257,0.0236,0.02452,0.02569,0.02609
9,0.01843,0.02009,0.02176,0.02298,0.02456,0.02548,0.02627,0.02724,0.02756
10,0.02166,0.0226,0.02359,0.02436,0.02545,0.02614,0.02677,0.02761,0.0279
11,0.02205,0.02249,0.02309,0.02366,0.02464,0.02538,0.02615,0.02726,0.02766
12,0.0237,0.02435,0.02505,0.02559,0.02635,0.02683,0.02728,0.02788,0.02808
13,0.02647,0.02688,0.02727,0.02755,0.0279,0.0281,0.02825,0.02844,0.0285
14,0.02701,0.02724,0.02746,0.02761,0.0278,0.0279,0.02797,0.02806,0.02808
15,0.0243,0.02487,0.02549,0.02599,0.02673,0.02722,0.02768,0.02831,0.02853
16,0.02264,0.0231,0.02365,0.02412,0.02486,0.02539,0.02592,0.02665,0.02691
17,0.02322,0.02368,0.02417,0.02455,0.02509,0.02543,0.02574,0.02615,0.02629
18,0.02172,0.02245,0.02321,0.02378,0.02455,0.02503,0.02545,0.02599,0.02617
19,0.0218,0.02236,0.02294,0.02339,0.02399,0.02436,0.0247,0.02514,0.02528
20,0.02064,0.02117,0.02171,0.02212,0.02268,0.02303,0.02334,0.02374,0.02387
21,0.02012,0.02048,0.02093,0.02133,0.02197,0.02244,0.02291,0.02358,0.02382
22,0.01845,0.01861,0.01893,0.01929,0.02001,0.02061,0.02126,0.02223,0.02257
23,0.01987,0.0196,0.01957,0.01975,0.02031,0.02089,0.02158,0.02268,0.02308
24,0.01892,0.01904,0.01933,0.01968,0.02039,0.02098,0.02163,0.02262,0.02297
25,0.01931,0.0198,0.02036,0.02081,0.02149,0.02194,0.02238,0.02299,0.0232
26,0.02034,0.02061,0.02093,0.02121,0.02167,0.02199,0.02232,0.02278,0.02294
27,0.01881,0.01924,0.0197,0.02004,0.02053,0.02083,0.02111,0.02147,0.0216
28,0.02043,0.02031,0.02031,0.0204,0.02069,0.02098,0.02132,0.02186,0.02206
29,0.02201,0.02186,0.02177,0.02175,0.02181,0.02191,0.02204,0.02227,0.02235
30,0.02307,0.02308,0.02312,0.02317,0.02326,0.02335,0.02344,0.02357,0.02362
31,0.02311,0.02376,0.02432,0.02464,0.02491,0.02496,0.02492,0.02476,0.0247
32,0.02435,0.02442,0.02447,0.02449,0.02449,0.02447,0.02444,0.02439,0.02437
33,0.02587,0.02606,0.02616,0.02618,0.02608,0.02594,0.02576,0.02544,0.02533
34,0.02283,0.02318,0.02342,0.02351,0.02346,0.02332,0.0231,0.02272,0.02258
35,0.02233,0.02289,0.02335,0.02359,0.02373,0.02369,0.02357,0.02329,0.02318
36,0.02184,0.02254,0.02307,0.02333,0.02341,0.02329,0.02304,0.02256,0.02237
37,0.0218,0.02242,0.02288,0.02309,0.02315,0.02302,0.02278,0.02232,0.02215
38,0.02426,0.02513,0.02572,0.02593,0.02581,0.02545,0.02491,0.02396,0.0236
39,0.02459,0.02534,0.02583,0.02598,0.02579,0.02542,0.02488,0.02394,0.02359
40,0.02626,0.02701,0.02747,0.02754,0.02719,0.02665,0.02593,0.02472,0.02427
41,0.02755,0.02793,0.02802,0.02783,0.02715,0.02643,0.02556,0.02416,0.02365
42,0.02545,0.02574,0.02582,0.0257,0.02525,0.02476,0.02416,0.02321,0.02286
43,0.02514,0.02559,0.02578,0.0257,0.0252,0.02463,0.02392,0.02276,0.02233
44,0.02562,0.02603,0.02621,0.02616,0.02576,0.02528,0.02468,0.0237,0.02334
45,0.02692,0.0269,0.02676,0.02655,0.0261,0.02571,0.02528,0.02461,0.02437
46,0.02596,0.02593,0.02586,0.02579,0.02564,0.02551,0.02538,0.02517,0.0251
47,0.0289,0.02872,0.02848,0.02824,0.02785,0.02756,0.02725,0.02681,0.02665
48,0.02963,0.02942,0.02915,0.02892,0.02854,0.02826,0.02797,0.02757,0.02743
49,0.02749,0.02751,0.02749,0.02745,0.02736,0.02728,0.02718,0.02703,0.02698
50,0.02746,0.02785,0.02813,0.02826,0.02827,0.02817,0.02799,0.02767,0.02755
51,0.02808,0.02858,0.02895,0.02912,0.02916,0.02906,0.02886,0.02848,0.02834
52,0.02729,0.02758,0.02779,0.02788,0.02787,0.02778,0.02764,0.02737,0.02727
53,0.02696,0.02735,0.02765,0.02779,0.02783,0.02776,0.02762,0.02734,0.02723
54,0.02613,0.02656,0.02691,0.02711,0.02726,0.02728,0.02723,0.0271,0.02704
55,0.02442,0.02483,0.02523,0.02551,0.02588,0.02608,0.02625,0.02645,0.02652
56,0.02513,0.02524,0.02535,0.02542,0.02551,0.02556,0.0256,0.02564,0.02566
57,0.02484,0.02449,0.02429,0.02426,0.02444,0.02469,0.02503,0.0256,0.02581
58,0.02738,0.02688,0.02651,0.02637,0.02639,0.02655,0.02681,0.02728,0.02746
59,0.02871,0.02801,0.02748,0.02723,0.02715,0.02728,0.02753,0.02801,0.0282
60,0.02678,0.0265,0.02634,0.02633,0.0265,0.02673,0.02704,0.02754,0.02773
61,0.02805,0.02766,0.02743,0.02739,0.02759,0.02787,0.02825,0.0289,0.02913
62,0.03109,0.03066,0.03038,0.0303,0.03041,0.03064,0.03096,0.03151,0.03172
63,0.03408,0.03356,0.03319,0.03305,0.03309,0.03328,0.03358,0.0341,0.0343
64,0.03328,0.03271,0.03231,0.03217,0.03225,0.03249,0.03284,0.03347,0.03371
65,0.03332,0.03301,0.03289,0.03295,0.03331,0.03372,0.03423,0.03506,0.03536
66,0.03,0.03021,0.03053,0.03086,0.03143,0.03189,0.03236,0.03307,0.03332
67,0.03076,0.03044,0.03038,0.03055,0.03114,0.03176,0.03251,0.0337,0.03413
68,0.02922,0.02922,0.0294,0.02969,0.03033,0.03091,0.03155,0.03254,0.0329
69,0.02879,0.02878,0.029,0.02934,0.03011,0.0308,0.03157,0.03276,0.03319
70,0.03006,0.03047,0.03102,0.03153,0.0324,0.03305,0.03372,0.03468,0.03503
71,0.03198,0.03235,0.03285,0.03331,0.03409,0.03468,0.03528,0.03614,0.03645
72,0.03105,0.03115,0.03145,0.03183,0.03262,0.0333,0.03404,0.03516,0.03557
73,0.03234,0.0325,0.03288,0.03332,0.0342,0.03494,0.03574,0.03694,0.03738
74,0.03187,0.03191,0.03217,0.03254,0.03334,0.03404,0.03482,0.03601,0.03644
75,0.03114,0.03101,0.03118,0.03155,0.03247,0.03332,0.0343,0.03583,0.03639
76,0.03374,0.0337,0.03396,0.0344,0.03542,0.03634,0.03739,0.039,0.03958
77,0.03551,0.03496,0.03479,0.035,0.03585,0.03676,0.03787,0.03966,0.04032
78,0.03929,0.03855,0.03817,0.03819,0.03873,0.03942,0.04032,0.0418,0.04234
79,0.03741,0.03688,0.03667,0.0368,0.03743,0.03816,0.03905,0.0405,0.04103
80,0.03755,0.0376,0.03786,0.03823,0.03902,0.03971,0.04048,0.04165,0.04208
81,0.03975,0.0401,0.04058,0.04105,0.04185,0.04247,0.0431,0.04403,0.04436
82,0.04039,0.04057,0.04091,0.04128,0.04198,0.04256,0.04317,0.0441,0.04443
83,0.04095,0.04148,0.04208,0.04259,0.04336,0.0439,0.04442,0.04514,0.04539
84,0.04285,0.04307,0.04345,0.04386,0.04463,0.04525,0.04591,0.0469,0.04725
85,0.04369,0.04434,0.04507,0.04567,0.04657,0.04719,0.04779,0.04861,0.0489
86,0.04288,0.04348,0.0442,0.04483,0.04582,0.04652,0.04722,0.04821,0.04855
87,0.04056,0.04115,0.04194,0.04268,0.04393,0.04487,0.04583,0.04723,0.04772
88,0.03877,0.0394,0.04028,0.04113,0.04261,0.04374,0.04492,0.04664,0.04725
89,0.039,0.03951,0.04026,0.04099,0.04227,0.04326,0.0443,0.04582,0.04636
90,0.03882,0.03919,0.03979,0.04042,0.04158,0.04249,0.04347,0.04491,0.04543
91,0.0374,0.03798,0.03872,0.03939,0.04048,0.04129,0.04211,0.04329,0.04371
92,0.0397,0.03969,0.03987,0.04015,0.0408,0.04137,0.04202,0.04302,0.04338
93,0.03714,0.03703,0.03718,0.0375,0.03829,0.03902,0.03986,0.04117,0.04164
94,0.03789,0.03747,0.03732,0.03743,0.03796,0.03856,0.0393,0.04049,0.04092
95,0.03745,0.03719,0.03718,0.03736,0.03796,0.03857,0.03929,0.04043,0.04085
96,0.0347,0.03493,0.03528,0.03564,0.03627,0.03676,0.03728,0.03805,0.03832
97,0.03187,0.0323,0.03283,0.0333,0.03406,0.0346,0.03516,0.03594,0.03622
98,0.0316,0.03215,0.03273,0.03319,0.03384,0.03427,0.03466,0.03519,0.03537
99,0.03051,0.03067,0.03096,0.03128,0.03188,0.03236,0.03287,0.03364,0.03392
100,0.0317,0.03161,0.03161,0.0317,0.03194,0.03219,0.03247,0.03293,0.0331
101,0.03026,0.03033,0.03051,0.03072,0.03115,0.03152,0.03191,0.03251,0.03273
102,0.02685,0.02733,0.02784,0.02823,0.02879,0.02915,0.02947,0.02991,0.03006
103,0.03087,0.03116,0.03143,0.0316,0.03177,0.03184,0.03187,0.03188,0.03188
104,0.03022,0.031,0.03166,0.03205,0.0324,0.03248,0.03245,0.0323,0.03223
105,0.02786,0.02887,0.02976,0.0303,0.03083,0.03101,0.03106,0.03099,0.03095
106,0.02551,0.02708,0.02848,0.02936,0.03024,0.03058,0.03071,0.03069,0.03066
107,0.03126,0.03182,0.03227,0.0325,0.03264,0.03259,0.03246,0.03217,0.03205
108,0.03124,0.03119,0.03112,0.03106,0.03095,0.03088,0.0308,0.03068,0.03064
109,0.03264,0.03214,0.0316,0.03118,0.0306,0.03023,0.02989,0.02944,0.02929
110,0.03208,0.03145,0.03088,0.03053,0.03017,0.03003,0.02997,0.02998,0.02999
111,0.03428,0.03297,0.03174,0.03093,0.03,0.02956,0.02926,0.02899,0.02891
112,0.03274,0.03188,0.03109,0.03057,0.03,0.02975,0.0296,0.02949,0.02946
113,0.03471,0.03348,0.03226,0.03138,0.03025,0.0296,0.02906,0.02841,0.02819
114,0.03367,0.03276,0.03182,0.03112,0.03016,0.02958,0.02906,0.0284,0.02818
115,0.03088,0.03014,0.02935,0.02874,0.0279,0.02736,0.02687,0.02622,0.026
116,0.03114,0.03061,0.02998,0.02944,0.02858,0.02797,0.02737,0.02652,0.02622
117,0.02737,0.02699,0.02656,0.0262,0.02566,0.02528,0.02492,0.02441,0.02424
118,0.02446,0.02431,0.02413,0.02397,0.02372,0.02353,0.02334,0.02308,0.02298
119,0.02205,0.02224,0.02237,0.02242,0.02241,0.02234,0.02224,0.02206,0.02199
120,0.02268,0.02332,0.02387,0.0242,0.0245,0.02458,0.02458,0.02448,0.02443
