sexe,age,ax,bx
F,0,-5.56228,0.008044
F,1,-6.57244,0.008292
F,2,-7.31367,0.008543
F,3,-7.70709,0.008797
F,4,-7.85328,0.009053
F,5,-7.88959,0.009311
F,6,-7.88726,0.00957
F,7,-7.87183,0.009829
F,8,-7.85127,0.010088
F,9,-7.82791,0.010347
F,10,-7.8024,0.010603
F,11,-7.77484,0.010858
F,12,-7.74522,0.01111
F,13,-7.71346,0.011357
F,14,-7.6795,0.011601
F,15,-7.64325,0.011839
F,16,-7.60467,0.012072
F,17,-7.56369,0.012297
F,18,-7.52027,0.012516
F,19,-7.47438,0.012726
F,20,-7.426,0.012928
F,21,-7.37513,0.01312
F,22,-7.32176,0.013302
F,23,-7.26591,0.013474
F,24,-7.20761,0.013634
F,25,-7.1469,0.013782
F,26,-7.08384,0.013918
F,27,-7.01848,0.014041
F,28,-6.95089,0.01415
F,29,-6.88115,0.014246
F,30,-6.80934,0.014327
F,31,-6.73555,0.014394
F,32,-6.65988,0.014447
F,33,-6.58241,0.014485
F,34,-6.50325,0.014507
F,35,-6.42248,0.014515
F,36,-6.34021,0.014507
F,37,-6.25653,0.014485
F,38,-6.17153,0.014447
F,39,-6.08529,0.014394
F,40,-5.99791,0.014327
F,41,-5.90947,0.014246
F,42,-5.82005,0.01415
F,43,-5.72972,0.014041
F,44,-5.63855,0.013918
F,45,-5.5466,0.013782
F,46,-5.45395,0.013634
F,47,-5.36064,0.013474
F,48,-5.26674,0.013302
F,49,-5.17229,0.01312
F,50,-5.07733,0.012928
F,51,-4.98192,0.012726
F,52,-4.88609,0.012516
F,53,-4.78988,0.012297
F,54,-4.69332,0.012072
F,55,-4.59644,0.011839
F,56,-4.49927,0.011601
F,57,-4.40185,0.011357
F,58,-4.30418,0.01111
F,59,-4.20629,0.010858
F,60,-4.10821,0.010603
F,61,-4.00995,0.010347
F,62,-3.91153,0.010088
F,63,-3.81295,0.009829
F,64,-3.71425,0.00957
F,65,-3.61542,0.009311
F,66,-3.51648,0.009053
F,67,-3.41744,0.008797
F,68,-3.31831,0.008543
F,69,-3.2191,0.008292
F,70,-3.11982,0.008044
F,71,-3.02046,0.0078
F,72,-2.92105,0.00756
F,73,-2.82158,0.007325
F,74,-2.72206,0.007094
F,75,-2.62249,0.006869
F,76,-2.52288,0.006649
F,77,-2.42324,0.006435
F,78,-2.32356,0.006228
F,79,-2.22385,0.006026
F,80,-2.12412,0.005831
F,81,-2.02436,0.005642
F,82,-1.92457,0.00546
F,83,-1.82477,0.005285
F,84,-1.72495,0.005116
F,85,-1.62511,0.004955
F,86,-1.52525,0.004799
F,87,-1.42538,0.004651
F,88,-1.3255,0.004509
F,89,-1.22561,0.004374
F,90,-1.12571,0.004245
F,91,-1.02579,0.004123
F,92,-0.92587,0.004007
F,93,-0.82595,0.003897
F,94,-0.72601,0.003792
F,95,-0.62607,0.003694
F,96,-0.52612,0.003601
F,97,-0.51083,0.003514
F,98,-0.51083,0.003431
F,99,-0.51083,0.003354
M,0,-5.26218,0.008044
M,1,-6.27233,0.008292
M,2,-7.01356,0.008543
M,3,-7.40699,0.008797
M,4,-7.55317,0.009053
M,5,-7.58948,0.009311
M,6,-7.58715,0.00957
M,7,-7.57172,0.009829
M,8,-7.55116,0.010088
M,9,-7.52781,0.010347
M,10,-7.5023,0.010603
M,11,-7.47474,0.010858
M,12,-7.44511,0.01111
M,13,-7.41336,0.011357
M,14,-7.37939,0.011601
M,15,-7.34315,0.011839
M,16,-7.30456,0.012072
M,17,-7.26358,0.012297
M,18,-7.22017,0.012516
M,19,-7.17428,0.012726
M,20,-7.1259,0.012928
M,21,-7.07502,0.01312
M,22,-7.02165,0.013302
M,23,-6.9658,0.013474
M,24,-6.9075,0.013634
M,25,-6.8468,0.013782
M,26,-6.78373,0.013918
M,27,-6.71837,0.014041
M,28,-6.65078,0.01415
M,29,-6.58104,0.014246
M,30,-6.50923,0.014327
M,31,-6.43545,0.014394
M,32,-6.35977,0.014447
M,33,-6.28231,0.014485
M,34,-6.20314,0.014507
M,35,-6.12238,0.014515
M,36,-6.04011,0.014507
M,37,-5.95642,0.014485
M,38,-5.87142,0.014447
M,39,-5.78519,0.014394
M,40,-5.69781,0.014327
M,41,-5.60937,0.014246
M,42,-5.51995,0.01415
M,43,-5.42961,0.014041
M,44,-5.33844,0.013918
M,45,-5.2465,0.013782
M,46,-5.15384,0.013634
M,47,-5.06054,0.013474
M,48,-4.96663,0.013302
M,49,-4.87218,0.01312
M,50,-4.77723,0.012928
M,51,-4.68182,0.012726
M,52,-4.58599,0.012516
M,53,-4.48977,0.012297
M,54,-4.39321,0.012072
M,55,-4.29634,0.011839
M,56,-4.19917,0.011601
M,57,-4.10174,0.011357
M,58,-4.00407,0.01111
M,59,-3.90619,0.010858
M,60,-3.80811,0.010603
M,61,-3.70984,0.010347
M,62,-3.61142,0.010088
M,63,-3.51285,0.009829
M,64,-3.41414,0.00957
M,65,-3.31531,0.009311
M,66,-3.21638,0.009053
M,67,-3.11734,0.008797
M,68,-3.01821,0.008543
M,69,-2.919,0.008292
M,70,-2.81971,0.008044
M,71,-2.72036,0.0078
M,72,-2.62094,0.00756
M,73,-2.52147,0.007325
M,74,-2.42195,0.007094
M,75,-2.32239,0.006869
M,76,-2.22278,0.006649
M,77,-2.12314,0.006435
M,78,-2.02346,0.006228
M,79,-1.92375,0.006026
M,80,-1.82401,0.005831
M,81,-1.72425,0.005642
M,82,-1.62447,0.00546
M,83,-1.52466,0.005285
M,84,-1.42484,0.005116
M,85,-1.325,0.004955
M,86,-1.22515,0.004799
M,87,-1.12528,0.004651
M,88,-1.0254,0.004509
M,89,-0.9255,0.004374
M,90,-0.8256,0.004245
M,91,-0.72569,0.004123
M,92,-0.62577,0.004007
M,93,-0.52584,0.003897
M,94,-0.51083,0.003792
M,95,-0.51083,0.003694
M,96,-0.51083,0.003601
M,97,-0.51083,0.003514
M,98,-0.51083,0.003431
M,99,-0.51083,0.003354
