annee_survenance,montant
2010,1860.0
2010,9534.0
2010,170439.0
2010,8240.0
2010,49169.0
2010,33369.0
2010,5019.0
2010,110590.0
2010,42332.0
2010,94517.0
2010,2953.0
2010,14126.0
2010,37435.0
2010,5489.0
2010,51246.0
2010,1678.0
2010,3588.0
2010,13907.0
2010,66533.0
2010,1549343.0
2010,43682.0
2010,7162.0
2010,116898.0
2010,875915.0
2010,10383.0
2010,20932.0
2010,21094.0
2010,101566.0
2010,499422.0
2010,105567.0
2010,194299.0
2010,14215.0
2010,16335.0
2010,22210.0
2010,12846.0
2010,60222.0
2010,8844.0
2010,8417.0
2010,10029.0
2010,71545.0
2010,13939.0
2010,22505.0
2010,4649.0
2010,1317.0
2010,4695.0
2010,68215.0
2010,2562.0
2010,71101.0
2010,49407.0
2010,134446.0
2010,5986.0
2010,5188.0
2010,43773.0
2010,9120.0
2010,398638.0
2010,1010248.0
2010,17102.0
2010,79252.0
2010,165238.0
2010,64838.0
2010,58636.0
2010,45493.0
2010,184491.0
2010,195724.0
2010,2424.0
2010,20518.0
2010,153019.0
2010,51372.0
2010,53012.0
2010,28215.0
2010,5490.0
2010,44254.0
2010,2462.0
2010,8922.0
2010,29850.0
2010,30861.0
2010,37082.0
2010,981.0
2010,59069.0
2010,4443.0
2010,51331.0
2010,113754.0
2010,991389.0
2010,163079.0
2010,67601.0
2010,13003.0
2010,21255.0
2010,4262.0
2010,42872.0
2010,4138.0
2010,46505.0
2010,23776.0
2010,24997.0
2010,35464.0
2010,3598.0
2010,121544.0
2010,26005.0
2010,9099.0
2010,99479.0
2010,32793.0
2010,22455.0
2010,96375.0
2010,14877.0
2010,29734.0
2010,7876.0
2010,187959.0
2010,56585.0
2010,29020.0
2010,20422.0
2010,14192.0
2010,57312.0
2010,56765.0
2010,50316.0
2010,8300.0
2010,14028.0
2010,23616.0
2010,34163.0
2010,18019.0
2010,768.0
2010,6600.0
2010,56472.0
2010,11627.0
2010,22950.0
2010,16763.0
2010,2697.0
2010,735174.0
2010,183571.0
2010,18810.0
2010,55372.0
2010,361749.0
2010,20404.0
2010,200158.0
2010,29375.0
2010,2598.0
2010,3226030.0
2010,22833.0
2010,23296.0
2010,21892.0
2010,240719.0
2010,872.0
2010,562.0
2010,348351.0
2010,39381.0
2010,47576.0
2010,872935.0
2010,30257.0
2010,3965.0
2010,332476.0
2010,616487.0
2010,40000.0
2010,23770.0
2010,12296.0
2011,159945.0
2011,9590.0
2011,85093.0
2011,3638.0
2011,2271.0
2011,19265.0
2011,30963.0
2011,4815.0
2011,4858.0
2011,5572.0
2011,39750.0
2011,40274.0
2011,773542.0
2011,6750.0
2011,514203.0
2011,33338.0
2011,15063.0
2011,13367.0
2011,43437.0
2011,31969.0
2011,21181.0
2011,117769.0
2011,11818.0
2011,2452205.0
2011,122717.0
2011,17661.0
2011,5759.0
2011,29015.0
2011,291682.0
2011,25618.0
2011,80335.0
2011,9439.0
2011,4310.0
2011,137713.0
2011,11433.0
2011,36796.0
2011,96275.0
2011,144815.0
2011,202861.0
2011,31273.0
2011,20337.0
2011,20700.0
2011,1937.0
2011,33340.0
2011,13571.0
2011,4018.0
2011,51509.0
2011,25740.0
2011,53317.0
2011,7514.0
2011,16653.0
2011,194559.0
2011,24586.0
2011,104611.0
2011,2765.0
2011,86510.0
2011,47632.0
2011,28216.0
2011,9305.0
2011,680058.0
2011,5241.0
2011,78906.0
2011,298405.0
2011,3562121.0
2011,172361.0
2011,50107.0
2011,1969733.0
2011,15104.0
2011,47593.0
2011,34833.0
2011,58274.0
2011,3629.0
2011,83105.0
2011,630333.0
2011,476.0
2011,7775.0
2011,558016.0
2011,1468.0
2011,54752.0
2011,7116.0
2011,34806.0
2011,38792.0
2011,45129.0
2011,146096.0
2011,19294.0
2011,208216.0
2011,4848.0
2011,9866.0
2011,39685.0
2011,112655.0
2011,102960.0
2011,7923.0
2011,14510.0
2011,5190.0
2011,637171.0
2011,5517.0
2011,3459.0
2011,22866.0
2011,59778.0
2011,1900.0
2011,4025.0
2011,93684.0
2011,7073.0
2011,139358.0
2011,102637.0
2011,55225.0
2011,64607.0
2011,640994.0
2011,10685.0
2011,935574.0
2011,18284.0
2011,3675.0
2011,10751.0
2011,9623.0
2011,114362.0
2011,2373.0
2011,46797.0
2011,18545.0
2011,294314.0
2011,5703.0
2011,39873.0
2011,70587.0
2011,3062.0
2011,49078.0
2011,118546.0
2011,504495.0
2011,2619.0
2011,423969.0
2011,20860.0
2011,5551.0
2011,41272.0
2011,1533.0
2011,94607.0
2011,15828.0
2011,23421.0
2011,63416.0
2011,45153.0
2011,40086.0
2011,51885.0
2011,46761.0
2011,2992.0
2011,280057.0
2011,41218.0
2011,55994.0
2011,3893.0
2011,186500.0
2011,89194.0
2011,50573.0
2011,359398.0
2011,78419.0
2011,8116.0
2011,11066.0
2011,47971.0
2011,26228.0
2011,38288.0
2011,2064.0
2011,22200.0
2011,46781.0
2011,87508.0
2011,62491.0
2011,356356.0
2011,1207107.0
2011,54534.0
2011,3101.0
2011,13884.0
2011,81723.0
2011,3139.0
2012,14698.0
2012,13400.0
2012,266150.0
2012,6321.0
2012,20160.0
2012,17432.0
2012,151307.0
2012,24154.0
2012,1188.0
2012,114805.0
2012,16442.0
2012,3160.0
2012,2378.0
2012,6211.0
2012,29221.0
2012,41497.0
2012,18505.0
2012,146462.0
2012,5237.0
2012,18104.0
2012,11043.0
2012,6560.0
2012,2670.0
2012,149111.0
2012,20996.0
2012,12179.0
2012,13087.0
2012,7121.0
2012,4403.0
2012,6592.0
2012,68958.0
2012,124714.0
2012,44210.0
2012,43926.0
2012,43039.0
2012,107378.0
2012,5959.0
2012,22539.0
2012,144342.0
2012,627171.0
2012,864722.0
2012,280685.0
2012,115008.0
2012,56849.0
2012,989639.0
2012,4590.0
2012,183592.0
2012,2988.0
2012,9038.0
2012,20884.0
2012,18009.0
2012,139953.0
2012,201843.0
2012,68214.0
2012,44649.0
2012,2851.0
2012,3429.0
2012,143640.0
2012,20727.0
2012,49773.0
2012,71483.0
2012,17795.0
2012,8879.0
2012,4746.0
2012,9355.0
2012,5989.0
2012,52219.0
2012,588765.0
2012,5912.0
2012,38123.0
2012,61272.0
2012,758821.0
2012,220504.0
2012,40564.0
2012,105216.0
2012,79635.0
2012,98842.0
2012,43311.0
2012,21169.0
2012,37094.0
2012,104109.0
2012,162540.0
2012,103150.0
2012,11749.0
2012,862840.0
2012,77083.0
2012,9316.0
2012,17927.0
2012,13739.0
2012,3472.0
2012,14884.0
2012,38549.0
2012,188541.0
2012,9244.0
2012,31852.0
2012,465985.0
2012,159137.0
2012,944541.0
2012,79071.0
2012,520390.0
2012,275336.0
2012,2578.0
2012,50989.0
2012,9470.0
2012,530757.0
2012,24432.0
2012,4257.0
2012,135868.0
2012,12376.0
2012,27892.0
2012,7166.0
2012,22229.0
2012,9545.0
2012,18875.0
2012,116412.0
2012,125416.0
2012,175053.0
2012,18887.0
2012,32598.0
2012,1174.0
2012,6249.0
2012,57989.0
2012,125753.0
2012,63056.0
2012,636521.0
2012,547756.0
2012,24175.0
2012,132928.0
2012,2965894.0
2012,21549.0
2012,76032.0
2012,10635.0
2012,18363.0
2012,11587.0
2012,233574.0
2012,1321636.0
2012,22435.0
2012,4460.0
2012,33315.0
2012,3233.0
2012,35931.0
2012,529859.0
2012,16206.0
2012,884.0
2012,840.0
2012,13479.0
2012,2306.0
2012,88320.0
2012,14588.0
2012,25276.0
2012,597589.0
2012,87202.0
2012,16507.0
2012,7410.0
2012,13015.0
2012,16728.0
2012,226924.0
2012,29774.0
2012,587154.0
2012,24993.0
2012,3897.0
2012,4925.0
2012,20002.0
2012,1932000.0
2012,498377.0
2012,50425.0
2012,7403.0
2012,131287.0
2012,59631.0
2013,23593.0
2013,28508.0
2013,5950.0
2013,9818.0
2013,99686.0
2013,2560.0
2013,92529.0
2013,2516140.0
2013,36282.0
2013,1100041.0
2013,30881.0
2013,34927.0
2013,11825.0
2013,1567.0
2013,13793.0
2013,50384.0
2013,8211.0
2013,7593.0
2013,63731.0
2013,821533.0
2013,952118.0
2013,773572.0
2013,8050.0
2013,5409.0
2013,48820.0
2013,909.0
2013,540143.0
2013,29691.0
2013,31317.0
2013,44705.0
2013,5001.0
2013,499.0
2013,22508.0
2013,32802.0
2013,815506.0
2013,412428.0
2013,26046.0
2013,90249.0
2013,3829.0
2013,21879.0
2013,67762.0
2013,6029.0
2013,34202.0
2013,27941.0
2013,37783.0
2013,91133.0
2013,156470.0
2013,32929.0
2013,80809.0
2013,9924.0
2013,2034.0
2013,5104.0
2013,10038.0
2013,969.0
2013,3738.0
2013,102794.0
2013,314111.0
2013,11741.0
2013,106623.0
2013,592251.0
2013,3487.0
2013,36901.0
2013,686410.0
2013,26421.0
2013,44094.0
2013,17340.0
2013,8347.0
2013,107984.0
2013,3219.0
2013,112022.0
2013,34970.0
2013,2422988.0
2013,15073.0
2013,91625.0
2013,29143.0
2013,114944.0
2013,25986.0
2013,7501.0
2013,30007.0
2013,27649.0
2013,29243.0
2013,385753.0
2013,295646.0
2013,4061.0
2013,13702.0
2013,28791.0
2013,11503.0
2013,11810.0
2013,77429.0
2013,37802.0
2013,130840.0
2013,31423.0
2013,24663.0
2013,16905.0
2013,16134.0
2013,68598.0
2013,5112.0
2013,30633.0
2013,12767.0
2013,220608.0
2013,76341.0
2013,9856.0
2013,139450.0
2013,147492.0
2013,41763.0
2013,21463.0
2013,17991.0
2013,1360.0
2013,34784.0
2013,12067.0
2013,44292.0
2013,16390.0
2013,167051.0
2013,38615.0
2013,223499.0
2013,18231.0
2013,473.0
2013,41891.0
2013,45538.0
2013,4415.0
2013,209820.0
2013,31545.0
2013,24719.0
2013,16507.0
2013,86781.0
2013,48491.0
2013,21804.0
2013,8862.0
2013,10864.0
2013,8513.0
2013,528821.0
2013,16151.0
2013,59350.0
2013,7043.0
2013,176634.0
2013,4526.0
2013,51733.0
2013,19681.0
2013,8191.0
2013,19581.0
2013,49851.0
2013,91118.0
2013,779.0
2013,53926.0
2013,20323.0
2013,18810.0
2013,117543.0
2013,383895.0
2013,2326.0
2013,11840.0
2013,21786.0
2013,61761.0
2013,9260.0
2013,12347.0
2013,191900.0
2013,16685.0
2013,54270.0
2013,19590.0
2013,25133.0
2013,6431.0
2013,5080.0
2013,96332.0
2013,2627.0
2013,29166.0
2013,903.0
2013,8285.0
2013,4645.0
2013,12439.0
2013,62687.0
2013,26449.0
2013,33657.0
2014,77110.0
2014,8563.0
2014,2109425.0
2014,16559.0
2014,27442.0
2014,937.0
2014,74019.0
2014,6256.0
2014,15457.0
2014,167333.0
2014,281355.0
2014,3088.0
2014,410698.0
2014,2266329.0
2014,107911.0
2014,51773.0
2014,474779.0
2014,8267.0
2014,2630.0
2014,48592.0
2014,12821.0
2014,15040.0
2014,34699.0
2014,46999.0
2014,19510.0
2014,44148.0
2014,2289.0
2014,18134.0
2014,21280.0
2014,40840.0
2014,5752.0
2014,128880.0
2014,3292.0
2014,43668.0
2014,12789.0
2014,14884.0
2014,21737.0
2014,33728.0
2014,25355.0
2014,65791.0
2014,209649.0
2014,3995.0
2014,44194.0
2014,312801.0
2014,10988.0
2014,16460.0
2014,16141.0
2014,302906.0
2014,12247.0
2014,535710.0
2014,180882.0
2014,35305.0
2014,8426.0
2014,22937.0
2014,7478.0
2014,25775.0
2014,1102.0
2014,751679.0
2014,1166.0
2014,5314.0
2014,20375.0
2014,23371.0
2014,21173.0
2014,45300.0
2014,65209.0
2014,52080.0
2014,90107.0
2014,62219.0
2014,5094.0
2014,4545.0
2014,22345.0
2014,23109.0
2014,7419.0
2014,24570.0
2014,31744.0
2014,11462.0
2014,252691.0
2014,49160.0
2014,39520.0
2014,47615.0
2014,13430.0
2014,91186.0
2014,292272.0
2014,19364.0
2014,13937.0
2014,94870.0
2014,556029.0
2014,28524.0
2014,25943.0
2014,60445.0
2014,3981.0
2014,116375.0
2014,10222.0
2014,16196.0
2014,599.0
2014,30641.0
2014,51689.0
2014,87081.0
2014,56982.0
2014,32846.0
2014,20257.0
2014,373816.0
2014,104372.0
2014,10452.0
2014,3795.0
2014,1296.0
2014,14580.0
2014,18568.0
2014,11567.0
2014,319920.0
2014,741857.0
2014,2748.0
2014,3327.0
2014,63510.0
2014,2871.0
2014,4271.0
2014,2880.0
2014,48681.0
2014,4511.0
2014,53907.0
2014,2467.0
2014,138096.0
2014,2652.0
2014,25653.0
2014,41917.0
2014,58091.0
2014,33099.0
2014,16406.0
2014,42329.0
2014,57014.0
2014,10575.0
2014,99791.0
2014,51023.0
2014,25617.0
2014,9516.0
2014,450615.0
2014,106873.0
2014,90058.0
2014,75450.0
2014,205917.0
2014,536221.0
2014,108441.0
2014,15461.0
2014,831360.0
2014,101456.0
2014,23792.0
2014,8107.0
2014,982676.0
2014,59387.0
2014,79816.0
2014,17739.0
2014,47219.0
2014,22754.0
2014,2264.0
2014,15575.0
2014,129547.0
2014,36374.0
2014,89434.0
2014,21474.0
2014,18316.0
2014,6990.0
2014,18409.0
2014,19960.0
2014,26618.0
2014,4854.0
2014,8321.0
2014,14666.0
2014,53663.0
2014,864458.0
2014,550396.0
2014,31055.0
2014,11358.0
2014,5899.0
2014,14421.0
2014,40803.0
2014,25612.0
2014,35040.0
2014,7266.0
2014,46633.0
2014,217352.0
2014,44998.0
2014,4479.0
2014,407163.0
2014,20186.0
2014,150758.0
2014,144612.0
2014,7724.0
2014,3159921.0
2014,21360.0
2015,5148.0
2015,6735.0
2015,5570.0
2015,6142.0
2015,682558.0
2015,24153.0
2015,19878.0
2015,17540.0
2015,31647.0
2015,5496.0
2015,75990.0
2015,8060.0
2015,121016.0
2015,21549.0
2015,20957.0
2015,6088.0
2015,27141.0
2015,12460.0
2015,22936.0
2015,2466.0
2015,37156.0
2015,14030.0
2015,23382.0
2015,25948.0
2015,18674.0
2015,47517.0
2015,58829.0
2015,1888.0
2015,37108.0
2015,96707.0
2015,36319.0
2015,5462.0
2015,22968.0
2015,20892.0
2015,21819.0
2015,409121.0
2015,636023.0
2015,5303.0
2015,7202.0
2015,107121.0
2015,148003.0
2015,28336.0
2015,1898.0
2015,4445.0
2015,22405.0
2015,33546.0
2015,4539.0
2015,90705.0
2015,24856.0
2015,673763.0
2015,26606.0
2015,32069.0
2015,6079.0
2015,160189.0
2015,187244.0
2015,3003.0
2015,3540.0
2015,13541.0
2015,32213.0
2015,36448.0
2015,9877.0
2015,32225.0
2015,877474.0
2015,131708.0
2015,82893.0
2015,155269.0
2015,1844329.0
2015,62235.0
2015,586.0
2015,18379.0
2015,2409.0
2015,173083.0
2015,35464.0
2015,16523.0
2015,33894.0
2015,4780.0
2015,15781.0
2015,4561.0
2015,113337.0
2015,90951.0
2015,196347.0
2015,37482.0
2015,72014.0
2015,5123.0
2015,26400.0
2015,234148.0
2015,55995.0
2015,32464.0
2015,62291.0
2015,43721.0
2015,323454.0
2015,290542.0
2015,55994.0
2015,75472.0
2015,95218.0
2015,2452.0
2015,82042.0
2015,28896.0
2015,13861.0
2015,32096.0
2015,52784.0
2015,30295.0
2015,829392.0
2015,58567.0
2015,454335.0
2015,22455.0
2015,55652.0
2015,561776.0
2015,127583.0
2015,104494.0
2015,275394.0
2015,14929.0
2015,8413.0
2015,1919.0
2015,7213.0
2015,37111.0
2015,920.0
2015,26253.0
2015,24530.0
2015,78743.0
2015,19483.0
2015,93315.0
2015,19150.0
2015,120533.0
2015,80480.0
2015,45278.0
2015,29017.0
2015,2342.0
2015,7216.0
2015,13041.0
2015,83140.0
2015,27053.0
2015,9023.0
2015,35279.0
2015,179574.0
2015,29467.0
2015,228308.0
2015,17690.0
2015,84274.0
2015,12974.0
2015,34737.0
2015,1830.0
2015,17905.0
2015,6866.0
2015,19143.0
2015,14345.0
2015,94751.0
2015,27090.0
2015,60246.0
2015,27404.0
2015,38984.0
2015,64897.0
2015,26829.0
2015,6927.0
2015,5838.0
2015,10609.0
2015,32032.0
2015,121509.0
2015,6812.0
2015,148766.0
2015,33481.0
2015,62630.0
2015,204997.0
2015,77800.0
2015,48728.0
2015,171342.0
2015,60647.0
2015,34617.0
2015,74664.0
2015,34744.0
2015,13921.0
2015,11999.0
2015,65428.0
2015,6192.0
2015,1694.0
2015,10781.0
2015,121497.0
2015,17954.0
2015,3400.0
2015,11157.0
2015,91454.0
2015,2777.0
2015,18493.0
2015,25722.0
2015,129289.0
2015,77131.0
2015,40001.0
2015,539616.0
2015,1262.0
2015,14561.0
2015,33026.0
2015,28104.0
2016,62321.0
2016,97215.0
2016,3641.0
2016,14090.0
2016,12711.0
2016,22084.0
2016,2866.0
2016,10632.0
2016,2022.0
2016,16652.0
2016,14366.0
2016,949557.0
2016,18356.0
2016,42330.0
2016,57963.0
2016,501043.0
2016,200672.0
2016,86701.0
2016,18808.0
2016,58881.0
2016,15588.0
2016,102507.0
2016,150043.0
2016,209852.0
2016,149931.0
2016,13132.0
2016,6658.0
2016,6093.0
2016,15228.0
2016,9499.0
2016,113468.0
2016,29365.0
2016,9866.0
2016,43321.0
2016,13975.0
2016,82378.0
2016,26043.0
2016,49946.0
2016,2149.0
2016,13436.0
2016,27786.0
2016,10795.0
2016,466281.0
2016,311178.0
2016,18230.0
2016,460078.0
2016,70972.0
2016,18842.0
2016,29112.0
2016,14547.0
2016,14472.0
2016,6025.0
2016,73875.0
2016,10141.0
2016,44530.0
2016,28553.0
2016,5462.0
2016,39922.0
2016,5277.0
2016,59095.0
2016,62900.0
2016,6662.0
2016,125973.0
2016,75310.0
2016,2725.0
2016,26092.0
2016,14373.0
2016,6483.0
2016,38097.0
2016,22185.0
2016,7103.0
2016,12211.0
2016,215592.0
2016,78179.0
2016,66599.0
2016,4260.0
2016,80075.0
2016,1204.0
2016,7025.0
2016,2485.0
2016,2188.0
2016,7778.0
2016,4972.0
2016,792.0
2016,12766.0
2016,5066.0
2016,5663.0
2016,9629.0
2016,16835.0
2016,4904.0
2016,2484.0
2016,11866.0
2016,14232.0
2016,111606.0
2016,42330.0
2016,604936.0
2016,287829.0
2016,638.0
2016,9411.0
2016,2474.0
2016,1504787.0
2016,4172.0
2016,28646.0
2016,62737.0
2016,2866.0
2016,16242.0
2016,71430.0
2016,547480.0
2016,6666.0
2016,6842.0
2016,11964.0
2016,47353.0
2016,96335.0
2016,117255.0
2016,52433.0
2016,420101.0
2016,71996.0
2016,761.0
2016,9084.0
2016,23165.0
2016,21510.0
2016,28762.0
2016,538591.0
2016,27110.0
2016,6817.0
2016,68799.0
2016,28731.0
2016,7561.0
2016,14486.0
2016,103536.0
2016,69730.0
2016,251212.0
2016,23186.0
2016,11213.0
2016,2604.0
2016,21813.0
2016,689211.0
2016,411811.0
2016,504310.0
2016,39264.0
2016,24316.0
2016,49964.0
2016,212178.0
2016,4567.0
2016,9413.0
2016,16190.0
2016,19032.0
2016,6857.0
2016,44895.0
2016,6754.0
2016,78107.0
2016,11861.0
2016,52562.0
2016,87834.0
2016,4018.0
2016,77456.0
2016,269417.0
2016,98530.0
2016,8315.0
2016,759121.0
2016,40313.0
2016,194690.0
2016,7888.0
2016,32385.0
2016,78921.0
2016,1123932.0
2016,74632.0
2017,19736.0
2017,19834.0
2017,27125.0
2017,92112.0
2017,119571.0
2017,3686.0
2017,1889.0
2017,54051.0
2017,257556.0
2017,52222.0
2017,66925.0
2017,46412.0
2017,2740.0
2017,21528.0
2017,5691.0
2017,21140.0
2017,152806.0
2017,386966.0
2017,92719.0
2017,53469.0
2017,3937.0
2017,200014.0
2017,9054.0
2017,2297.0
2017,190315.0
2017,27360.0
2017,133117.0
2017,172170.0
2017,659898.0
2017,6091.0
2017,24993.0
2017,11381.0
2017,7961.0
2017,1418000.0
2017,3343.0
2017,8778.0
2017,118731.0
2017,239584.0
2017,291.0
2017,80885.0
2017,17381.0
2017,1512884.0
2017,17320.0
2017,34168.0
2017,38685.0
2017,16921.0
2017,12451.0
2017,32210.0
2017,28525.0
2017,344927.0
2017,723589.0
2017,219766.0
2017,54906.0
2017,514079.0
2017,73090.0
2017,619.0
2017,29600.0
2017,71579.0
2017,4038.0
2017,12186.0
2017,2068546.0
2017,189.0
2017,211975.0
2017,4092.0
2017,1958.0
2017,126609.0
2017,53109.0
2017,58601.0
2017,130795.0
2017,2145.0
2017,528.0
2017,724060.0
2017,3340.0
2017,1389.0
2017,49220.0
2017,28463.0
2017,730200.0
2017,6229.0
2017,38426.0
2017,8373.0
2017,21509.0
2017,205039.0
2017,29162.0
2017,20076.0
2017,7488.0
2017,81264.0
2017,23106.0
2017,10061.0
2017,94560.0
2017,38998.0
2017,5939.0
2017,3988.0
2017,2310.0
2017,10310.0
2017,27412.0
2017,671098.0
2017,178687.0
2017,217805.0
2017,100611.0
2017,4447.0
2017,64230.0
2017,31438.0
2017,4769.0
2017,241635.0
2017,23484.0
2017,8018.0
2017,31068.0
2017,42519.0
2017,281371.0
2017,244923.0
2017,120966.0
2017,497.0
2017,18198.0
2017,48136.0
2017,8641.0
2017,11638.0
2017,187686.0
2017,49449.0
2017,22717.0
2017,1840617.0
2017,300024.0
2017,100885.0
2017,575336.0
2017,3463.0
2017,3758.0
2017,8991.0
2017,27321.0
2017,26974.0
2017,32890.0
2017,63048.0
2017,10398.0
2017,135747.0
2017,28185.0
2017,36305.0
2017,155482.0
2017,1055.0
2017,11323.0
2017,17135.0
2017,21145.0
2017,20448.0
2017,164137.0
2017,278059.0
2017,2347.0
2017,28135.0
2017,72996.0
2017,90020.0
2017,520771.0
2017,35993.0
2017,5968.0
2017,13669.0
2017,9598.0
2017,73906.0
2017,37770.0
2017,7932.0
2017,17481.0
2017,51085.0
2017,399742.0
2017,169265.0
2017,10686.0
2017,51009.0
2017,677883.0
2017,103344.0
2017,27500.0
2017,9398.0
2017,1203.0
2017,16065.0
2017,16437.0
2017,35288.0
2017,1083.0
2017,49904.0
2017,26620.0
2017,51565.0
2017,974549.0
2017,20659.0
2017,28001.0
2017,30350.0
2017,37128.0
2017,16204.0
2018,13382.0
2018,93616.0
2018,42762.0
2018,61575.0
2018,12712.0
2018,20904.0
2018,99260.0
2018,27019.0
2018,3926.0
2018,69108.0
2018,13843.0
2018,25403.0
2018,191363.0
2018,2028.0
2018,12327.0
2018,12023.0
2018,37369.0
2018,69667.0
2018,6516.0
2018,471868.0
2018,1027.0
2018,38323.0
2018,33763.0
2018,7981.0
2018,16736.0
2018,42353.0
2018,56737.0
2018,260412.0
2018,31042.0
2018,4087.0
2018,36567.0
2018,13802.0
2018,11298.0
2018,193737.0
2018,2844.0
2018,9396.0
2018,43059.0
2018,9113.0
2018,24051.0
2018,41494.0
2018,5082.0
2018,84027.0
2018,56572.0
2018,14313.0
2018,5391.0
2018,1239553.0
2018,10185.0
2018,11843.0
2018,6118.0
2018,122189.0
2018,38063.0
2018,44127.0
2018,41790.0
2018,139333.0
2018,15518.0
2018,7231.0
2018,7885.0
2018,4345.0
2018,8185.0
2018,69593.0
2018,515125.0
2018,9793.0
2018,56840.0
2018,69779.0
2018,27641.0
2018,8577.0
2018,402039.0
2018,1358.0
2018,17039.0
2018,67172.0
2018,46785.0
2018,64344.0
2018,7696.0
2018,4522.0
2018,61328.0
2018,24950.0
2018,27235.0
2018,31174.0
2018,86168.0
2018,161515.0
2018,7490.0
2018,11591.0
2018,285086.0
2018,286471.0
2018,95180.0
2018,92310.0
2018,183326.0
2018,34994.0
2018,26732.0
2018,1084.0
2018,10607.0
2018,36675.0
2018,35079.0
2018,109526.0
2018,2590.0
2018,34345.0
2018,39262.0
2018,19010.0
2018,129162.0
2018,63279.0
2018,148106.0
2018,11010.0
2018,125915.0
2018,22201.0
2018,3235.0
2018,45563.0
2018,1347.0
2018,4716.0
2018,31279.0
2018,36504.0
2018,136512.0
2018,28372.0
2018,114066.0
2018,69904.0
2018,72090.0
2018,29512.0
2018,48280.0
2018,115917.0
2018,3643.0
2018,555.0
2018,84290.0
2018,50999.0
2018,2126.0
2018,15560.0
2018,1082315.0
2018,1154459.0
2018,4895.0
2018,49803.0
2018,76563.0
2018,407361.0
2018,103994.0
2018,13582.0
2018,34661.0
2018,10065.0
2018,5500.0
2018,13407.0
2018,31491.0
2018,279.0
2018,2906.0
2018,198564.0
2018,38033.0
2018,102168.0
2018,197991.0
2018,4795.0
2018,108063.0
2018,8231.0
2018,2390.0
2018,3555.0
2018,48817.0
2018,11621.0
2018,3095.0
2018,34390.0
2018,788869.0
2018,4393.0
2018,24663.0
2018,1103.0
2018,55207.0
2018,102940.0
2018,98336.0
2018,2456.0
2018,852.0
2018,22087.0
2018,15280.0
2018,8854.0
2018,34919.0
2018,300292.0
2018,62819.0
2018,13312.0
2018,7078.0
2018,34588.0
2018,20853.0
2018,73036.0
2018,1079.0
2018,10938.0
2018,2383.0
2018,18652.0
2018,9720.0
2018,119052.0
2018,15797.0
2018,54076.0
2018,92522.0
2018,79254.0
2018,4216.0
2018,9179.0
2018,16370.0
2018,269784.0
2018,5480.0
2018,57998.0
2018,2266.0
2018,28875.0
2018,197292.0
2018,13854.0
2018,10627.0
2018,203110.0
2018,3996.0
2018,118807.0
2018,59552.0
2018,118223.0
2018,46077.0
2018,459.0
2018,10024.0
2018,21710.0
2018,4878.0
2019,55198.0
2019,853646.0
2019,3886.0
2019,18599.0
2019,53196.0
2019,65546.0
2019,1354512.0
2019,1877.0
2019,1582.0
2019,7395.0
2019,4394.0
2019,5681.0
2019,8126.0
2019,297337.0
2019,3963.0
2019,38201.0
2019,38149.0
2019,14222.0
2019,1916.0
2019,103678.0
2019,19288.0
2019,24009.0
2019,67435.0
2019,102954.0
2019,12701.0
2019,146981.0
2019,64675.0
2019,9879.0
2019,15588.0
2019,9382.0
2019,69670.0
2019,20822.0
2019,172013.0
2019,212294.0
2019,1597.0
2019,19020.0
2019,93534.0
2019,321861.0
2019,2758.0
2019,18707.0
2019,7132.0
2019,9867.0
2019,46587.0
2019,187574.0
2019,29068.0
2019,5179.0
2019,59699.0
2019,137800.0
2019,5210.0
2019,40216.0
2019,76314.0
2019,12595.0
2019,284953.0
2019,50078.0
2019,177862.0
2019,29441.0
2019,55868.0
2019,19550.0
2019,458389.0
2019,43206.0
2019,2575.0
2019,18176.0
2019,74045.0
2019,46433.0
2019,6215.0
2019,19697.0
2019,992186.0
2019,7225.0
2019,19342.0
2019,182356.0
2019,47786.0
2019,10642.0
2019,14220.0
2019,6398.0
2019,50562.0
2019,3070.0
2019,2945.0
2019,7884.0
2019,5959.0
2019,6516.0
2019,9963.0
2019,48948.0
2019,22384.0
2019,18969.0
2019,38127.0
2019,12140.0
2019,18377.0
2019,1014656.0
2019,5244.0
2019,190423.0
2019,32987.0
2019,24382.0
2019,3984.0
2019,28527.0
2019,6727.0
2019,451.0
2019,28407.0
2019,61971.0
2019,62850.0
2019,676148.0
2019,4952.0
2019,19475.0
2019,52365.0
2019,687.0
2019,5190.0
2019,5856.0
2019,12450.0
2019,49945.0
2019,16400.0
2019,21980.0
2019,2918.0
2019,1025.0
2019,255075.0
2019,51285.0
2019,48870.0
2019,13706.0
2019,26281.0
2019,1229.0
2019,12869.0
2019,148637.0
2019,63832.0
2019,41436.0
2019,16007.0
2019,11072.0
2019,62108.0
2019,26728.0
2019,16113.0
2019,958.0
2019,613398.0
2019,236304.0
2019,8890.0
2019,56692.0
2019,123417.0
2019,46131.0
2019,538232.0
2019,28434.0
2019,6753.0
2019,8029.0
2019,6086.0
2019,27598.0
2019,141278.0
2019,493.0
2019,115392.0
2019,8037.0
2019,13308.0
2019,21739.0
2019,128758.0
2019,28282.0
2019,1260266.0
2019,5688.0
2019,200.0
2019,5475.0
2019,16232.0
2019,85429.0
2019,128116.0
2019,38335.0
2019,54862.0
2019,20310.0
2019,22775.0
2019,671.0
2019,47913.0
2019,85858.0
2019,1517157.0
2019,136810.0
2019,8180.0
2019,5856.0
2019,7591.0
2019,14097.0
2019,22517.0
2019,84422.0
2019,124183.0
2019,34597.0
2019,31901.0
2019,667766.0
2019,592155.0
2019,1096292.0
2019,2506.0
2019,130153.0
2019,266094.0
2019,47559.0
2019,19857.0
2019,424619.0
2019,50895.0
2019,4395.0
2019,23674.0
2019,26272.0
2019,21871.0
2019,39638.0
2019,136459.0
2019,302602.0
2019,470439.0
2019,45735.0
2019,33830.0
2019,6718.0
2019,114958.0
2019,12646.0
2019,33711.0
2019,40885.0
2019,5992.0
2019,222580.0
2019,185646.0
2019,86430.0
2019,7157.0
2019,61702.0
2019,336546.0
2019,2429.0
2019,869438.0
2019,14440.0
2019,28549.0
2019,23346.0
2019,120979.0
2019,8802.0
2019,127671.0
2019,4647.0
2019,59399.0
2019,4190.0
2019,597934.0
2019,210600.0
2019,390811.0
2019,5542.0
2019,50642.0
2019,106914.0
2019,3706.0
2019,20122.0
2019,1471.0
2019,18081.0
2020,7375.0
2020,372874.0
2020,28561.0
2020,8241.0
2020,93821.0
2020,20127.0
2020,246244.0
2020,169955.0
2020,20189.0
2020,34029.0
2020,1739.0
2020,74330.0
2020,294103.0
2020,23785.0
2020,75739.0
2020,40273.0
2020,386563.0
2020,11433.0
2020,108582.0
2020,17376.0
2020,62382.0
2020,3946.0
2020,70400.0
2020,430988.0
2020,694538.0
2020,26648.0
2020,11497.0
2020,216067.0
2020,803859.0
2020,8529.0
2020,34359.0
2020,25776.0
2020,63297.0
2020,15993.0
2020,48784.0
2020,6792.0
2020,47528.0
2020,45822.0
2020,44299.0
2020,3249.0
2020,317924.0
2020,263947.0
2020,63875.0
2020,2879.0
2020,21306.0
2020,5807.0
2020,64413.0
2020,46106.0
2020,30457.0
2020,801.0
2020,41513.0
2020,1061.0
2020,36964.0
2020,4693.0
2020,8714.0
2020,2336.0
2020,112661.0
2020,207069.0
2020,34553.0
2020,6293.0
2020,2025.0
2020,5028.0
2020,21662.0
2020,72246.0
2020,14147.0
2020,236449.0
2020,553982.0
2020,123720.0
2020,630502.0
2020,1690.0
2020,6397.0
2020,17253.0
2020,38602.0
2020,25846.0
2020,1460877.0
2020,114903.0
2020,6111.0
2020,36501.0
2020,263969.0
2020,24029.0
2020,155415.0
2020,105148.0
2020,201.0
2020,5235.0
2020,28755.0
2020,5824.0
2020,20522.0
2020,21915.0
2020,972762.0
2020,236873.0
2020,170574.0
2020,30187.0
2020,13793.0
2020,913621.0
2020,25847.0
2020,2990.0
2020,7518.0
2020,5546.0
2020,3441.0
2020,17752.0
2020,2365.0
2020,21547.0
2020,39535.0
2020,549839.0
2020,352561.0
2020,43126.0
2020,26480.0
2020,31879.0
2020,36459.0
2020,514904.0
2020,372081.0
2020,46813.0
2020,37450.0
2020,4685.0
2020,71453.0
2020,6412.0
2020,172690.0
2020,2091.0
2020,141582.0
2020,40309.0
2020,19152.0
2020,5714.0
2020,5505.0
2020,1934.0
2020,56662.0
2020,985119.0
2020,38102.0
2020,213435.0
2020,7144.0
2020,5087.0
2020,214609.0
2020,4836.0
2020,85774.0
2020,86800.0
2020,2711.0
2020,1102359.0
2020,8802.0
2020,37371.0
2020,83877.0
2020,12776.0
2020,186697.0
2020,38258.0
2020,4068.0
2020,98919.0
2020,24915.0
2020,41132.0
2020,19745.0
2020,141253.0
2020,13981.0
2020,254424.0
2020,61126.0
2020,21603.0
2020,47095.0
2020,31172.0
2020,103357.0
2020,27790.0
2020,40632.0
2020,205343.0
2020,3914.0
2020,24333.0
2020,78507.0
2020,24952.0
2020,198634.0
2020,6779.0
2020,5507.0
2020,28055.0
2020,122181.0
2020,53222.0
2020,14149.0
2020,107527.0
2020,15929.0
2020,17908.0
2020,72911.0
2020,20372.0
2020,7460.0
2020,53347.0
2020,5074.0
2020,513389.0
2020,4182.0
2020,11131.0
2020,3627.0
2020,44191.0
2020,25689.0
2020,83540.0
2020,1637.0
2020,53653.0
2020,6627.0
2020,380769.0
2020,269503.0
2020,74939.0
2020,5289.0
2020,29607.0
2020,41453.0
2020,33075.0
2020,158350.0
2020,19918.0
2020,20023.0
2020,93380.0
2020,88815.0
2020,157558.0
2020,5755.0
2020,40317.0
2020,35117.0
2020,512489.0
2020,4813.0
2020,50789.0
2021,76105.0
2021,54781.0
2021,80992.0
2021,1363.0
2021,48278.0
2021,22323.0
2021,202681.0
2021,126697.0
2021,8792.0
2021,22044.0
2021,4993.0
2021,3374.0
2021,42906.0
2021,53711.0
2021,14464.0
2021,17924.0
2021,5222.0
2021,102424.0
2021,135497.0
2021,2908.0
2021,3215.0
2021,3189.0
2021,37246.0
2021,8860.0
2021,103231.0
2021,810202.0
2021,34292.0
2021,330612.0
2021,191193.0
2021,181207.0
2021,603539.0
2021,123745.0
2021,54355.0
2021,13061.0
2021,165219.0
2021,341635.0
2021,97682.0
2021,627211.0
2021,34212.0
2021,111890.0
2021,29952.0
2021,43134.0
2021,1797835.0
2021,13724.0
2021,3418.0
2021,241819.0
2021,107945.0
2021,6616.0
2021,56385.0
2021,111091.0
2021,7177.0
2021,13339.0
2021,24228.0
2021,84457.0
2021,168374.0
2021,583994.0
2021,128921.0
2021,8267.0
2021,573086.0
2021,5659.0
2021,966.0
2021,43888.0
2021,74945.0
2021,54290.0
2021,23363.0
2021,24937.0
2021,44486.0
2021,7856.0
2021,15485.0
2021,27439.0
2021,31655.0
2021,42232.0
2021,327525.0
2021,946122.0
2021,10291.0
2021,8565.0
2021,69030.0
2021,4083.0
2021,10684.0
2021,67488.0
2021,10519.0
2021,75454.0
2021,39593.0
2021,21799.0
2021,69615.0
2021,2209.0
2021,1212185.0
2021,48744.0
2021,232773.0
2021,8218.0
2021,2827.0
2021,15856.0
2021,7310.0
2021,14410.0
2021,34682.0
2021,588585.0
2021,202154.0
2021,21116.0
2021,56983.0
2021,1929.0
2021,29371.0
2021,175028.0
2021,5933.0
2021,7484.0
2021,674015.0
2021,12156.0
2021,17414.0
2021,582678.0
2021,2897.0
2021,10255.0
2021,17036.0
2021,12692.0
2021,36046.0
2021,512956.0
2021,122097.0
2021,3575.0
2021,88018.0
2021,1646458.0
2021,24123.0
2021,315760.0
2021,68446.0
2021,117057.0
2021,27328.0
2021,46588.0
2021,130445.0
2021,6389.0
2021,7048.0
2021,49400.0
2021,35088.0
2021,31393.0
2021,45360.0
2021,4411.0
2021,85181.0
2021,37047.0
2021,2565.0
2021,92376.0
2021,1970924.0
2021,12583.0
2021,4699.0
2021,68087.0
2021,9428.0
2021,22310.0
2021,4435.0
2021,151864.0
2021,115819.0
2021,42664.0
2021,43146.0
2021,11378.0
2021,3836.0
2021,8706.0
2021,158419.0
2021,7282.0
2021,13349.0
2021,23752.0
2021,4154.0
2021,3644.0
2021,466643.0
2021,73097.0
2021,93581.0
2021,1674.0
2021,3845.0
2021,163836.0
2021,118540.0
2021,17273.0
2021,10514.0
2021,10538.0
2021,85204.0
2021,33519.0
2021,1426.0
2021,30843.0
2021,7285.0
2021,8151.0
2021,9475.0
2021,96294.0
2021,24438.0
2021,87229.0
2021,13246.0
2021,6149.0
2021,65840.0
2021,25119.0
2021,6134.0
2021,39858.0
2021,3532.0
2021,14159.0
2021,253721.0
2021,769021.0
2021,172729.0
2021,44660.0
2021,224826.0
2021,7040.0
2021,2052908.0
2021,108167.0
2021,7918.0
2021,161645.0
2021,1270876.0
2021,13997.0
2021,516166.0
2021,99751.0
2021,194322.0
2021,202348.0
2021,669125.0
2021,59594.0
2021,64949.0
2021,13202.0
2021,605.0
2021,519.0
2021,78455.0
2021,689.0
2021,10874.0
2021,15933.0
2021,24989.0
2021,24100.0
2021,26193.0
2021,352174.0
2021,10302.0
2021,23639.0
2021,6580.0
2021,69072.0
2022,12391.0
2022,17412.0
2022,3672.0
2022,91971.0
2022,1591515.0
2022,3944.0
2022,680793.0
2022,45143.0
2022,48393.0
2022,24173.0
2022,20824.0
2022,35302.0
2022,74782.0
2022,90482.0
2022,1697.0
2022,5572.0
2022,39708.0
2022,129121.0
2022,371232.0
2022,6352.0
2022,13890.0
2022,4076.0
2022,219786.0
2022,1083.0
2022,302337.0
2022,3480.0
2022,37995.0
2022,3025.0
2022,8133.0
2022,113496.0
2022,32514.0
2022,38566.0
2022,55200.0
2022,5734.0
2022,1833.0
2022,1616.0
2022,124909.0
2022,162590.0
2022,1006080.0
2022,223884.0
2022,3458.0
2022,43111.0
2022,23093.0
2022,25235.0
2022,12182.0
2022,52278.0
2022,2927.0
2022,9552.0
2022,12814.0
2022,35640.0
2022,9641.0
2022,582249.0
2022,35513.0
2022,454267.0
2022,84273.0
2022,3204597.0
2022,36594.0
2022,5669.0
2022,80612.0
2022,10404.0
2022,3589.0
2022,22768.0
2022,15026.0
2022,2121.0
2022,340815.0
2022,27709.0
2022,1651471.0
2022,48327.0
2022,18429.0
2022,38089.0
2022,2620.0
2022,12836.0
2022,16654.0
2022,7853.0
2022,1853.0
2022,838176.0
2022,4497.0
2022,1054.0
2022,23632.0
2022,3505.0
2022,54991.0
2022,117469.0
2022,261656.0
2022,249470.0
2022,99455.0
2022,7483.0
2022,170592.0
2022,2368.0
2022,33379.0
2022,14715.0
2022,13243.0
2022,2407.0
2022,18339.0
2022,12080.0
2022,1390153.0
2022,35484.0
2022,21390.0
2022,68971.0
2022,22821.0
2022,14359.0
2022,17430.0
2022,24394.0
2022,4002.0
2022,308155.0
2022,764940.0
2022,331827.0
2022,955639.0
2022,90158.0
2022,22944.0
2022,22463.0
2022,11245.0
2022,14344.0
2022,4813.0
2022,50063.0
2022,68678.0
2022,4459.0
2022,8278.0
2022,13378.0
2022,21296.0
2022,97281.0
2022,247132.0
2022,14621.0
2022,34127.0
2022,80328.0
2022,10097.0
2022,15260.0
2022,9116.0
2022,23046.0
2022,41541.0
2022,56392.0
2022,2535.0
2022,5000.0
2022,3053.0
2022,27573.0
2022,25397.0
2022,76773.0
2022,17911.0
2022,11869.0
2022,49195.0
2022,23170.0
2022,2538.0
2022,1287.0
2022,8828.0
2022,86599.0
2022,5600.0
2022,16307.0
2022,65680.0
2022,40269.0
2022,8461.0
2022,42339.0
2022,55180.0
2022,3853.0
2022,12431.0
2022,62872.0
2022,31467.0
2022,13059.0
2022,259903.0
2022,100309.0
2022,38272.0
2022,5531.0
2022,5304.0
2022,1215.0
2022,8785.0
2022,65998.0
2022,4828.0
2022,22584.0
2022,3112.0
2022,28660.0
2022,31651.0
2022,48563.0
2022,4092.0
2022,7435.0
2022,56356.0
2022,13468.0
2022,284742.0
2022,23428.0
2022,109931.0
2022,113949.0
2022,97623.0
2022,49257.0
2022,20319.0
2022,3131.0
2022,14845.0
2022,18722.0
2022,186419.0
2022,68185.0
2022,9761.0
2022,3100.0
2022,104987.0
2022,348389.0
2022,20959.0
2022,313229.0
2022,3532.0
2022,27724.0
2022,25544.0
2022,11685.0
2022,43151.0
2022,11547.0
2022,132306.0
2022,185254.0
2022,17409.0
2022,106947.0
2022,24508.0
2022,22794.0
2022,2364.0
2022,8323.0
2022,132687.0
2022,96175.0
2022,663791.0
2022,61851.0
2022,20629.0
2022,7814.0
2022,2299.0
2022,11408.0
2022,169598.0
2022,16999.0
2022,7799.0
2022,13461.0
2022,8711.0
2022,14718.0
2022,3412.0
2023,10207.0
2023,54749.0
2023,32105.0
2023,1076.0
2023,224692.0
2023,204240.0
2023,16171.0
2023,40487.0
2023,11720.0
2023,9503.0
2023,13675.0
2023,283377.0
2023,15540.0
2023,723367.0
2023,13307.0
2023,4709.0
2023,87935.0
2023,66062.0
2023,323015.0
2023,15572.0
2023,5529.0
2023,6959.0
2023,155967.0
2023,30389.0
2023,34564.0
2023,745476.0
2023,8148.0
2023,55145.0
2023,37092.0
2023,36544.0
2023,23612.0
2023,132021.0
2023,215639.0
2023,44351.0
2023,62989.0
2023,22731.0
2023,14179.0
2023,64586.0
2023,98209.0
2023,4387.0
2023,30512.0
2023,87049.0
2023,60907.0
2023,333852.0
2023,51118.0
2023,37849.0
2023,33747.0
2023,5858.0
2023,81638.0
2023,2518.0
2023,773.0
2023,72932.0
2023,65395.0
2023,21146.0
2023,2303.0
2023,66169.0
2023,2814.0
2023,248728.0
2023,2593.0
2023,7301.0
2023,506214.0
2023,14839.0
2023,40443.0
2023,543085.0
2023,125739.0
2023,32111.0
2023,41965.0
2023,213658.0
2023,147179.0
2023,10392.0
2023,3116.0
2023,20707.0
2023,10312.0
2023,33599.0
2023,2854181.0
2023,11036.0
2023,580686.0
2023,28146.0
2023,12156.0
2023,47970.0
2023,7266.0
2023,3818.0
2023,18876.0
2023,6245.0
2023,5745.0
2023,6492.0
2023,9286.0
2023,50788.0
2023,14797.0
2023,36441.0
2023,225761.0
2023,23345.0
2023,169206.0
2023,12531.0
2023,5311.0
2023,91018.0
2023,40374.0
2023,50400.0
2023,45194.0
2023,657978.0
2023,53647.0
2023,1522.0
2023,2758.0
2023,23680.0
2023,34472.0
2023,4004.0
2023,172118.0
2023,346352.0
2023,19859.0
2023,36067.0
2023,2807051.0
2023,20039.0
2023,25717.0
2023,76668.0
2023,67461.0
2023,10712.0
2023,47548.0
2023,21856.0
2023,83096.0
2023,20443.0
2023,27423.0
2023,44109.0
2023,10536.0
2023,44375.0
2023,5903.0
2023,31069.0
2023,15939.0
2023,51245.0
2023,5848.0
2023,48690.0
2023,8252.0
2023,106455.0
2023,174611.0
2023,22739.0
2023,2316.0
2023,56243.0
2023,124289.0
2023,612381.0
2023,11564.0
2023,18505.0
2023,81511.0
2023,53619.0
2023,16673.0
2023,64022.0
2023,35965.0
2023,4606.0
2023,57832.0
2023,36372.0
2023,25722.0
2023,3702.0
2023,70011.0
2023,1191742.0
2023,50056.0
2023,12710.0
2023,16746.0
2023,13939.0
2023,98315.0
2023,78231.0
2023,308268.0
2023,4138.0
2023,390404.0
2023,51407.0
2023,41381.0
2023,421422.0
2023,7427.0
2023,15329.0
2023,1737.0
2023,76722.0
2023,82912.0
2023,12469.0
2023,25466.0
2023,8495.0
2023,7488.0
2023,395003.0
2023,190880.0
2023,165432.0
2023,58933.0
2023,1501.0
2023,74305.0
2023,76349.0
2023,70806.0
2023,46124.0
2023,28141.0
2023,210412.0
2023,161958.0
2023,264481.0
2023,68197.0
2023,6022.0
2023,183742.0
2023,31416.0
2023,80295.0
2023,17782.0
2023,1225.0
2023,31012.0
2023,31586.0
2023,320745.0
2023,66637.0
2023,12863.0
2023,31355.0
2023,206950.0
2023,43961.0
2023,96004.0
2023,43186.0
2023,161457.0
2023,76654.0
2023,91749.0
2023,154966.0
2023,4893.0
2023,77516.0
2023,4761.0
2023,22070.0
2023,1921725.0
2024,62984.0
2024,8231.0
2024,8892.0
2024,32045.0
2024,9107.0
2024,2758.0
2024,10935.0
2024,24544.0
2024,5631.0
2024,1645.0
2024,7559.0
2024,2776.0
2024,1139.0
2024,24027.0
2024,37186.0
2024,55224.0
2024,23345.0
2024,64275.0
2024,24446.0
2024,58480.0
2024,7850.0
2024,96943.0
2024,200078.0
2024,19847.0
2024,7426.0
2024,6949.0
2024,100778.0
2024,82174.0
2024,1184.0
2024,30049.0
2024,77257.0
2024,102271.0
2024,25568.0
2024,5953.0
2024,82193.0
2024,38558.0
2024,11153.0
2024,1671.0
2024,579285.0
2024,17846.0
2024,315521.0
2024,32154.0
2024,11436.0
2024,30757.0
2024,88918.0
2024,75548.0
2024,18076.0
2024,6757.0
2024,9050.0
2024,41549.0
2024,520782.0
2024,81630.0
2024,181208.0
2024,5298.0
2024,148213.0
2024,42672.0
2024,16799.0
2024,27137.0
2024,11987.0
2024,16302.0
2024,6464.0
2024,2714.0
2024,101274.0
2024,3286.0
2024,223928.0
2024,141809.0
2024,38533.0
2024,5549.0
2024,4414.0
2024,67611.0
2024,3288.0
2024,10998.0
2024,52015.0
2024,162578.0
2024,6098.0
2024,27173.0
2024,48939.0
2024,603788.0
2024,18485.0
2024,4935.0
2024,44820.0
2024,8068.0
2024,47301.0
2024,130350.0
2024,29586.0
2024,260499.0
2024,292049.0
2024,6942.0
2024,584118.0
2024,57682.0
2024,5275.0
2024,3633.0
2024,913.0
2024,3752.0
2024,207622.0
2024,55054.0
2024,4668.0
2024,75171.0
2024,4310320.0
2024,13822.0
2024,1696.0
2024,6213.0
2024,94661.0
2024,55395.0
2024,70325.0
2024,62399.0
2024,188017.0
2024,21910.0
2024,9242.0
2024,225549.0
2024,150456.0
2024,627702.0
2024,36567.0
2024,85585.0
2024,144439.0
2024,3637.0
2024,93960.0
2024,396462.0
2024,11409.0
2024,31953.0
2024,111470.0
2024,14517.0
2024,82564.0
2024,30709.0
2024,99871.0
2024,102598.0
2024,18973.0
2024,449532.0
2024,10485.0
2024,136821.0
2024,68668.0
2024,372580.0
2024,28397.0
2024,42912.0
2024,919214.0
2024,18556.0
2024,16615.0
2024,5588.0
2024,175282.0
2024,90565.0
2024,11136.0
2024,23539.0
2024,86862.0
2024,137440.0
2024,15908.0
2024,50245.0
2024,745632.0
2024,9057.0
2024,15581.0
2024,113146.0
2024,135527.0
2024,19738.0
2024,1801.0
2024,74498.0
2024,46127.0
2024,489821.0
2024,3137.0
2024,38013.0
2024,16380.0
2024,85523.0
2024,154708.0
2024,302181.0
2024,8468.0
2024,12392.0
2024,2225.0
2024,46940.0
2024,4731.0
2024,17658.0
2024,552905.0
2024,16374.0
2024,70226.0
2024,157365.0
2024,286615.0
2024,91945.0
2024,10325.0
2024,4725.0
2024,92568.0
2024,58961.0
2024,63294.0
2024,20188.0
2024,36893.0
2024,14649.0
2024,3506.0
2024,67598.0
2024,78622.0
2024,11361.0
2024,5106.0
2024,264741.0
2024,35211.0
2024,172264.0
2024,12842.0
2024,48837.0
2024,49758.0
2024,3271.0
2024,168921.0
2024,8577.0
2024,1069.0
2024,3568.0
2024,119558.0
2024,6735.0
2024,20350.0
2024,62405.0
2024,92356.0
2024,20754.0
2024,99881.0
2024,4587.0
2024,12369.0
2024,19339.0
2024,738957.0
2024,74941.0
2024,10085.0
2024,20758.0
2024,39312.0
2024,178900.0
2024,169786.0
2024,9190.0
2024,15194.0
2024,219538.0
2024,175440.0
2024,474234.0
2024,19098.0
2024,21689.0
2024,61904.0
2024,82707.0
2024,510321.0
2024,320168.0
2024,1226.0
