fonds,annee,cotisations,sinistres,frais_gestion,rendement,reserve_ouverture
famille,2010,20000000,13739271,2000000,0.0399,0
famille,2011,21000000,16529037,2100000,0.0213,4260729
famille,2012,22050000,15217097,2205000,0.0135,6722446
famille,2013,23152500,18417034,2315250,0.0167,11441021
famille,2014,24310125,18185888,2431013,0.0389,14051777
famille,2015,25525631,20221951,2552563,0.0379,18291838
famille,2016,26801913,17852706,2680191,0.0583,21735903
famille,2017,28142008,18611982,2814201,0.0365,29271167
famille,2018,29549109,21322854,2954911,0.0569,37055373
famille,2019,31026564,24365135,3102656,0.0219,44436963
famille,2020,32577893,27559640,3257789,0.0244,48967944
famille,2021,34206787,26115032,3420679,0.06,51921428
famille,2022,35917127,26427580,3591713,0.0515,59706307
famille,2023,37712983,26868026,3771298,0.0654,68679929
famille,2024,39598632,25846998,3959863,0.0686,80248314
auto,2010,35000000,28103250,3500000,0.0162,0
auto,2011,36750000,28450888,3675000,0.0145,3396750
auto,2012,38587500,30428810,3858750,0.0586,8070155
auto,2013,40516875,34281960,4051688,0.02,12842904
auto,2014,42542719,29466004,4254272,0.0553,15282417
auto,2015,44669855,31978723,4466985,0.0577,24949509
auto,2016,46903347,38227400,4690335,0.0547,34614279
auto,2017,49248515,37514172,4924851,0.0306,40491835
auto,2018,51710941,40138497,5171094,0.052,48539877
auto,2019,54296488,45434285,5429649,0.0237,57464391
auto,2020,57011312,46104534,5701131,0.0652,62258903
auto,2021,59861878,46847097,5986188,0.0225,71526909
auto,2022,62854971,48438106,6285497,0.0347,80163803
auto,2023,65997720,47276790,6599772,0.0536,91077883
auto,2024,69297606,56895183,6929761,0.0561,108082904
sante,2010,28000000,21729715,2800000,0.017,0
sante,2011,29400000,22557548,2940000,0.0168,3470285
sante,2012,30870000,21028614,3087000,0.0255,7431203
sante,2013,32413500,23315742,3241350,0.0693,14375310
sante,2014,34034175,23698053,3403418,0.0213,21227865
sante,2015,35735884,27757383,3573588,0.0331,28612316
sante,2016,37522678,29724408,3752268,0.0476,33965302
sante,2017,39398812,30448255,3939881,0.0228,39626373
sante,2018,41368752,25340743,4136875,0.0101,45540615
sante,2019,43437190,37902524,4343719,0.0326,57892951
sante,2020,45609050,36519890,4560905,0.0568,60971728
sante,2021,47889502,37454197,4788950,0.016,68964125
sante,2022,50283977,34113385,5028398,0.0207,75717012
sante,2023,52798176,45865554,5279818,0.0485,88428218
sante,2024,55438085,42426045,5543808,0.0113,94372835
