annee_survenance,delai,paiement_incremental,prime_acquise,paiement_cumule
2015,0,20920000.0,60000000.0,20920000.0
2015,1,12100000.0,60000000.0,33020000.0
2015,2,3140000.0,60000000.0,36160000.0
2015,3,900000.0,60000000.0,37060000.0
2015,4,360000.0,60000000.0,37420000.0
2015,5,80000.0,60000000.0,37500000.0
2016,0,20120000.0,62400000.0,20120000.0
2016,1,12480000.0,62400000.0,32600000.0
2016,2,2860000.0,62400000.0,35460000.0
2016,3,1300000.0,62400000.0,36760000.0
2016,4,180000.0,62400000.0,36940000.0
2016,5,100000.0,62400000.0,37040000.0
2017,0,20820000.0,64896000.0,20820000.0
2017,1,12180000.0,64896000.0,33000000.0
2017,2,2680000.0,64896000.0,35680000.0
2017,3,1140000.0,64896000.0,36820000.0
2017,4,240000.0,64896000.0,37060000.0
2017,5,140000.0,64896000.0,37200000.0
2018,0,24480000.0,67491840.0,24480000.0
2018,1,14500000.0,67491840.0,38980000.0
2018,2,3100000.0,67491840.0,42080000.0
2018,3,1260000.0,67491840.0,43340000.0
2018,4,320000.0,67491840.0,43660000.0
2018,5,140000.0,67491840.0,43800000.0
2019,0,27280000.0,70191514.0,27280000.0
2019,1,14800000.0,70191514.0,42080000.0
2019,2,3940000.0,70191514.0,46020000.0
2019,3,1360000.0,70191514.0,47380000.0
2019,4,300000.0,70191514.0,47680000.0
2019,5,20000.0,70191514.0,47700000.0
2020,0,23220000.0,72999174.0,23220000.0
2020,1,13320000.0,72999174.0,36540000.0
2020,2,3460000.0,72999174.0,40000000.0
2020,3,1280000.0,72999174.0,41280000.0
2020,4,420000.0,72999174.0,41700000.0
2020,5,80000.0,72999174.0,41780000.0
2021,0,25460000.0,75919141.0,25460000.0
2021,1,15160000.0,75919141.0,40620000.0
2021,2,3560000.0,75919141.0,44180000.0
2021,3,1300000.0,75919141.0,45480000.0
2021,4,500000.0,75919141.0,45980000.0
2021,5,140000.0,75919141.0,46120000.0
2022,0,26880000.0,78955907.0,26880000.0
2022,1,17080000.0,78955907.0,43960000.0
2022,2,4480000.0,78955907.0,48440000.0
2022,3,1160000.0,78955907.0,49600000.0
2022,4,480000.0,78955907.0,50080000.0
2022,5,60000.0,78955907.0,50140000.0
2023,0,25720000.0,82114143.0,25720000.0
2023,1,16680000.0,82114143.0,42400000.0
2023,2,3780000.0,82114143.0,46180000.0
2023,3,1120000.0,82114143.0,47300000.0
2023,4,380000.0,82114143.0,47680000.0
2023,5,140000.0,82114143.0,47820000.0
2024,0,29140000.0,85398709.0,29140000.0
2024,1,17700000.0,85398709.0,46840000.0
2024,2,4440000.0,85398709.0,51280000.0
2024,3,1860000.0,85398709.0,53140000.0
2024,4,400000.0,85398709.0,53540000.0
2024,5,60000.0,85398709.0,53600000.0
