id_compte,schema,suspect
1,aucun,0
2,aucun,0
3,aucun,0
4,aucun,0
5,aucun,0
6,aucun,0
7,aucun,0
8,aucun,0
9,aucun,0
10,aucun,0
11,aucun,0
12,aucun,0
13,aucun,0
14,aucun,0
15,aucun,0
16,aucun,0
17,aucun,0
18,aucun,0
19,aucun,0
20,aucun,0
21,aucun,0
22,aucun,0
23,aucun,0
24,aucun,0
25,aucun,0
26,aucun,0
27,aucun,0
28,aucun,0
29,aucun,0
30,aucun,0
31,aucun,0
32,aucun,0
33,aucun,0
34,aucun,0
35,aucun,0
36,relais,1
37,aucun,0
38,aucun,0
39,aucun,0
40,aucun,0
41,aucun,0
42,aucun,0
43,aucun,0
44,aucun,0
45,aucun,0
46,aucun,0
47,aucun,0
48,aucun,0
49,aucun,0
50,aucun,0
51,aucun,0
52,aucun,0
53,aucun,0
54,aucun,0
55,aucun,0
56,aucun,0
57,aucun,0
58,aucun,0
59,aucun,0
60,aucun,0
61,aucun,0
62,aucun,0
63,aucun,0
64,aucun,0
65,aucun,0
66,aucun,0
67,aucun,0
68,aucun,0
69,aucun,0
70,aucun,0
71,aucun,0
72,aucun,0
73,aucun,0
74,fractionnement,1
75,aucun,0
76,aucun,0
77,aucun,0
78,aucun,0
79,aucun,0
80,aucun,0
81,aucun,0
82,aucun,0
83,aucun,0
84,aucun,0
85,aucun,0
86,aucun,0
87,aucun,0
88,aucun,0
89,aucun,0
90,aucun,0
91,aucun,0
92,aucun,0
93,aucun,0
94,aucun,0
95,aucun,0
96,aucun,0
97,aucun,0
98,aller_retour,1
99,aucun,0
100,aucun,0
101,aucun,0
102,aucun,0
103,aucun,0
104,aucun,0
105,aucun,0
106,aucun,0
107,aucun,0
108,aucun,0
109,aucun,0
110,aucun,0
111,aucun,0
112,aucun,0
113,aucun,0
114,aucun,0
115,aucun,0
116,aucun,0
117,aucun,0
118,aucun,0
119,aucun,0
120,aucun,0
121,aucun,0
122,aucun,0
123,aucun,0
124,aucun,0
125,aucun,0
126,aucun,0
127,aucun,0
128,aucun,0
129,aucun,0
130,aucun,0
131,aucun,0
132,aucun,0
133,aucun,0
134,aucun,0
135,aucun,0
136,aucun,0
137,aucun,0
138,aucun,0
139,aucun,0
140,aucun,0
141,aucun,0
142,aucun,0
143,aucun,0
144,aucun,0
145,aucun,0
146,aller_retour,1
147,aucun,0
148,aucun,0
149,aucun,0
150,aucun,0
151,aucun,0
152,aucun,0
153,aucun,0
154,aucun,0
155,aucun,0
156,aucun,0
157,aucun,0
158,aucun,0
159,aucun,0
160,aucun,0
161,aucun,0
162,aucun,0
163,pays_a_risque,1
164,aucun,0
165,aucun,0
166,aucun,0
167,aucun,0
168,aucun,0
169,aucun,0
170,aucun,0
171,aucun,0
172,aucun,0
173,aucun,0
174,aucun,0
175,aucun,0
176,aucun,0
177,aucun,0
178,aucun,0
179,aucun,0
180,aucun,0
181,aucun,0
182,aucun,0
183,aucun,0
184,aucun,0
185,aucun,0
186,aucun,0
187,aucun,0
188,aucun,0
189,aucun,0
190,aucun,0
191,aucun,0
192,aucun,0
193,aucun,0
194,aucun,0
195,aucun,0
196,aucun,0
197,relais,1
198,aucun,0
199,aucun,0
200,aucun,0
201,aucun,0
202,pays_a_risque,1
203,aucun,0
204,aucun,0
205,pays_a_risque,1
206,aucun,0
207,aucun,0
208,aucun,0
209,aucun,0
210,aucun,0
211,aucun,0
212,aucun,0
213,aucun,0
214,aucun,0
215,aucun,0
216,aucun,0
217,aucun,0
218,aucun,0
219,aucun,0
220,aucun,0
221,aucun,0
222,aucun,0
223,aucun,0
224,aucun,0
225,aucun,0
226,aucun,0
227,aucun,0
228,aucun,0
229,aucun,0
230,aucun,0
231,aucun,0
232,aucun,0
233,aucun,0
234,aucun,0
235,aucun,0
236,aucun,0
237,aller_retour,1
238,aucun,0
239,aucun,0
240,aucun,0
241,aucun,0
242,aucun,0
243,aucun,0
244,aucun,0
245,aucun,0
246,aucun,0
247,aucun,0
248,aucun,0
249,aucun,0
250,aucun,0
251,aucun,0
252,aucun,0
253,aucun,0
254,aucun,0
255,aucun,0
256,aucun,0
257,aucun,0
258,aucun,0
259,aucun,0
260,aucun,0
261,aucun,0
262,aucun,0
263,aucun,0
264,aucun,0
265,aucun,0
266,aucun,0
267,aucun,0
268,aucun,0
269,aucun,0
270,aucun,0
271,aucun,0
272,aucun,0
273,aucun,0
274,aucun,0
275,aucun,0
276,aucun,0
277,aucun,0
278,aucun,0
279,aucun,0
280,aucun,0
281,aucun,0
282,aucun,0
283,aucun,0
284,aucun,0
285,aucun,0
286,aucun,0
287,aucun,0
288,aucun,0
289,aucun,0
290,aucun,0
291,aucun,0
292,aucun,0
293,aucun,0
294,aucun,0
295,aucun,0
296,aucun,0
297,aucun,0
298,aucun,0
299,aucun,0
300,aucun,0
301,aucun,0
302,aucun,0
303,aucun,0
304,aucun,0
305,aucun,0
306,aucun,0
307,aucun,0
308,aucun,0
309,aucun,0
310,aucun,0
311,aucun,0
312,aucun,0
313,aucun,0
314,aucun,0
315,aucun,0
316,aucun,0
317,aucun,0
318,aucun,0
319,aucun,0
320,aucun,0
321,aucun,0
322,aucun,0
323,aucun,0
324,aucun,0
325,aucun,0
326,aucun,0
327,aucun,0
328,aucun,0
329,aucun,0
330,aucun,0
331,aucun,0
332,aucun,0
333,aucun,0
334,aucun,0
335,aucun,0
336,aucun,0
337,aucun,0
338,aucun,0
339,aucun,0
340,aucun,0
341,aucun,0
342,aucun,0
343,aucun,0
344,aucun,0
345,aucun,0
346,aucun,0
347,aucun,0
348,aucun,0
349,aucun,0
350,aucun,0
351,aucun,0
352,aucun,0
353,aucun,0
354,aucun,0
355,aucun,0
356,aucun,0
357,aucun,0
358,relais,1
359,aucun,0
360,aucun,0
361,aucun,0
362,aucun,0
363,aucun,0
364,aucun,0
365,aucun,0
366,aucun,0
367,aucun,0
368,aucun,0
369,aucun,0
370,aucun,0
371,aucun,0
372,aucun,0
373,aucun,0
374,aucun,0
375,aucun,0
376,aucun,0
377,aucun,0
378,aucun,0
379,aucun,0
380,aucun,0
381,aucun,0
382,aucun,0
383,aucun,0
384,aucun,0
385,aucun,0
386,aucun,0
387,aucun,0
388,aucun,0
389,aucun,0
390,aucun,0
391,aucun,0
392,aucun,0
393,aucun,0
394,aucun,0
395,aucun,0
396,aucun,0
397,aucun,0
398,aucun,0
399,aucun,0
400,aucun,0
401,aucun,0
402,aucun,0
403,aucun,0
404,aucun,0
405,aucun,0
406,aucun,0
407,aucun,0
408,aucun,0
409,aucun,0
410,aucun,0
411,aucun,0
412,aucun,0
413,aucun,0
414,aucun,0
415,aucun,0
416,aucun,0
417,aucun,0
418,aucun,0
419,aucun,0
420,aucun,0
421,aucun,0
422,aucun,0
423,aucun,0
424,aucun,0
425,aucun,0
426,aucun,0
427,aucun,0
428,aucun,0
429,aucun,0
430,aucun,0
431,aucun,0
432,aucun,0
433,aucun,0
434,aucun,0
435,aucun,0
436,aucun,0
437,aucun,0
438,aucun,0
439,aucun,0
440,aucun,0
441,aucun,0
442,aucun,0
443,aucun,0
444,aucun,0
445,aucun,0
446,aucun,0
447,aucun,0
448,aucun,0
449,aucun,0
450,aucun,0
451,aucun,0
452,aucun,0
453,aucun,0
454,aucun,0
455,aucun,0
456,aucun,0
457,aucun,0
458,aucun,0
459,aucun,0
460,aucun,0
461,aucun,0
462,aucun,0
463,aucun,0
464,aucun,0
465,aucun,0
466,aucun,0
467,aucun,0
468,aucun,0
469,aucun,0
470,aucun,0
471,aucun,0
472,aucun,0
473,aucun,0
474,aucun,0
475,aucun,0
476,aucun,0
477,aucun,0
478,aucun,0
479,aucun,0
480,aucun,0
481,aucun,0
482,aucun,0
483,aucun,0
484,aucun,0
485,aucun,0
486,aucun,0
487,aucun,0
488,aucun,0
489,aucun,0
490,aucun,0
491,aucun,0
492,aucun,0
493,aucun,0
494,aucun,0
495,aucun,0
496,aucun,0
497,aucun,0
498,aucun,0
499,aucun,0
500,aucun,0
501,aucun,0
502,aucun,0
503,aucun,0
504,aucun,0
505,aucun,0
506,aucun,0
507,aucun,0
508,aucun,0
509,aucun,0
510,aucun,0
511,aucun,0
512,aucun,0
513,aucun,0
514,aucun,0
515,aucun,0
516,aucun,0
517,aucun,0
518,aucun,0
519,aucun,0
520,aucun,0
521,aucun,0
522,aucun,0
523,aucun,0
524,aucun,0
525,aucun,0
526,aucun,0
527,aucun,0
528,aucun,0
529,aucun,0
530,aucun,0
531,aucun,0
532,aucun,0
533,aucun,0
534,aucun,0
535,aucun,0
536,aucun,0
537,aucun,0
538,aucun,0
539,aucun,0
540,aucun,0
541,aucun,0
542,aucun,0
543,aucun,0
544,aucun,0
545,aucun,0
546,aucun,0
547,aucun,0
548,aucun,0
549,aucun,0
550,aucun,0
551,aucun,0
552,aucun,0
553,aucun,0
554,aucun,0
555,relais,1
556,aucun,0
557,aucun,0
558,aucun,0
559,aucun,0
560,aucun,0
561,pays_a_risque,1
562,aucun,0
563,aucun,0
564,aucun,0
565,aucun,0
566,aucun,0
567,aucun,0
568,aucun,0
569,aucun,0
570,aucun,0
571,aucun,0
572,aucun,0
573,aucun,0
574,aucun,0
575,pays_a_risque,1
576,aucun,0
577,aucun,0
578,aucun,0
579,aucun,0
580,aucun,0
581,aucun,0
582,aucun,0
583,aucun,0
584,aucun,0
585,aucun,0
586,aucun,0
587,aucun,0
588,fractionnement,1
589,aucun,0
590,aucun,0
591,aucun,0
592,aucun,0
593,aucun,0
594,aucun,0
595,aucun,0
596,aucun,0
597,aucun,0
598,aucun,0
599,aucun,0
600,aucun,0
601,aucun,0
602,aucun,0
603,aucun,0
604,aucun,0
605,aucun,0
606,aucun,0
607,aucun,0
608,aucun,0
609,aucun,0
610,aucun,0
611,aucun,0
612,aucun,0
613,aucun,0
614,aucun,0
615,aucun,0
616,aucun,0
617,aucun,0
618,aucun,0
619,aucun,0
620,aucun,0
621,aucun,0
622,aucun,0
623,aucun,0
624,aucun,0
625,aucun,0
626,aucun,0
627,aucun,0
628,aucun,0
629,aucun,0
630,aucun,0
631,aucun,0
632,fractionnement,1
633,aucun,0
634,aucun,0
635,aucun,0
636,aucun,0
637,aucun,0
638,aucun,0
639,aucun,0
640,aucun,0
641,aucun,0
642,aucun,0
643,aucun,0
644,aucun,0
645,aucun,0
646,aucun,0
647,aucun,0
648,aucun,0
649,aucun,0
650,aucun,0
651,aucun,0
652,aucun,0
653,aucun,0
654,aucun,0
655,aucun,0
656,aucun,0
657,aucun,0
658,aucun,0
659,aucun,0
660,aucun,0
661,aucun,0
662,aucun,0
663,aucun,0
664,aucun,0
665,aucun,0
666,relais,1
667,aucun,0
668,aucun,0
669,aucun,0
670,aucun,0
671,aucun,0
672,aucun,0
673,aucun,0
674,aucun,0
675,aucun,0
676,aucun,0
677,aucun,0
678,aucun,0
679,aucun,0
680,aucun,0
681,aucun,0
682,aucun,0
683,aucun,0
684,aucun,0
685,aucun,0
686,aucun,0
687,aucun,0
688,aucun,0
689,aucun,0
690,aucun,0
691,aucun,0
692,aucun,0
693,aucun,0
694,aucun,0
695,aucun,0
696,aucun,0
697,aucun,0
698,aucun,0
699,aucun,0
700,aucun,0
701,aucun,0
702,aucun,0
703,aucun,0
704,aucun,0
705,aucun,0
706,aucun,0
707,aucun,0
708,aucun,0
709,aucun,0
710,aucun,0
711,aucun,0
712,aucun,0
713,aucun,0
714,aucun,0
715,aucun,0
716,aucun,0
717,aucun,0
718,aucun,0
719,aucun,0
720,aucun,0
721,aucun,0
722,aucun,0
723,pays_a_risque,1
724,aucun,0
725,aucun,0
726,aucun,0
727,aucun,0
728,aucun,0
729,aucun,0
730,aucun,0
731,aucun,0
732,aucun,0
733,aucun,0
734,aucun,0
735,aucun,0
736,aucun,0
737,aucun,0
738,aucun,0
739,aucun,0
740,aucun,0
741,aucun,0
742,aucun,0
743,aucun,0
744,aucun,0
745,aucun,0
746,aucun,0
747,aucun,0
748,aucun,0
749,aucun,0
750,aucun,0
751,aucun,0
752,aucun,0
753,aucun,0
754,aucun,0
755,aucun,0
756,aucun,0
757,aucun,0
758,aucun,0
759,aucun,0
760,aucun,0
761,aucun,0
762,aucun,0
763,aucun,0
764,aucun,0
765,aucun,0
766,aucun,0
767,aucun,0
768,aucun,0
769,aucun,0
770,aucun,0
771,aucun,0
772,aucun,0
773,aucun,0
774,aucun,0
775,aucun,0
776,aucun,0
777,aucun,0
778,aucun,0
779,aucun,0
780,aucun,0
781,aucun,0
782,aucun,0
783,pays_a_risque,1
784,aucun,0
785,aucun,0
786,aucun,0
787,aucun,0
788,aucun,0
789,aucun,0
790,aucun,0
791,aucun,0
792,aucun,0
793,aucun,0
794,aucun,0
795,aucun,0
796,aucun,0
797,aucun,0
798,aucun,0
799,aucun,0
800,aucun,0
801,aucun,0
802,aucun,0
803,aucun,0
804,aucun,0
805,aucun,0
806,aucun,0
807,aucun,0
808,aucun,0
809,aucun,0
810,aucun,0
811,aucun,0
812,aucun,0
813,aucun,0
814,aucun,0
815,aucun,0
816,aucun,0
817,aucun,0
818,aucun,0
819,relais,1
820,aucun,0
821,aucun,0
822,aucun,0
823,aucun,0
824,aucun,0
825,aucun,0
826,aucun,0
827,aucun,0
828,aucun,0
829,aucun,0
830,aucun,0
831,aucun,0
832,aucun,0
833,aucun,0
834,aucun,0
835,aucun,0
836,aucun,0
837,aucun,0
838,aucun,0
839,aucun,0
840,aucun,0
841,aucun,0
842,aucun,0
843,aucun,0
844,aucun,0
845,aucun,0
846,aucun,0
847,aucun,0
848,aucun,0
849,aucun,0
850,aucun,0
851,aucun,0
852,aucun,0
853,aucun,0
854,aucun,0
855,aucun,0
856,aucun,0
857,aucun,0
858,aucun,0
859,aucun,0
860,aucun,0
861,aucun,0
862,aucun,0
863,aucun,0
864,aucun,0
865,aucun,0
866,aucun,0
867,aucun,0
868,aucun,0
869,aucun,0
870,aucun,0
871,aucun,0
872,aucun,0
873,aucun,0
874,aucun,0
875,aucun,0
876,aucun,0
877,aucun,0
878,aucun,0
879,aucun,0
880,aucun,0
881,aucun,0
882,aucun,0
883,aucun,0
884,aucun,0
885,fractionnement,1
886,aucun,0
887,aucun,0
888,aucun,0
889,aucun,0
890,aucun,0
891,aucun,0
892,aucun,0
893,aucun,0
894,aucun,0
895,aucun,0
896,aucun,0
897,aucun,0
898,aucun,0
899,aucun,0
900,aucun,0
901,aucun,0
902,aucun,0
903,aucun,0
904,aucun,0
905,aucun,0
906,aucun,0
907,aucun,0
908,aucun,0
909,aucun,0
910,aucun,0
911,aucun,0
912,aucun,0
913,aucun,0
914,aucun,0
915,aucun,0
916,aucun,0
917,aucun,0
918,aucun,0
919,aucun,0
920,fractionnement,1
921,aucun,0
922,aucun,0
923,aucun,0
924,aucun,0
925,aucun,0
926,aucun,0
927,aucun,0
928,aucun,0
929,aucun,0
930,aucun,0
931,aucun,0
932,aucun,0
933,aucun,0
934,aucun,0
935,aucun,0
936,aucun,0
937,aucun,0
938,aucun,0
939,aucun,0
940,aucun,0
941,aucun,0
942,aucun,0
943,aucun,0
944,aucun,0
945,aucun,0
946,aucun,0
947,aucun,0
948,aucun,0
949,aucun,0
950,aucun,0
951,aucun,0
952,aucun,0
953,aucun,0
954,aucun,0
955,aucun,0
956,aucun,0
957,aucun,0
958,aucun,0
959,aucun,0
960,aucun,0
961,aucun,0
962,aucun,0
963,aucun,0
964,aucun,0
965,aucun,0
966,aucun,0
967,aucun,0
968,aucun,0
969,aucun,0
970,aucun,0
971,aucun,0
972,aucun,0
973,aucun,0
974,aucun,0
975,aucun,0
976,aucun,0
977,aucun,0
978,aucun,0
979,aucun,0
980,aucun,0
981,aucun,0
982,aucun,0
983,aucun,0
984,aucun,0
985,aucun,0
986,aucun,0
987,aucun,0
988,aucun,0
989,aucun,0
990,aucun,0
991,aucun,0
992,pays_a_risque,1
993,aucun,0
994,aucun,0
995,aucun,0
996,aucun,0
997,aucun,0
998,aucun,0
999,aucun,0
1000,aucun,0
1001,aucun,0
1002,aucun,0
1003,aucun,0
1004,aucun,0
1005,aucun,0
1006,aucun,0
1007,aucun,0
1008,aucun,0
1009,relais,1
1010,aucun,0
1011,aucun,0
1012,fractionnement,1
1013,aucun,0
1014,aucun,0
1015,aucun,0
1016,aucun,0
1017,aucun,0
1018,aucun,0
1019,aucun,0
1020,relais,1
1021,aucun,0
1022,aucun,0
1023,aucun,0
1024,aucun,0
1025,aucun,0
1026,aucun,0
1027,aucun,0
1028,aucun,0
1029,aucun,0
1030,aucun,0
1031,aucun,0
1032,aucun,0
1033,aucun,0
1034,aucun,0
1035,aucun,0
1036,aucun,0
1037,aucun,0
1038,aucun,0
1039,aucun,0
1040,aucun,0
1041,aucun,0
1042,aucun,0
1043,aucun,0
1044,aucun,0
1045,aucun,0
1046,aucun,0
1047,aucun,0
1048,aucun,0
1049,aucun,0
1050,aucun,0
1051,aucun,0
1052,aucun,0
1053,aucun,0
1054,aucun,0
1055,aucun,0
1056,aucun,0
1057,aucun,0
1058,aucun,0
1059,aucun,0
1060,aucun,0
1061,aucun,0
1062,aucun,0
1063,aucun,0
1064,aucun,0
1065,aucun,0
1066,aucun,0
1067,aucun,0
1068,aucun,0
1069,aucun,0
1070,aucun,0
1071,aucun,0
1072,aucun,0
1073,aucun,0
1074,aucun,0
1075,aucun,0
1076,aucun,0
1077,aucun,0
1078,aucun,0
1079,aucun,0
1080,aucun,0
1081,aucun,0
1082,aucun,0
1083,aucun,0
1084,aucun,0
1085,aucun,0
1086,aucun,0
1087,aucun,0
1088,aucun,0
1089,aucun,0
1090,aucun,0
1091,aucun,0
1092,aucun,0
1093,aucun,0
1094,aucun,0
1095,aucun,0
1096,aucun,0
1097,aucun,0
1098,aucun,0
1099,aucun,0
1100,aucun,0
1101,aucun,0
1102,aucun,0
1103,aucun,0
1104,aucun,0
1105,aucun,0
1106,aucun,0
1107,aucun,0
1108,aucun,0
1109,aucun,0
1110,aucun,0
1111,aucun,0
1112,aucun,0
1113,aucun,0
1114,aucun,0
1115,aucun,0
1116,aucun,0
1117,aucun,0
1118,aucun,0
1119,aucun,0
1120,aucun,0
1121,aucun,0
1122,aucun,0
1123,aucun,0
1124,aucun,0
1125,aucun,0
1126,aucun,0
1127,aucun,0
1128,aucun,0
1129,aucun,0
1130,aucun,0
1131,aucun,0
1132,aucun,0
1133,aucun,0
1134,aucun,0
1135,aucun,0
1136,aucun,0
1137,aucun,0
1138,aucun,0
1139,aucun,0
1140,aucun,0
1141,aucun,0
1142,aucun,0
1143,aucun,0
1144,aucun,0
1145,aucun,0
1146,aucun,0
1147,aucun,0
1148,aucun,0
1149,aucun,0
1150,aucun,0
1151,aucun,0
1152,aucun,0
1153,aucun,0
1154,aucun,0
1155,aucun,0
1156,fractionnement,1
1157,aucun,0
1158,aucun,0
1159,aucun,0
1160,aucun,0
1161,aucun,0
1162,aucun,0
1163,aucun,0
1164,aucun,0
1165,aucun,0
1166,aucun,0
1167,aucun,0
1168,aucun,0
1169,aucun,0
1170,aucun,0
1171,aucun,0
1172,aucun,0
1173,aucun,0
1174,aucun,0
1175,aucun,0
1176,aucun,0
1177,aucun,0
1178,aucun,0
1179,aucun,0
1180,aucun,0
1181,aucun,0
1182,aucun,0
1183,aucun,0
1184,aucun,0
1185,aucun,0
1186,aucun,0
1187,aucun,0
1188,aucun,0
1189,aucun,0
1190,aucun,0
1191,aucun,0
1192,aucun,0
1193,aucun,0
1194,aucun,0
1195,aucun,0
1196,aucun,0
1197,aucun,0
1198,aucun,0
1199,aucun,0
1200,aucun,0
1201,aucun,0
1202,aucun,0
1203,aucun,0
1204,aucun,0
1205,aucun,0
1206,aucun,0
1207,aucun,0
1208,aucun,0
1209,aucun,0
1210,aucun,0
1211,aucun,0
1212,aucun,0
1213,aucun,0
1214,aucun,0
1215,aucun,0
1216,aucun,0
1217,aucun,0
1218,aucun,0
1219,aucun,0
1220,aucun,0
1221,aucun,0
1222,aucun,0
1223,aucun,0
1224,aucun,0
1225,aller_retour,1
1226,aucun,0
1227,aucun,0
1228,aucun,0
1229,aucun,0
1230,aucun,0
1231,aucun,0
1232,aucun,0
1233,fractionnement,1
1234,aucun,0
1235,aucun,0
1236,aucun,0
1237,aucun,0
1238,aucun,0
1239,aucun,0
1240,aucun,0
1241,aucun,0
1242,aucun,0
1243,aucun,0
1244,aucun,0
1245,aucun,0
1246,aucun,0
1247,aucun,0
1248,aucun,0
1249,aucun,0
1250,aucun,0
1251,aucun,0
1252,aucun,0
1253,aucun,0
1254,aucun,0
1255,aucun,0
1256,aucun,0
1257,aucun,0
1258,aucun,0
1259,aucun,0
1260,aucun,0
1261,aucun,0
1262,aucun,0
1263,aucun,0
1264,aucun,0
1265,aucun,0
1266,aucun,0
1267,aucun,0
1268,aucun,0
1269,aucun,0
1270,aucun,0
1271,aucun,0
1272,aucun,0
1273,aucun,0
1274,aucun,0
1275,aucun,0
1276,aucun,0
1277,aucun,0
1278,aucun,0
1279,aucun,0
1280,aucun,0
1281,aucun,0
1282,aucun,0
1283,aucun,0
1284,aucun,0
1285,aucun,0
1286,aucun,0
1287,aucun,0
1288,aucun,0
1289,aucun,0
1290,aucun,0
1291,aucun,0
1292,aucun,0
1293,aucun,0
1294,aucun,0
1295,aucun,0
1296,aucun,0
1297,aucun,0
1298,aucun,0
1299,aucun,0
1300,aucun,0
1301,aucun,0
1302,aucun,0
1303,aucun,0
1304,aucun,0
1305,aucun,0
1306,aucun,0
1307,aucun,0
1308,aucun,0
1309,aucun,0
1310,aucun,0
1311,aucun,0
1312,aucun,0
1313,aucun,0
1314,aucun,0
1315,aucun,0
1316,aucun,0
1317,aucun,0
1318,aucun,0
1319,aucun,0
1320,aucun,0
1321,aucun,0
1322,aucun,0
1323,aucun,0
1324,aucun,0
1325,aucun,0
1326,aucun,0
1327,aucun,0
1328,aucun,0
1329,aucun,0
1330,aucun,0
1331,aucun,0
1332,aucun,0
1333,aucun,0
1334,aller_retour,1
1335,aucun,0
1336,aucun,0
1337,aucun,0
1338,aucun,0
1339,aucun,0
1340,aucun,0
1341,aucun,0
1342,aucun,0
1343,aucun,0
1344,aucun,0
1345,aucun,0
1346,aucun,0
1347,aucun,0
1348,aucun,0
1349,aucun,0
1350,aucun,0
1351,aucun,0
1352,aucun,0
1353,aucun,0
1354,aucun,0
1355,aucun,0
1356,aucun,0
1357,aucun,0
1358,aucun,0
1359,aucun,0
1360,aucun,0
1361,aucun,0
1362,aucun,0
1363,aucun,0
1364,aucun,0
1365,aucun,0
1366,aucun,0
1367,aucun,0
1368,aucun,0
1369,aucun,0
1370,aucun,0
1371,aucun,0
1372,aucun,0
1373,aucun,0
1374,aucun,0
1375,aucun,0
1376,aucun,0
1377,aucun,0
1378,aucun,0
1379,aucun,0
1380,aucun,0
1381,aucun,0
1382,aucun,0
1383,aucun,0
1384,aucun,0
1385,aucun,0
1386,aucun,0
1387,aucun,0
1388,aucun,0
1389,aucun,0
1390,aucun,0
1391,aucun,0
1392,aucun,0
1393,pays_a_risque,1
1394,aucun,0
1395,aucun,0
1396,aucun,0
1397,aucun,0
1398,aucun,0
1399,aucun,0
1400,aucun,0
1401,aucun,0
1402,aucun,0
1403,aucun,0
1404,aucun,0
1405,aucun,0
1406,aucun,0
1407,aucun,0
1408,aucun,0
1409,aucun,0
1410,aucun,0
1411,aucun,0
1412,aucun,0
1413,aucun,0
1414,aucun,0
1415,aucun,0
1416,aucun,0
1417,aucun,0
1418,aucun,0
1419,aucun,0
1420,aucun,0
1421,aucun,0
1422,fractionnement,1
1423,aucun,0
1424,aucun,0
1425,aucun,0
1426,aucun,0
1427,aucun,0
1428,aucun,0
1429,aucun,0
1430,aucun,0
1431,aucun,0
1432,aucun,0
1433,aucun,0
1434,aucun,0
1435,aucun,0
1436,aucun,0
1437,aucun,0
1438,aucun,0
1439,aucun,0
1440,aucun,0
1441,aucun,0
1442,aucun,0
1443,aucun,0
1444,aucun,0
1445,aucun,0
1446,aucun,0
1447,aucun,0
1448,aucun,0
1449,aucun,0
1450,aucun,0
1451,aucun,0
1452,aucun,0
1453,aucun,0
1454,aucun,0
1455,aucun,0
1456,aucun,0
1457,aucun,0
1458,aucun,0
1459,aucun,0
1460,aucun,0
1461,aucun,0
1462,aucun,0
1463,aucun,0
1464,aucun,0
1465,aucun,0
1466,aucun,0
1467,aucun,0
1468,aucun,0
1469,aucun,0
1470,relais,1
1471,aucun,0
1472,aucun,0
1473,aucun,0
1474,aucun,0
1475,aucun,0
1476,aucun,0
1477,aucun,0
1478,aucun,0
1479,aucun,0
1480,aucun,0
1481,aucun,0
1482,aucun,0
1483,aucun,0
1484,aucun,0
1485,aucun,0
1486,aller_retour,1
1487,aucun,0
1488,aucun,0
1489,aucun,0
1490,pays_a_risque,1
1491,aucun,0
1492,aucun,0
1493,aucun,0
1494,aucun,0
1495,aucun,0
1496,aucun,0
1497,aucun,0
1498,aucun,0
1499,aucun,0
1500,aucun,0
1501,aucun,0
1502,aucun,0
1503,fractionnement,1
1504,aucun,0
1505,aucun,0
1506,aucun,0
1507,pays_a_risque,1
1508,aucun,0
1509,aucun,0
1510,aucun,0
1511,aucun,0
1512,aucun,0
1513,aucun,0
1514,aucun,0
1515,aucun,0
1516,aucun,0
1517,aucun,0
1518,aucun,0
1519,aucun,0
1520,aucun,0
1521,aucun,0
1522,aucun,0
1523,aucun,0
1524,aucun,0
1525,aucun,0
1526,aucun,0
1527,aucun,0
1528,aucun,0
1529,aucun,0
1530,aucun,0
1531,aucun,0
1532,aucun,0
1533,aucun,0
1534,aucun,0
1535,aucun,0
1536,aucun,0
1537,aucun,0
1538,aucun,0
1539,aucun,0
1540,aucun,0
1541,aucun,0
1542,aucun,0
1543,aucun,0
1544,aucun,0
1545,aucun,0
1546,aucun,0
1547,aucun,0
1548,aucun,0
1549,aucun,0
1550,aucun,0
1551,aucun,0
1552,aucun,0
1553,aucun,0
1554,aucun,0
1555,aucun,0
1556,aucun,0
1557,aucun,0
1558,aucun,0
1559,aucun,0
1560,aucun,0
1561,aucun,0
1562,aucun,0
1563,aucun,0
1564,aucun,0
1565,aucun,0
1566,aucun,0
1567,aucun,0
1568,aucun,0
1569,aucun,0
1570,aucun,0
1571,aucun,0
1572,aucun,0
1573,aucun,0
1574,aucun,0
1575,aucun,0
1576,aucun,0
1577,aucun,0
1578,aucun,0
1579,aucun,0
1580,aucun,0
1581,aucun,0
1582,aucun,0
1583,aucun,0
1584,aucun,0
1585,aucun,0
1586,aucun,0
1587,aucun,0
1588,aucun,0
1589,aucun,0
1590,aucun,0
1591,aucun,0
1592,aucun,0
1593,aucun,0
1594,aucun,0
1595,aucun,0
1596,aucun,0
1597,aucun,0
1598,aucun,0
1599,aucun,0
1600,aucun,0
1601,aucun,0
1602,aucun,0
1603,aucun,0
1604,aucun,0
1605,aucun,0
1606,aucun,0
1607,aucun,0
1608,aucun,0
1609,aucun,0
1610,aucun,0
1611,aucun,0
1612,aucun,0
1613,aucun,0
1614,aucun,0
1615,aucun,0
1616,aucun,0
1617,aucun,0
1618,aucun,0
1619,aucun,0
1620,aucun,0
1621,aucun,0
1622,aucun,0
1623,aucun,0
1624,aucun,0
1625,aucun,0
1626,aucun,0
1627,aucun,0
1628,aucun,0
1629,aucun,0
1630,aucun,0
1631,aucun,0
1632,aucun,0
1633,aucun,0
1634,aucun,0
1635,aucun,0
1636,aucun,0
1637,aucun,0
1638,aucun,0
1639,aucun,0
1640,aucun,0
1641,aucun,0
1642,aucun,0
1643,aucun,0
1644,aucun,0
1645,aucun,0
1646,aucun,0
1647,aucun,0
1648,aucun,0
1649,aucun,0
1650,aucun,0
1651,aucun,0
1652,aucun,0
1653,aucun,0
1654,fractionnement,1
1655,aucun,0
1656,aucun,0
1657,aucun,0
1658,aucun,0
1659,aucun,0
1660,aucun,0
1661,aucun,0
1662,aucun,0
1663,aucun,0
1664,aucun,0
1665,aucun,0
1666,aucun,0
1667,aucun,0
1668,aucun,0
1669,aucun,0
1670,aucun,0
1671,aucun,0
1672,aucun,0
1673,aucun,0
1674,aucun,0
1675,aucun,0
1676,aucun,0
1677,aucun,0
1678,aucun,0
1679,aucun,0
1680,aucun,0
1681,aucun,0
1682,aucun,0
1683,aucun,0
1684,pays_a_risque,1
1685,aucun,0
1686,aucun,0
1687,aucun,0
1688,aucun,0
1689,aucun,0
1690,aucun,0
1691,aucun,0
1692,aucun,0
1693,aucun,0
1694,aucun,0
1695,aucun,0
1696,aucun,0
1697,aucun,0
1698,aucun,0
1699,aucun,0
1700,aucun,0
1701,aucun,0
1702,aucun,0
1703,aucun,0
1704,aucun,0
1705,aucun,0
1706,aucun,0
1707,aucun,0
1708,aucun,0
1709,aucun,0
1710,aucun,0
1711,aucun,0
1712,aucun,0
1713,aucun,0
1714,aucun,0
1715,aucun,0
1716,aucun,0
1717,aucun,0
1718,aucun,0
1719,aller_retour,1
1720,aucun,0
1721,aucun,0
1722,aucun,0
1723,aucun,0
1724,aucun,0
1725,aucun,0
1726,aucun,0
1727,fractionnement,1
1728,aucun,0
1729,aucun,0
1730,aucun,0
1731,aucun,0
1732,aucun,0
1733,aucun,0
1734,aucun,0
1735,aucun,0
1736,aucun,0
1737,aucun,0
1738,aucun,0
1739,aucun,0
1740,aucun,0
1741,aucun,0
1742,aucun,0
1743,aucun,0
1744,aucun,0
1745,aucun,0
1746,aucun,0
1747,aller_retour,1
1748,aucun,0
1749,aucun,0
1750,aucun,0
1751,aucun,0
1752,aucun,0
1753,aucun,0
1754,aucun,0
1755,aucun,0
1756,aucun,0
1757,aucun,0
1758,aucun,0
1759,aucun,0
1760,aucun,0
1761,aucun,0
1762,aucun,0
1763,aucun,0
1764,aucun,0
1765,aucun,0
1766,aucun,0
1767,aucun,0
1768,aucun,0
1769,aucun,0
1770,aucun,0
1771,aucun,0
1772,aucun,0
1773,aucun,0
1774,aucun,0
1775,aucun,0
1776,aucun,0
1777,aucun,0
1778,aucun,0
1779,aucun,0
1780,aucun,0
1781,aucun,0
1782,aucun,0
1783,aucun,0
1784,aucun,0
1785,aucun,0
1786,aucun,0
1787,aucun,0
1788,aucun,0
1789,aucun,0
1790,aucun,0
1791,aucun,0
1792,aucun,0
1793,aucun,0
1794,aucun,0
1795,aucun,0
1796,aucun,0
1797,aucun,0
1798,aucun,0
1799,aucun,0
1800,aucun,0
1801,aucun,0
1802,aucun,0
1803,aucun,0
1804,aucun,0
1805,aucun,0
1806,aucun,0
1807,aucun,0
1808,aucun,0
1809,aucun,0
1810,aucun,0
1811,aucun,0
1812,aucun,0
1813,aucun,0
1814,aucun,0
1815,aucun,0
1816,aucun,0
1817,aucun,0
1818,aucun,0
1819,aucun,0
1820,aucun,0
1821,aucun,0
1822,aucun,0
1823,aucun,0
1824,aucun,0
1825,aucun,0
1826,aucun,0
1827,aucun,0
1828,aucun,0
1829,aucun,0
1830,aucun,0
1831,aucun,0
1832,aucun,0
1833,aucun,0
1834,aucun,0
1835,aucun,0
1836,aucun,0
1837,aucun,0
1838,aucun,0
1839,aucun,0
1840,aucun,0
1841,aucun,0
1842,aucun,0
1843,aucun,0
1844,aucun,0
1845,aucun,0
1846,aucun,0
1847,aucun,0
1848,aucun,0
1849,aucun,0
1850,aucun,0
1851,aucun,0
1852,aucun,0
1853,aucun,0
1854,aucun,0
1855,aucun,0
1856,aucun,0
1857,aucun,0
1858,aucun,0
1859,aucun,0
1860,aucun,0
1861,aucun,0
1862,aucun,0
1863,aucun,0
1864,aucun,0
1865,aucun,0
1866,aucun,0
1867,aucun,0
1868,aucun,0
1869,aucun,0
1870,aucun,0
1871,aucun,0
1872,aucun,0
1873,aucun,0
1874,aucun,0
1875,aucun,0
1876,aucun,0
1877,aucun,0
1878,aucun,0
1879,aucun,0
1880,aucun,0
1881,aucun,0
1882,aucun,0
1883,aucun,0
1884,aucun,0
1885,aucun,0
1886,aucun,0
1887,aucun,0
1888,aucun,0
1889,aucun,0
1890,aucun,0
1891,aucun,0
1892,aucun,0
1893,aucun,0
1894,aucun,0
1895,aucun,0
1896,aucun,0
1897,aucun,0
1898,aucun,0
1899,aucun,0
1900,aucun,0
1901,aucun,0
1902,aucun,0
1903,aucun,0
1904,aucun,0
1905,aucun,0
1906,aucun,0
1907,aucun,0
1908,aucun,0
1909,aucun,0
1910,aucun,0
1911,aucun,0
1912,aucun,0
1913,aucun,0
1914,aucun,0
1915,aucun,0
1916,aucun,0
1917,aucun,0
1918,aucun,0
1919,aucun,0
1920,aucun,0
1921,aucun,0
1922,aucun,0
1923,aucun,0
1924,aucun,0
1925,aucun,0
1926,aucun,0
1927,aucun,0
1928,aucun,0
1929,aucun,0
1930,aucun,0
1931,aucun,0
1932,aucun,0
1933,aucun,0
1934,aucun,0
1935,aucun,0
1936,aucun,0
1937,aucun,0
1938,aucun,0
1939,aucun,0
1940,aucun,0
1941,aucun,0
1942,pays_a_risque,1
1943,aucun,0
1944,aucun,0
1945,aucun,0
1946,aucun,0
1947,aucun,0
1948,aucun,0
1949,aucun,0
1950,aucun,0
1951,aucun,0
1952,aucun,0
1953,aucun,0
1954,aucun,0
1955,aucun,0
1956,aucun,0
1957,aucun,0
1958,aucun,0
1959,aucun,0
1960,aucun,0
1961,aucun,0
1962,aucun,0
1963,aucun,0
1964,aucun,0
1965,aucun,0
1966,aucun,0
1967,aucun,0
1968,aucun,0
1969,aucun,0
1970,aucun,0
1971,aucun,0
1972,aucun,0
1973,fractionnement,1
1974,aucun,0
1975,aucun,0
1976,aucun,0
1977,aucun,0
1978,aucun,0
1979,aucun,0
1980,aucun,0
1981,aucun,0
1982,aucun,0
1983,aucun,0
1984,fractionnement,1
1985,aucun,0
1986,aucun,0
1987,aucun,0
1988,aucun,0
1989,aucun,0
1990,aucun,0
1991,aucun,0
1992,aucun,0
1993,aucun,0
1994,aucun,0
1995,aucun,0
1996,aucun,0
1997,aucun,0
1998,aucun,0
1999,aucun,0
2000,aucun,0
2001,aucun,0
2002,aucun,0
2003,aucun,0
2004,aucun,0
2005,aucun,0
2006,aucun,0
2007,aucun,0
2008,aucun,0
2009,aucun,0
2010,aucun,0
2011,aucun,0
2012,aucun,0
2013,aucun,0
2014,aucun,0
2015,aucun,0
2016,aucun,0
2017,aucun,0
2018,aucun,0
2019,aucun,0
2020,aucun,0
2021,aucun,0
2022,aucun,0
2023,aucun,0
2024,aucun,0
2025,aucun,0
2026,aucun,0
2027,aucun,0
2028,aucun,0
2029,aucun,0
2030,aucun,0
2031,aucun,0
2032,aucun,0
2033,aucun,0
2034,aucun,0
2035,aucun,0
2036,aucun,0
2037,aucun,0
2038,aucun,0
2039,aucun,0
2040,aucun,0
2041,aucun,0
2042,aucun,0
2043,aucun,0
2044,aucun,0
2045,aucun,0
2046,aucun,0
2047,aucun,0
2048,aucun,0
2049,aucun,0
2050,aucun,0
2051,aucun,0
2052,aucun,0
2053,aucun,0
2054,aucun,0
2055,aucun,0
2056,aucun,0
2057,aucun,0
2058,aucun,0
2059,aucun,0
2060,aucun,0
2061,aucun,0
2062,aucun,0
2063,aucun,0
2064,aucun,0
2065,aucun,0
2066,aucun,0
2067,aucun,0
2068,aucun,0
2069,aucun,0
2070,aucun,0
2071,aucun,0
2072,aucun,0
2073,aucun,0
2074,aucun,0
2075,pays_a_risque,1
2076,aucun,0
2077,aucun,0
2078,aucun,0
2079,aucun,0
2080,aucun,0
2081,aucun,0
2082,aucun,0
2083,aucun,0
2084,aucun,0
2085,aucun,0
2086,aucun,0
2087,aucun,0
2088,aucun,0
2089,aucun,0
2090,aucun,0
2091,aucun,0
2092,aucun,0
2093,aucun,0
2094,aucun,0
2095,aucun,0
2096,aucun,0
2097,aucun,0
2098,aucun,0
2099,aucun,0
2100,aucun,0
2101,aucun,0
2102,aucun,0
2103,aucun,0
2104,aucun,0
2105,aucun,0
2106,aucun,0
2107,aucun,0
2108,aucun,0
2109,aucun,0
2110,aucun,0
2111,aucun,0
2112,aucun,0
2113,aucun,0
2114,aucun,0
2115,aucun,0
2116,aucun,0
2117,aucun,0
2118,aucun,0
2119,aucun,0
2120,aucun,0
2121,aucun,0
2122,aucun,0
2123,aucun,0
2124,aucun,0
2125,aucun,0
2126,aucun,0
2127,aucun,0
2128,aucun,0
2129,aucun,0
2130,aucun,0
2131,aucun,0
2132,aucun,0
2133,aucun,0
2134,aucun,0
2135,aucun,0
2136,aucun,0
2137,aucun,0
2138,aucun,0
2139,aucun,0
2140,aucun,0
2141,aucun,0
2142,aucun,0
2143,aucun,0
2144,aucun,0
2145,aucun,0
2146,aucun,0
2147,aucun,0
2148,aucun,0
2149,aucun,0
2150,aucun,0
2151,aucun,0
2152,aucun,0
2153,aucun,0
2154,aucun,0
2155,aucun,0
2156,aucun,0
2157,aucun,0
2158,aucun,0
2159,aucun,0
2160,aucun,0
2161,aucun,0
2162,aucun,0
2163,aucun,0
2164,aucun,0
2165,aucun,0
2166,aucun,0
2167,aucun,0
2168,aucun,0
2169,aucun,0
2170,aucun,0
2171,aucun,0
2172,aucun,0
2173,aucun,0
2174,aucun,0
2175,aucun,0
2176,aucun,0
2177,aucun,0
2178,aucun,0
2179,aucun,0
2180,aucun,0
2181,aucun,0
2182,aucun,0
2183,aucun,0
2184,aucun,0
2185,aucun,0
2186,aucun,0
2187,aucun,0
2188,aucun,0
2189,aucun,0
2190,aucun,0
2191,aucun,0
2192,aucun,0
2193,aucun,0
2194,aucun,0
2195,aucun,0
2196,aucun,0
2197,aucun,0
2198,aucun,0
2199,aucun,0
2200,aucun,0
2201,aucun,0
2202,aucun,0
2203,aucun,0
2204,aucun,0
2205,aucun,0
2206,aucun,0
2207,aucun,0
2208,aucun,0
2209,aucun,0
2210,aucun,0
2211,aucun,0
2212,aller_retour,1
2213,aucun,0
2214,aucun,0
2215,aucun,0
2216,aucun,0
2217,aucun,0
2218,aucun,0
2219,aucun,0
2220,aucun,0
2221,aucun,0
2222,aucun,0
2223,aucun,0
2224,aucun,0
2225,aucun,0
2226,aucun,0
2227,aucun,0
2228,aucun,0
2229,aucun,0
2230,aucun,0
2231,aucun,0
2232,aucun,0
2233,aucun,0
2234,aucun,0
2235,aucun,0
2236,aucun,0
2237,aucun,0
2238,aucun,0
2239,aucun,0
2240,aucun,0
2241,aucun,0
2242,aucun,0
2243,aucun,0
2244,aucun,0
2245,aucun,0
2246,aucun,0
2247,aucun,0
2248,aucun,0
2249,aucun,0
2250,aucun,0
2251,aucun,0
2252,aucun,0
2253,aucun,0
2254,aucun,0
2255,aucun,0
2256,aucun,0
2257,aucun,0
2258,aucun,0
2259,aucun,0
2260,aucun,0
2261,aucun,0
2262,aucun,0
2263,aucun,0
2264,aucun,0
2265,aucun,0
2266,relais,1
2267,aucun,0
2268,aucun,0
2269,aucun,0
2270,aucun,0
2271,aucun,0
2272,aucun,0
2273,aucun,0
2274,aucun,0
2275,aucun,0
2276,aucun,0
2277,aucun,0
2278,aucun,0
2279,aucun,0
2280,aucun,0
2281,aucun,0
2282,aucun,0
2283,aucun,0
2284,aucun,0
2285,aucun,0
2286,aucun,0
2287,aucun,0
2288,aucun,0
2289,aucun,0
2290,aucun,0
2291,aucun,0
2292,aucun,0
2293,aucun,0
2294,aucun,0
2295,aucun,0
2296,aucun,0
2297,aucun,0
2298,aucun,0
2299,aucun,0
2300,aucun,0
2301,aucun,0
2302,aucun,0
2303,aucun,0
2304,aucun,0
2305,aucun,0
2306,aucun,0
2307,aucun,0
2308,aucun,0
2309,aucun,0
2310,aucun,0
2311,aucun,0
2312,aucun,0
2313,aller_retour,1
2314,aucun,0
2315,aucun,0
2316,aucun,0
2317,aucun,0
2318,aucun,0
2319,aucun,0
2320,aucun,0
2321,aucun,0
2322,aucun,0
2323,aucun,0
2324,aucun,0
2325,aucun,0
2326,aucun,0
2327,aucun,0
2328,aucun,0
2329,aucun,0
2330,aucun,0
2331,aucun,0
2332,aucun,0
2333,aucun,0
2334,aucun,0
2335,aucun,0
2336,aucun,0
2337,aucun,0
2338,aucun,0
2339,aucun,0
2340,aucun,0
2341,aucun,0
2342,aucun,0
2343,aucun,0
2344,aucun,0
2345,aucun,0
2346,aucun,0
2347,aucun,0
2348,aucun,0
2349,aucun,0
2350,aucun,0
2351,aucun,0
2352,aucun,0
2353,aucun,0
2354,aucun,0
2355,aucun,0
2356,aucun,0
2357,aucun,0
2358,aucun,0
2359,aucun,0
2360,aucun,0
2361,aucun,0
2362,aucun,0
2363,aucun,0
2364,aucun,0
2365,aucun,0
2366,aucun,0
2367,aucun,0
2368,aucun,0
2369,aucun,0
2370,aucun,0
2371,aucun,0
2372,aucun,0
2373,aucun,0
2374,aucun,0
2375,aucun,0
2376,aucun,0
2377,aucun,0
2378,aucun,0
2379,aucun,0
2380,aucun,0
2381,aucun,0
2382,aucun,0
2383,aucun,0
2384,aucun,0
2385,aucun,0
2386,aucun,0
2387,aucun,0
2388,aucun,0
2389,aucun,0
2390,aucun,0
2391,aucun,0
2392,aucun,0
2393,aucun,0
2394,aucun,0
2395,aucun,0
2396,aucun,0
2397,aucun,0
2398,aucun,0
2399,fractionnement,1
2400,aucun,0
2401,aucun,0
2402,aucun,0
2403,aucun,0
2404,aucun,0
2405,aucun,0
2406,aucun,0
2407,aucun,0
2408,aucun,0
2409,aucun,0
2410,aucun,0
2411,aucun,0
2412,aucun,0
2413,aucun,0
2414,aucun,0
2415,aucun,0
2416,aucun,0
2417,aucun,0
2418,aucun,0
2419,aucun,0
2420,aucun,0
2421,aucun,0
2422,aucun,0
2423,aucun,0
2424,aucun,0
2425,aucun,0
2426,aucun,0
2427,relais,1
2428,aucun,0
2429,aucun,0
2430,aucun,0
2431,aucun,0
2432,aucun,0
2433,aucun,0
2434,aucun,0
2435,aucun,0
2436,aucun,0
2437,aucun,0
2438,aucun,0
2439,aucun,0
2440,aucun,0
2441,aucun,0
2442,aucun,0
2443,aucun,0
2444,aucun,0
2445,aucun,0
2446,aucun,0
2447,aucun,0
2448,aucun,0
2449,aucun,0
2450,aucun,0
2451,aucun,0
2452,aucun,0
2453,aucun,0
2454,aucun,0
2455,aucun,0
2456,aucun,0
2457,aucun,0
2458,aucun,0
2459,aucun,0
2460,aucun,0
2461,aucun,0
2462,aucun,0
2463,aucun,0
2464,aucun,0
2465,aucun,0
2466,pays_a_risque,1
2467,aucun,0
2468,aucun,0
2469,aucun,0
2470,aucun,0
2471,aucun,0
2472,aucun,0
2473,aucun,0
2474,aucun,0
2475,aucun,0
2476,aucun,0
2477,aucun,0
2478,aucun,0
2479,aucun,0
2480,aucun,0
2481,aucun,0
2482,aucun,0
2483,aucun,0
2484,aucun,0
2485,aucun,0
2486,aucun,0
2487,aucun,0
2488,aucun,0
2489,aucun,0
2490,aucun,0
2491,aucun,0
2492,aucun,0
2493,aucun,0
2494,aucun,0
2495,aucun,0
2496,aucun,0
2497,aucun,0
2498,aucun,0
2499,aucun,0
2500,aucun,0
2501,aucun,0
2502,aucun,0
2503,aucun,0
2504,aucun,0
2505,aucun,0
2506,aucun,0
2507,aucun,0
2508,aucun,0
2509,aucun,0
2510,aucun,0
2511,aucun,0
2512,aucun,0
2513,aucun,0
2514,aucun,0
2515,aucun,0
2516,aucun,0
2517,aucun,0
2518,aucun,0
2519,aucun,0
2520,aucun,0
2521,aucun,0
2522,aucun,0
2523,aucun,0
2524,aucun,0
2525,aucun,0
2526,aucun,0
2527,aucun,0
2528,aucun,0
2529,aucun,0
2530,aucun,0
2531,aucun,0
2532,aucun,0
2533,aucun,0
2534,aucun,0
2535,aucun,0
2536,aucun,0
2537,aucun,0
2538,aucun,0
2539,aucun,0
2540,aucun,0
2541,aucun,0
2542,aucun,0
2543,aucun,0
2544,aucun,0
2545,aucun,0
2546,aucun,0
2547,aucun,0
2548,aucun,0
2549,aucun,0
2550,relais,1
2551,aucun,0
2552,aucun,0
2553,aucun,0
2554,aucun,0
2555,aucun,0
2556,aucun,0
2557,aucun,0
2558,aucun,0
2559,aucun,0
2560,aucun,0
2561,aucun,0
2562,aucun,0
2563,aucun,0
2564,aucun,0
2565,aucun,0
2566,aucun,0
2567,aucun,0
2568,aucun,0
2569,aucun,0
2570,aucun,0
2571,aucun,0
2572,aucun,0
2573,aucun,0
2574,aucun,0
2575,aucun,0
2576,aucun,0
2577,aucun,0
2578,aucun,0
2579,aucun,0
2580,aucun,0
2581,aucun,0
2582,aucun,0
2583,aucun,0
2584,aucun,0
2585,aucun,0
2586,aucun,0
2587,aucun,0
2588,aucun,0
2589,aucun,0
2590,aucun,0
2591,aucun,0
2592,aucun,0
2593,aucun,0
2594,aucun,0
2595,aucun,0
2596,aucun,0
2597,aucun,0
2598,aucun,0
2599,aucun,0
2600,aucun,0
2601,aucun,0
2602,aucun,0
2603,aucun,0
2604,aucun,0
2605,aucun,0
2606,aucun,0
2607,aucun,0
2608,aucun,0
2609,relais,1
2610,aucun,0
2611,aucun,0
2612,aucun,0
2613,aucun,0
2614,aucun,0
2615,aucun,0
2616,aucun,0
2617,aucun,0
2618,aucun,0
2619,aucun,0
2620,aucun,0
2621,aucun,0
2622,aucun,0
2623,aucun,0
2624,aucun,0
2625,aucun,0
2626,aucun,0
2627,aucun,0
2628,aucun,0
2629,aucun,0
2630,aucun,0
2631,aucun,0
2632,aucun,0
2633,aucun,0
2634,aucun,0
2635,aucun,0
2636,aucun,0
2637,aucun,0
2638,aucun,0
2639,aucun,0
2640,aucun,0
2641,aucun,0
2642,aucun,0
2643,aucun,0
2644,aucun,0
2645,aucun,0
2646,aucun,0
2647,aucun,0
2648,aucun,0
2649,aucun,0
2650,aucun,0
2651,aucun,0
2652,aucun,0
2653,aller_retour,1
2654,aucun,0
2655,aucun,0
2656,aucun,0
2657,aucun,0
2658,aucun,0
2659,aucun,0
2660,aucun,0
2661,aucun,0
2662,aucun,0
2663,aucun,0
2664,aucun,0
2665,aucun,0
2666,aucun,0
2667,aucun,0
2668,aucun,0
2669,aucun,0
2670,aucun,0
2671,aucun,0
2672,aucun,0
2673,aucun,0
2674,aucun,0
2675,aucun,0
2676,aucun,0
2677,aucun,0
2678,aucun,0
2679,aucun,0
2680,aucun,0
2681,aucun,0
2682,aucun,0
2683,aucun,0
2684,aucun,0
2685,aucun,0
2686,aucun,0
2687,aucun,0
2688,aucun,0
2689,aucun,0
2690,aucun,0
2691,aucun,0
2692,aucun,0
2693,aucun,0
2694,aucun,0
2695,aucun,0
2696,aucun,0
2697,aucun,0
2698,aucun,0
2699,aucun,0
2700,aucun,0
2701,aucun,0
2702,aucun,0
2703,aucun,0
2704,aucun,0
2705,aucun,0
2706,aucun,0
2707,aucun,0
2708,aucun,0
2709,aucun,0
2710,aucun,0
2711,aucun,0
2712,aucun,0
2713,aucun,0
2714,aucun,0
2715,aucun,0
2716,aucun,0
2717,aucun,0
2718,aucun,0
2719,aucun,0
2720,aucun,0
2721,aucun,0
2722,aucun,0
2723,aucun,0
2724,aucun,0
2725,aucun,0
2726,aucun,0
2727,aucun,0
2728,aucun,0
2729,aucun,0
2730,aucun,0
2731,aucun,0
2732,aucun,0
2733,aucun,0
2734,aucun,0
2735,aucun,0
2736,aucun,0
2737,aucun,0
2738,aucun,0
2739,aucun,0
2740,aucun,0
2741,aucun,0
2742,aucun,0
2743,aucun,0
2744,aucun,0
2745,aucun,0
2746,aucun,0
2747,aucun,0
2748,aucun,0
2749,aucun,0
2750,aucun,0
2751,aucun,0
2752,aucun,0
2753,aucun,0
2754,aucun,0
2755,aucun,0
2756,aucun,0
2757,aucun,0
2758,aucun,0
2759,aucun,0
2760,aucun,0
2761,aucun,0
2762,aucun,0
2763,aucun,0
2764,aucun,0
2765,aucun,0
2766,aucun,0
2767,aucun,0
2768,aucun,0
2769,aucun,0
2770,aucun,0
2771,aucun,0
2772,aucun,0
2773,aucun,0
2774,aucun,0
2775,aucun,0
2776,aucun,0
2777,aucun,0
2778,aucun,0
2779,aucun,0
2780,aucun,0
2781,aucun,0
2782,aucun,0
2783,aucun,0
2784,aucun,0
2785,aucun,0
2786,aucun,0
2787,aucun,0
2788,aucun,0
2789,aucun,0
2790,aucun,0
2791,aucun,0
2792,aucun,0
2793,aucun,0
2794,aucun,0
2795,aucun,0
2796,aucun,0
2797,aucun,0
2798,aucun,0
2799,aucun,0
2800,aucun,0
2801,aucun,0
2802,aucun,0
2803,aucun,0
2804,aucun,0
2805,aucun,0
2806,aucun,0
2807,aucun,0
2808,aucun,0
2809,aucun,0
2810,aucun,0
2811,aucun,0
2812,aucun,0
2813,aucun,0
2814,aucun,0
2815,aucun,0
2816,aucun,0
2817,aucun,0
2818,aucun,0
2819,aucun,0
2820,aucun,0
2821,aucun,0
2822,aucun,0
2823,aucun,0
2824,aucun,0
2825,aucun,0
2826,aucun,0
2827,aucun,0
2828,aucun,0
2829,aucun,0
2830,aucun,0
2831,aucun,0
2832,aucun,0
2833,aucun,0
2834,aucun,0
2835,aucun,0
2836,relais,1
2837,aucun,0
2838,aucun,0
2839,aucun,0
2840,aucun,0
2841,aucun,0
2842,relais,1
2843,aucun,0
2844,aucun,0
2845,aucun,0
2846,aucun,0
2847,aucun,0
2848,aucun,0
2849,aucun,0
2850,aucun,0
2851,aucun,0
2852,aucun,0
2853,aucun,0
2854,aucun,0
2855,aucun,0
2856,aucun,0
2857,aucun,0
2858,aucun,0
2859,aucun,0
2860,aucun,0
2861,aucun,0
2862,aucun,0
2863,aucun,0
2864,aucun,0
2865,aucun,0
2866,aucun,0
2867,aucun,0
2868,aucun,0
2869,aucun,0
2870,aucun,0
2871,aucun,0
2872,aucun,0
2873,aucun,0
2874,aucun,0
2875,aucun,0
2876,aucun,0
2877,aucun,0
2878,aucun,0
2879,aucun,0
2880,aucun,0
2881,aucun,0
2882,aucun,0
2883,aucun,0
2884,aucun,0
2885,aucun,0
2886,aller_retour,1
2887,aucun,0
2888,aucun,0
2889,aucun,0
2890,aucun,0
2891,aucun,0
2892,aucun,0
2893,aucun,0
2894,aucun,0
2895,aucun,0
2896,aucun,0
2897,aucun,0
2898,aucun,0
2899,aucun,0
2900,aucun,0
2901,aucun,0
2902,aucun,0
2903,aucun,0
2904,aucun,0
2905,aucun,0
2906,aucun,0
2907,aucun,0
2908,aucun,0
2909,aucun,0
2910,aucun,0
2911,aucun,0
2912,aucun,0
2913,aucun,0
2914,aucun,0
2915,aucun,0
2916,aucun,0
2917,aucun,0
2918,aucun,0
2919,aucun,0
2920,aucun,0
2921,aucun,0
2922,aucun,0
2923,aucun,0
2924,aucun,0
2925,aucun,0
2926,aucun,0
2927,aucun,0
2928,aucun,0
2929,aucun,0
2930,aucun,0
2931,aucun,0
2932,aucun,0
2933,aucun,0
2934,aucun,0
2935,aucun,0
2936,aucun,0
2937,aucun,0
2938,aucun,0
2939,aucun,0
2940,aucun,0
2941,aucun,0
2942,aucun,0
2943,aucun,0
2944,aucun,0
2945,aucun,0
2946,aucun,0
2947,aucun,0
2948,aucun,0
2949,aucun,0
2950,aucun,0
2951,aucun,0
2952,aucun,0
2953,aucun,0
2954,aucun,0
2955,aucun,0
2956,aucun,0
2957,aucun,0
2958,aucun,0
2959,aucun,0
2960,aucun,0
2961,aucun,0
2962,aucun,0
2963,aucun,0
2964,aucun,0
2965,aucun,0
2966,aucun,0
2967,aucun,0
2968,aucun,0
2969,aucun,0
2970,aucun,0
2971,aucun,0
2972,aucun,0
2973,aucun,0
2974,aucun,0
2975,aucun,0
2976,aucun,0
2977,aucun,0
2978,aucun,0
2979,aucun,0
2980,aucun,0
2981,aucun,0
2982,aucun,0
2983,aucun,0
2984,aucun,0
2985,aucun,0
2986,aucun,0
2987,aucun,0
2988,aucun,0
2989,aucun,0
2990,aucun,0
2991,aucun,0
2992,aucun,0
2993,aucun,0
2994,aucun,0
2995,aucun,0
2996,aucun,0
2997,aucun,0
2998,aucun,0
2999,aucun,0
3000,aucun,0
