Export caisse - Boutique;;;;;;;
Période : mois 04 de 2025;;;;;;;
;;;;;;;
N° ticket;Date;Heure;Article;Catégorie;Qté;Prix unitaire;Montant
T26051;01/04/2025;08:21;Hamac rustique;Jardin;1;74,06;74,06
T26051;01/04/2025;08:21;Gommage rustique;Bien-être;1;17,41;17,41
T26051;01/04/2025;08:21;Tablier compact;Cuisine;1;30,80;30,80
T26051;01/04/2025;08:21;Tablier compact;Cuisine;1;30,80;30,80
T26051;01/04/2025;08:21;Rideau design;Maison;1;32,86;32,86
T26051;01/04/2025;08:21;Classeur rustique;Papeterie;1;7,11;7,11
T26053;01/04/2025;12:32;Lanterne mat;Jardin;2;121,44;242,88
T26053;01/04/2025;12:32;Casserole nordique;Cuisine;1;59,64;59,64
T26053;01/04/2025;12:32;Hamac rustique;Jardin;1;74,06;74,06
T26053;01/04/2025;12:32;Plaid nordique;Maison;2;22,56;45,12
T26055;01/04/2025;12:58;Bougie nordique;Décoration;2;17,41;34,82
T26064;01/04/2025;14:18;Pochette compact;Papeterie;1;8,14;8,14
T26064;01/04/2025;14:18;Rideau design;Maison;1;50,37;50,37
T26064;01/04/2025;14:18;Bol design;Cuisine;1;39,04;39,04
T26064;01/04/2025;14:18;Casserole nordique;Cuisine;1;59,64;59,64
T26064;01/04/2025;14:18;Autocollants rustique;Papeterie;1;19,47;19,47
T26064;01/04/2025;14:18;Photophore mat;Décoration;1;17,41;17,41
T26066;01/04/2025;14:24;Plaid nordique;Maison;1;13,29;13,29
T26066;01/04/2025;14:24;Guirlande compact;Décoration;1;56,55;56,55
T26066;01/04/2025;14:24;Tisane nordique;Bien-être;1;45,22;45,22
T26056;01/04/2025;15:41;Statuette rustique;Décoration;1;66,85;66,85
T26047;01/04/2025;16:12;Lampe design;Maison;1;130,71;130,71
T26048;01/04/2025;16:37;Cahier nordique;Papeterie;1;21,53;21,53
T26044;01/04/2025;17:01;Classeur rustique;Papeterie;1;7,11;7,11
T26044;01/04/2025;17:01;Statuette rustique;Décoration;1;66,85;66,85
T26044;01/04/2025;17:01;Huile mat;Bien-être;1;20,50;20,50
T26044;01/04/2025;17:01;Bol design;Cuisine;2;55,52;111,04
T26060;01/04/2025;17:43;Vase mat;Décoration;1;29,77;29,77
T26060;01/04/2025;17:43;Bol design;Cuisine;1;55,52;55,52
T26060;01/04/2025;17:43;Diffuseur design;Bien-être;2;29,77;59,54
T26062;01/04/2025;18:15;Pot mat;Jardin;1;79,21;79,21
T26062;01/04/2025;18:15;Bac compact;Jardin;1;68,91;68,91
T26062;01/04/2025;18:15;Coussin mat;Maison;4;24,62;98,48
T26046;01/04/2025;19:37;Gants design;Jardin;1;21,53;21,53
T26046;01/04/2025;19:37;Statuette rustique;Décoration;1;66,85;66,85
T26050;01/04/2025;19:56;Horloge nordique;Décoration;1;33,89;32,20
T26050;01/04/2025;19:56;Coussin mat;Maison;1;52,43;49,81
T26050;01/04/2025;19:56;Couteau nordique;Cuisine;1;44,19;41,98
T26058;01/04/2025;21:03;Panier mat;Maison;2;38,01;76,02
T26058;01/04/2025;21:03;Cahier nordique;Papeterie;1;11,23;11,23
T26058;01/04/2025;21:03;Calendrier design;Papeterie;1;21,53;21,53
T26052;01/04/2025;21:08;Arrosoir nordique;Jardin;1;16,38;16,38
T26052;01/04/2025;21:08;Carnet mat;Papeterie;1;2,99;2,99
T26052;01/04/2025;21:08;Classeur rustique;Papeterie;1;18,44;18,44
T26052;01/04/2025;21:08;Peignoir design;Bien-être;1;46,25;46,25
T26097;02/04/2025;10:44;Bougie nordique;Décoration;1;17,41;17,41
T26097;02/04/2025;10:44;Pochette compact;Papeterie;1;5,05;5,05
T26097;02/04/2025;10:44;Parasol rustique;Jardin;1;11,23;11,23
T26090;02/04/2025;11:01;Étagère compact;Maison;2;34,92;69,84
T26090;02/04/2025;11:01;Panier mat;Maison;2;108,05;216,10
T26088;02/04/2025;12:30;Horloge nordique;Décoration;1;33,89;33,89
T26088;02/04/2025;12:30;Guirlande compact;Décoration;1;22,56;22,56
T26088;02/04/2025;12:30;Jardinière design;Jardin;1;76,12;76,12
T26088;02/04/2025;12:30;Plaid nordique;Maison;1;13,29;13,29
T26088;02/04/2025;12:30;Brume rustique;Bien-être;1;12,26;12,26
T26096;02/04/2025;14:10;Affiche design;Décoration;2;28,74;57,48
T26096;02/04/2025;14:10;Pot mat;Jardin;1;79,21;79,21
T26092;02/04/2025;15:43;Plaid nordique;Maison;4;13,29;53,16
T26092;02/04/2025;15:43;Suspension compact;Décoration;1;12,26;12,26
T26092;02/04/2025;15:43;Panier mat;Maison;1;108,05;108,05
N° ticket;Date;Heure;Article;Catégorie;Qté;Prix unitaire;Montant
T26092;02/04/2025;15:43;Théière rustique;Cuisine;1;52,43;52,43
T26086;02/04/2025;16:40;Vase mat;Décoration;1;29,77;28,28
T26086;02/04/2025;16:40;Diffuseur design;Bien-être;1;29,77;28,28
T26087;02/04/2025;16:48;Pochette compact;Papeterie;2;8,14;16,28
T26087;02/04/2025;16:48;Guirlande compact;Décoration;4;22,56;90,24
T26087;02/04/2025;16:48;Moule mat;Cuisine;1;17,41;17,41
T26079;02/04/2025;16:51;Plaid nordique;Maison;1;13,29;12,63
T26079;02/04/2025;16:51;Coussin mat;Maison;1;24,62;23,39
T26080;02/04/2025;17:20;Bougie nordique;Décoration;1;29,77;29,77
T26080;02/04/2025;17:20;Lanterne mat;Jardin;1;121,44;121,44
T26080;02/04/2025;17:20;Cadre design;Décoration;1;24,62;24,62
T26101;02/04/2025;17:32;Plaid nordique;Maison;3;22,56;67,68
T26101;02/04/2025;17:32;Parasol rustique;Jardin;2;11,23;22,46
T26101;02/04/2025;17:32;Savon nordique;Bien-être;1;19,47;19,47
T26102;02/04/2025;17:43;Parasol rustique;Jardin;1;11,23;11,23
T26102;02/04/2025;17:43;Carafe design;Cuisine;1;35,95;35,95
T26076;02/04/2025;17:44;Savon nordique;Bien-être;1;19,47;19,47
T26085;02/04/2025;17:57;Parasol rustique;Jardin;1;11,23;10,67
T26093;02/04/2025;19:06;Sécateur compact;Jardin;3;22,56;67,68
T26093;02/04/2025;19:06;Masque mat;Bien-être;2;15,35;30,70
T26103;02/04/2025;20:16;Couteau nordique;Cuisine;2;44,19;88,38
T26103;02/04/2025;20:16;Lampe design;Maison;3;130,71;392,13
T26103;02/04/2025;20:16;Guirlande compact;Décoration;2;22,56;45,12
T26074;02/04/2025;20:46;Bougeoir rustique;Décoration;3;31,83;95,49
T26074;02/04/2025;20:46;Horloge nordique;Décoration;2;99,81;199,62
T26074;02/04/2025;20:46;Sécateur compact;Jardin;1;22,56;22,56
T26074;02/04/2025;20:46;POT MAT;Jardin;1;12,26;12,26
T26074;02/04/2025;20:46;Cadre design;Décoration;1;20,50;20,50
T26098;02/04/2025;21:12;Affiche design;Décoration;1;28,74;28,74
T26098;02/04/2025;21:12;Casserole nordique;Cuisine;1;59,64;59,64
T26075;02/04/2025;21:58;Poêle mat;Cuisine;1;40,07;40,07
T26075;02/04/2025;21:58;Statuette rustique;Décoration;1;66,85;66,85
T26075;02/04/2025;21:58;Huile mat;Bien-être;1;20,50;20,50
T26131;03/04/2025;11:49;Carafe design;Cuisine;1;35,95;35,95
T26131;03/04/2025;11:49;Guirlande compact;Décoration;1;22,56;22,56
T26132;03/04/2025;13:23;Set de table rustique;Cuisine;1;28,74;28,74
T26132;03/04/2025;13:23;Plaid nordique;Maison;1;22,56;22,56
T26128;03/04/2025;14:17;Stylo design;Papeterie;1;4,02;4,02
T26128;03/04/2025;14:17;Pot mat;Jardin;1;79,21;79,21
T26128;03/04/2025;14:17;Bol design;Cuisine;1;39,04;39,04
T26128;03/04/2025;14:17;Bougie nordique;Décoration;1;29,77;29,77
T26108;03/04/2025;14:26;Savon nordique;Bien-être;1;10,20;10,20
T26108;03/04/2025;14:26;Planche compact;Cuisine;1;40,07;40,07
T26108;03/04/2025;14:26;Vase mat;Décoration;1;50,37;50,37
T26120;03/04/2025;14:42;Théière rustique;Cuisine;1;52,43;52,43
T26120;03/04/2025;14:42;MIROIR RUSTIQUE;Maison;1;26,68;26,68
T26133;03/04/2025;15:40;Casserole nordique;Cuisine;1;59,64;59,64
T26133;03/04/2025;15:40;Rideau design;Maison;1;50,37;50,37
T26110;03/04/2025;16:20;Poêle mat;Cuisine;1;40,07;
T26110;03/04/2025;16:20;Classeur rustique;Papeterie;1;18,44;18,44
T26110;03/04/2025;16:20;Photophore mat;Décoration;1;34,92;34,92
T26110;03/04/2025;16:20;Agenda compact;Papeterie;1;10,20;
T26110;03/04/2025;16:20;Trousse mat;Papeterie;1;2,99;2,99
T26118;03/04/2025;16:47;Pot mat;Jardin;1;12,26;12,26
T26118;03/04/2025;16:47;Huile mat;Bien-être;1;20,50;20,50
T26118;03/04/2025;16:47;Tablier compact;Cuisine;1;44,19;44,19
T26118;03/04/2025;16:47;Sécateur compact;Jardin;2;22,56;45,12
T26138;03/04/2025;17:22;Bougeoir rustique;Décoration;1;73,03;73,03
T26115;03/04/2025;17:41;Carafe design;Cuisine;1;35,95;35,95
T26115;03/04/2025;17:41;Jardinière design;Jardin;1;76,12;76,12
N° ticket;Date;Heure;Article;Catégorie;Qté;Prix unitaire;Montant
T26125;03/04/2025;18:03;Sécateur compact;Jardin;1;22,56;22,56
T26125;03/04/2025;18:03;Autocollants rustique;Papeterie;1;14,32;14,32
T26125;03/04/2025;18:03;Autocollants rustique;Papeterie;2;14,32;28,64
T26125;03/04/2025;18:03;Stylo design;Papeterie;1;4,02;4,02
T26125;03/04/2025;18:03;Poêle mat;Cuisine;1;40,07;40,07
T26116;03/04/2025;19:13;Stylo design;Papeterie;2;4,02;8,04
T26137;03/04/2025;21:35;Statuette rustique;Décoration;1;66,85;66,85
T26137;03/04/2025;21:35;Affiche design;Décoration;1;28,74;28,74
T26156;04/04/2025;09:05;Bol design;Cuisine;1;39,04;39,04
T26156;04/04/2025;09:05;TROUSSE MAT;Papeterie;1;2,99;2,99
T26158;04/04/2025;10:38;Encens compact;Bien-être;1;32,86;32,86
T26158;04/04/2025;10:38;Tablier compact;Cuisine;1;44,19;44,19
T26144;04/04/2025;11:31;Masque mat;Bien-être;1;15,35;15,35
T26144;04/04/2025;11:31;CAHIER NORDIQUE;Papeterie;1;21,53;21,53
T26167;04/04/2025;11:36;Cadre design;Décoration;2;20,50;41,00
T26167;04/04/2025;11:36;Plaid nordique;Maison;2;22,56;45,12
T26167;04/04/2025;11:36;Huile mat;Bien-être;1;20,50;20,50
T26142;04/04/2025;13:00;PARASOL RUSTIQUE;Jardin;1;24,62;24,62
T26142;04/04/2025;13:00;Bougie nordique;Décoration;1;29,77;
T26146;04/04/2025;13:04;Gants design;Jardin;1;93,63;93,63
T26146;04/04/2025;13:04;Tisane nordique;Bien-être;1;45,22;45,22
T26163;04/04/2025;13:20;Cahier nordique;Papeterie;1;21,53;21,53
T26163;04/04/2025;13:20;LAMPE DESIGN;Maison;1;20,50;20,50
T26163;04/04/2025;13:20;Panier mat;Maison;1;108,05;108,05
T26163;04/04/2025;13:20;Moule mat;Cuisine;1;16,38;16,38
T26157;04/04/2025;14:53;Casserole nordique;Cuisine;1;44,19;41,98
T26157;04/04/2025;14:53;Tapis nordique;Maison;1;64,79;61,55
T26173;04/04/2025;16:57;Guirlande compact;Décoration;1;22,56;22,56
T26173;04/04/2025;16:57;Pochette compact;Papeterie;1;5,05;5,05
T26149;04/04/2025;17:11;Tisane nordique;Bien-être;2;70,97;141,94
T26149;04/04/2025;17:11;Pot mat;Jardin;1;12,26;12,26
T26149;04/04/2025;17:11;Plaid nordique;Maison;1;22,56;22,56
T26160;04/04/2025;17:45;VASE MAT;Décoration;1;29,77;29,77
T26160;04/04/2025;17:45;Tapis nordique;Maison;1;64,79;64,79
T26143;04/04/2025;18:02;Cadre design;Décoration;1;24,62;24,62
T26143;04/04/2025;18:02;Plaid nordique;Maison;3;22,56;67,68
T26166;04/04/2025;19:27;Bol design;Cuisine;1;55,52;55,52
T26166;04/04/2025;19:27;Autocollants rustique;Papeterie;2;14,32;28,64
T26154;04/04/2025;19:59;Savon nordique;Bien-être;1;19,47;19,47
T26154;04/04/2025;19:59;Panier mat;Maison;1;108,05;108,05
T26154;04/04/2025;19:59;Bougie nordique;Décoration;1;17,41;17,41
T26154;04/04/2025;19:59;Panier mat;Maison;2;108,05;216,10
T26151;04/04/2025;20:32;Parasol rustique;Jardin;2;24,62;49,24
T26151;04/04/2025;20:32;Planche compact;Cuisine;1;40,07;40,07
T26159;04/04/2025;21:28;Plaid nordique;Maison;1;22,56;22,56
T26159;04/04/2025;21:28;Poêle mat;Cuisine;2;39,04;78,08
T26164;04/04/2025;21:44;Horloge nordique;Décoration;1;99,81;99,81
T26164;04/04/2025;21:44;Photophore mat;Décoration;1;17,41;17,41
T26176;05/04/2025;09:37;Coussin mat;Maison;1;24,62;24,62
T26186;05/04/2025;10:41;Poêle mat;Cuisine;1;39,04;39,04
T26186;05/04/2025;10:41;Cahier nordique;Papeterie;1;11,23;11,23
T26186;05/04/2025;10:41;Plaid nordique;Maison;1;13,29;13,29
T26181;05/04/2025;11:25;Lanterne mat;Jardin;1;8,14;8,14
T26181;05/04/2025;11:25;Lanterne mat;Jardin;1;121,44;121,44
T26181;05/04/2025;11:25;Bol design;Cuisine;1;39,04;39,04
T26181;05/04/2025;11:25;Lampe design;Maison;1;20,50;20,50
T26181;05/04/2025;11:25;ARROSOIR NORDIQUE;Jardin;1;16,38;16,38
T26180;05/04/2025;12:41;Lampe design;Maison;2;130,71;261,42
T26180;05/04/2025;12:41;Lanterne mat;Jardin;1;121,44;121,44
T26205;05/04/2025;14:41;Cahier nordique;Papeterie;1;11,23;11,23
N° ticket;Date;Heure;Article;Catégorie;Qté;Prix unitaire;Montant
T26188;05/04/2025;15:52;Statuette rustique;Décoration;1;65,82;65,82
T26177;05/04/2025;16:01;Statuette rustique;Décoration;1;65,82;65,82
T26177;05/04/2025;16:01;Tapis nordique;Maison;1;64,79;64,79
T26177;05/04/2025;16:01;Transat nordique;Jardin;1;157,49;157,49
T26177;05/04/2025;16:01;Gants design;Jardin;1;21,53;21,53
T26192;05/04/2025;16:08;Statuette rustique;Décoration;1;66,85;66,85
T26197;05/04/2025;16:09;Arrosoir nordique;Jardin;1;16,38;16,38
T26197;05/04/2025;16:09;Trousse mat;Papeterie;1;2,99;2,99
T26197;05/04/2025;16:09;Lanterne mat;Jardin;1;121,44;121,44
T26198;05/04/2025;19:13;Casserole nordique;Cuisine;1;44,19;44,19
T26190;05/04/2025;20:24;Autocollants rustique;Papeterie;1;19,47;19,47
T26190;05/04/2025;20:24;Théière rustique;Cuisine;1;52,43;52,43
T26190;05/04/2025;20:24;Théière rustique;Cuisine;2;52,43;104,86
T26190;05/04/2025;20:24;Huile mat;Bien-être;1;20,50;20,50
T26216;06/04/2025;10:31;Cadre design;Décoration;3;20,50;61,50
T26212;06/04/2025;15:23;Transat nordique;Jardin;2;157,49;314,98
T26212;06/04/2025;15:23;Planche compact;Cuisine;3;41,10;123,30
T26215;06/04/2025;16:27;Planche compact;Cuisine;1;40,07;40,07
T26215;06/04/2025;16:27;Lampe design;Maison;1;20,50;20,50
T26214;06/04/2025;17:53;Carnet mat;Papeterie;1;2,99;2,99
T26221;06/04/2025;19:09;CASSEROLE NORDIQUE;Cuisine;1;44,19;41,98
T26221;06/04/2025;19:09;Carafe design;Cuisine;1;13,29;12,63
T26221;06/04/2025;19:09;Cintre compact;Maison;1;66,85;63,51
T26233;07/04/2025;13:45;Bougie nordique;Décoration;1;29,77;29,77
T26233;07/04/2025;13:45;CADRE DESIGN;Décoration;2;24,62;49,24
T26233;07/04/2025;13:45;Cahier nordique;Papeterie;1;21,53;21,53
T26239;07/04/2025;14:04;Diffuseur design;Bien-être;2;29,77;59,54
T26239;07/04/2025;14:04;Boîte rustique;Maison;1;52,43;52,43
T26239;07/04/2025;14:04;Casserole nordique;Cuisine;3;44,19;132,57
T26239;07/04/2025;14:04;Tapis nordique;Maison;1;64,79;64,79
T26231;07/04/2025;14:25;Carnet mat;Papeterie;2;2,99;5,68
T26232;07/04/2025;15:26;VASE MAT;Décoration;1;29,77;29,77
T26232;07/04/2025;15:26;Peignoir design;Bien-être;1;12,26;12,26
T26237;07/04/2025;15:47;Panier mat;Maison;1;108,05;108,05
T26237;07/04/2025;15:47;Gommage rustique;Bien-être;1;17,41;17,41
T26237;07/04/2025;15:47;Gommage rustique;Bien-être;1;17,41;17,41
T26237;07/04/2025;15:47;Pot mat;Jardin;2;79,21;158,42
T26235;07/04/2025;17:13;Moule mat;Cuisine;1;17,41;17,41
T26238;07/04/2025;19:51;Lanterne mat;Jardin;1;121,44;121,44
T26238;07/04/2025;19:51;Horloge nordique;Décoration;2;33,89;67,78
T26238;07/04/2025;19:51;Gommage rustique;Bien-être;1;17,41;17,41
T26245;07/04/2025;20:23;Trousse mat;Papeterie;1;2,99;
T26245;07/04/2025;20:23;Gants design;Jardin;1;93,63;93,63
T26241;07/04/2025;21:27;Gommage rustique;Bien-être;1;51,40;48,83
T26241;07/04/2025;21:27;Plaid nordique;Maison;1;13,29;12,63
T26264;08/04/2025;10:27;Boîte rustique;Maison;1;52,43;52,43
T26264;08/04/2025;10:27;Huile mat;Bien-être;1;26,68;26,68
T26261;08/04/2025;11:11;Lampe design;Maison;1;20,50;20,50
T26261;08/04/2025;11:11;Cintre compact;Maison;2;57,58;115,16
T26263;08/04/2025;11:25;Trousse mat;Papeterie;2;2,99;5,98
T26263;08/04/2025;11:25;Pochette compact;Papeterie;1;8,14;8,14
T26263;08/04/2025;11:25;Masque mat;Bien-être;1;15,35;15,35
T26262;08/04/2025;13:28;Panier mat;Maison;1;38,01;34,21
T26255;08/04/2025;13:36;Carafe design;Cuisine;1;13,29;13,29
T26255;08/04/2025;13:36;Pot mat;Jardin;1;79,21;79,21
T26256;08/04/2025;15:31;Carnet mat;Papeterie;1;2,99;2,99
T26256;08/04/2025;15:31;Statuette rustique;Décoration;1;66,85;66,85
T26274;08/04/2025;16:04;Tapis nordique;Maison;1;64,79;64,79
T26274;08/04/2025;16:04;Guirlande compact;Décoration;1;22,56;22,56
T26280;08/04/2025;16:16;Poêle mat;Cuisine;1;39,04;39,04
N° ticket;Date;Heure;Article;Catégorie;Qté;Prix unitaire;Montant
T26277;08/04/2025;16:40;Vase mat;Décoration;1;29,77;29,77
T26277;08/04/2025;16:40;Pot mat;Jardin;1;12,26;
T26277;08/04/2025;16:40;Panier mat;Maison;1;108,05;108,05
T26258;08/04/2025;16:59;Savon nordique;Bien-être;1;10,20;10,20
T26281;08/04/2025;17:55;Jardinière design;Jardin;1;76,12;76,12
T26281;08/04/2025;17:55;Poêle mat;Cuisine;1;40,07;40,07
T26281;08/04/2025;17:55;Pot mat;Jardin;2;79,21;158,42
T26283;08/04/2025;18:22;Sécateur compact;Jardin;2;39,04;78,08
T26283;08/04/2025;18:22;Théière rustique;Cuisine;1;52,43;52,43
T26283;08/04/2025;18:22;Vase mat;Décoration;1;50,37;50,37
T26254;08/04/2025;19:32;Sécateur compact;Jardin;1;39,04;39,04
T26254;08/04/2025;19:32;Horloge nordique;Décoration;1;33,89;33,89
T26254;08/04/2025;19:32;Gants design;Jardin;1;21,53;21,53
T26259;08/04/2025;20:26;Hamac rustique;Jardin;1;22,56;22,56
T26259;08/04/2025;20:26;Théière rustique;Cuisine;1;52,43;52,43
T26259;08/04/2025;20:26;Guirlande compact;Décoration;1;22,56;22,56
T26259;08/04/2025;20:26;Peignoir design;Bien-être;1;46,25;46,25
T26259;08/04/2025;20:26;Tisane nordique;Bien-être;3;45,22;135,66
T26285;09/04/2025;11:59;Lampe design;Maison;1;20,50;20,50
T26285;09/04/2025;11:59;Moule mat;Cuisine;1;17,41;17,41
T26299;09/04/2025;13:53;Lampe design;Maison;1;20,50;20,50
T26299;09/04/2025;13:53;Planche compact;Cuisine;1;40,07;40,07
T26300;09/04/2025;15:12;Plaid nordique;Maison;1;22,56;22,56
T26300;09/04/2025;15:12;Tablier compact;Cuisine;1;30,80;30,80
T26303;09/04/2025;17:14;Lampe design;Maison;2;20,50;41,00
T26303;09/04/2025;17:14;Diffuseur design;Bien-être;1;29,77;29,77
T26303;09/04/2025;17:14;Pot mat;Jardin;1;12,26;12,26
T26303;09/04/2025;17:14;Stylo design;Papeterie;1;5,05;5,05
T26303;09/04/2025;17:14;Gommage rustique;Bien-être;1;17,41;17,41
T26295;09/04/2025;17:22;Cadre design;Décoration;1;20,50;20,50
T26287;09/04/2025;17:29;Savon nordique;Bien-être;1;19,47;19,47
T26287;09/04/2025;17:29;Savon nordique;Bien-être;1;19,47;19,47
T26287;09/04/2025;17:29;THÉIÈRE RUSTIQUE;Cuisine;2;52,43;104,86
T26287;09/04/2025;17:29;Théière rustique;Cuisine;1;52,43;52,43
T26287;09/04/2025;17:29;Guirlande compact;Décoration;1;22,56;22,56
T26301;09/04/2025;17:32;Lampe design;Maison;1;20,50;20,50
T26305;09/04/2025;18:24;Cintre compact;Maison;2;57,58;115,16
T26305;09/04/2025;18:24;Bougie nordique;Décoration;1;29,77;29,77
T26305;09/04/2025;18:24;Horloge nordique;Décoration;1;99,81;99,81
T26286;09/04/2025;19:01;Photophore mat;Décoration;1;34,92;34,92
T26286;09/04/2025;19:01;Coussin mat;Maison;1;24,62;24,62
T26286;09/04/2025;19:01;Étagère compact;Maison;1;34,92;34,92
T26291;09/04/2025;19:40;Carafe design;Cuisine;1;35,95;35,95
T26329;10/04/2025;13:48;Panier mat;Maison;1;38,01;38,01
T26327;10/04/2025;13:51;Guirlande compact;Décoration;1;22,56;22,56
T26327;10/04/2025;13:51;Horloge nordique;Décoration;1;33,89;33,89
T26340;10/04/2025;13:54;Bol design;Cuisine;1;39,04;39,04
T26340;10/04/2025;13:54;Moule mat;Cuisine;1;17,41;17,41
T26314;10/04/2025;14:04;Hamac rustique;Jardin;1;74,06;
T26320;10/04/2025;14:38;Vase mat;Décoration;2;29,77;59,54
T26320;10/04/2025;14:38;Stylo design;Papeterie;1;4,02;
T26320;10/04/2025;14:38;Moule mat;Cuisine;1;17,41;17,41
T26341;10/04/2025;15:11;Miroir rustique;Maison;1;26,68;26,68
T26339;10/04/2025;15:48;Plaid nordique;Maison;2;13,29;26,58
T26339;10/04/2025;15:48;Miroir rustique;Maison;1;26,68;26,68
T26339;10/04/2025;15:48;Pot mat;Jardin;1;79,21;79,21
T26315;10/04/2025;16:44;Miroir rustique;Maison;1;26,68;26,68
T26315;10/04/2025;16:44;Agenda compact;Papeterie;1;10,20;10,20
T26330;10/04/2025;17:37;ÉTAGÈRE COMPACT;Maison;1;34,92;34,92
T26321;10/04/2025;18:13;Moule mat;Cuisine;1;16,38;
N° ticket;Date;Heure;Article;Catégorie;Qté;Prix unitaire;Montant
T26321;10/04/2025;18:13;Tisane nordique;Bien-être;1;45,22;42,96
T26321;10/04/2025;18:13;Savon nordique;Bien-être;1;19,47;18,50
T26335;10/04/2025;19:00;Bol design;Cuisine;2;39,04;78,08
T26335;10/04/2025;19:00;Plaid nordique;Maison;1;13,29;13,29
T26332;10/04/2025;21:02;POÊLE MAT;Cuisine;2;39,04;78,08
T26376;11/04/2025;10:32;Moule mat;Cuisine;1;17,41;17,41
T26376;11/04/2025;10:32;Tisane nordique;Bien-être;1;70,97;70,97
T26389;11/04/2025;11:54;Lampe design;Maison;2;130,71;261,42
T26375;11/04/2025;12:41;Bol design;Cuisine;1;39,04;39,04
T26373;11/04/2025;13:08;Guirlande compact;Décoration;1;56,55;56,55
T26373;11/04/2025;13:08;Bol design;Cuisine;1;39,04;39,04
T26373;11/04/2025;13:08;Bougie parfumée compact;Bien-être;1;58,61;58,61
T26373;11/04/2025;13:08;Carafe design;Cuisine;1;35,95;35,95
T26373;11/04/2025;13:08;Bougie nordique;Décoration;1;29,77;29,77
T26354;11/04/2025;14:23;Tablier compact;Cuisine;1;44,19;44,19
T26354;11/04/2025;14:23;Casserole nordique;Cuisine;1;59,64;59,64
T26354;11/04/2025;14:23;Suspension compact;Décoration;1;30,80;30,80
T26354;11/04/2025;14:23;Coussin mat;Maison;1;52,43;52,43
T26387;11/04/2025;15:02;Bougie parfumée compact;Bien-être;2;28,74;57,48
T26387;11/04/2025;15:02;Carafe design;Cuisine;1;35,95;35,95
T26356;11/04/2025;15:35;Tisane nordique;Bien-être;1;45,22;40,70
T26356;11/04/2025;15:35;Huile mat;Bien-être;1;26,68;24,01
T26356;11/04/2025;15:35;Moule mat;Cuisine;1;16,38;14,74
T26356;11/04/2025;15:35;Gommage rustique;Bien-être;1;17,41;15,67
T26368;11/04/2025;15:47;Cahier nordique;Papeterie;1;21,53;21,53
T26368;11/04/2025;15:47;Agenda compact;Papeterie;1;10,20;10,20
T26368;11/04/2025;15:47;Carafe design;Cuisine;1;13,29;13,29
T26368;11/04/2025;15:47;Coussin mat;Maison;1;52,43;52,43
T26368;11/04/2025;15:47;Bol design;Cuisine;2;39,04;78,08
T26368;11/04/2025;15:47;Panier mat;Maison;1;108,05;108,05
T26357;11/04/2025;15:57;Plaid nordique;Maison;1;13,29;13,29
T26357;11/04/2025;15:57;Moule mat;Cuisine;1;17,41;17,41
T26357;11/04/2025;15:57;Bol design;Cuisine;1;55,52;55,52
T26363;11/04/2025;16:06;Lanterne mat;Jardin;1;8,14;8,14
T26363;11/04/2025;16:06;Boîte rustique;Maison;1;52,43;52,43
T26363;11/04/2025;16:06;Bougeoir rustique;Décoration;2;73,03;146,06
T26377;11/04/2025;16:32;JARDINIÈRE DESIGN;Jardin;1;51,40;51,40
T26360;11/04/2025;16:50;Peignoir design;Bien-être;2;46,25;92,50
T26360;11/04/2025;16:50;Set de table rustique;Cuisine;1;28,74;28,74
T26360;11/04/2025;16:50;Bougie nordique;Décoration;2;29,77;59,54
T26360;11/04/2025;16:50;Théière rustique;Cuisine;1;52,43;52,43
T26360;11/04/2025;16:50;Casserole nordique;Cuisine;1;59,64;59,64
T26388;11/04/2025;17:03;Calendrier design;Papeterie;2;21,53;43,06
T26388;11/04/2025;17:03;Tapis nordique;Maison;1;64,79;64,79
T26355;11/04/2025;17:07;Peignoir design;Bien-être;1;46,25;46,25
T26352;11/04/2025;19:15;Diffuseur design;Bien-être;4;29,77;119,08
T26352;11/04/2025;19:15;Poêle mat;Cuisine;1;40,07;40,07
T26379;11/04/2025;19:31;Bougie nordique;Décoration;2;17,41;34,82
T26381;11/04/2025;19:56;Cadre design;Décoration;1;24,62;24,62
T26381;11/04/2025;19:56;Cintre compact;Maison;1;57,58;57,58
T26381;11/04/2025;19:56;Bougeoir rustique;Décoration;1;31,83;31,83
T26381;11/04/2025;19:56;Poêle mat;Cuisine;1;40,07;40,07
T26381;11/04/2025;19:56;Théière rustique;Cuisine;1;52,43;52,43
T26398;12/04/2025;11:40;Lanterne mat;Jardin;4;121,44;485,76
T26398;12/04/2025;11:40;Plaid nordique;Maison;1;13,29;13,29
T26396;12/04/2025;12:46;Huile mat;Bien-être;1;20,50;20,50
T26396;12/04/2025;12:46;Stylo design;Papeterie;1;4,02;
T26396;12/04/2025;12:46;Tablier compact;Cuisine;1;44,19;44,19
T26400;12/04/2025;12:59;Rideau design;Maison;1;50,37;50,37
T26400;12/04/2025;12:59;AGENDA COMPACT;Papeterie;1;10,20;10,20
N° ticket;Date;Heure;Article;Catégorie;Qté;Prix unitaire;Montant
T26402;12/04/2025;13:01;Bol design;Cuisine;1;39,04;39,04
T26402;12/04/2025;13:01;Rideau design;Maison;1;50,37;50,37
T26402;12/04/2025;13:01;Stylo design;Papeterie;1;4,02;4,02
T26418;12/04/2025;13:10;Gommage rustique;Bien-être;2;17,41;
T26418;12/04/2025;13:10;Lanterne mat;Jardin;1;121,44;121,44
T26421;12/04/2025;13:11;Bougie nordique;Décoration;4;17,41;69,64
T26421;12/04/2025;13:11;Affiche design;Décoration;3;28,74;86,22
T26421;12/04/2025;13:11;Transat nordique;Jardin;2;12,26;24,52
T26432;12/04/2025;13:32;Théière rustique;Cuisine;1;52,43;
T26432;12/04/2025;13:32;Affiche design;Décoration;1;36,98;36,98
T26423;12/04/2025;14:07;Statuette rustique;Décoration;1;66,85;66,85
T26423;12/04/2025;14:07;Panier mat;Maison;1;108,05;108,05
T26423;12/04/2025;14:07;Guirlande compact;Décoration;1;56,55;56,55
T26407;12/04/2025;14:13;Jardinière design;Jardin;1;76,12;76,12
T26407;12/04/2025;14:13;Lampe design;Maison;1;20,50;20,50
T26407;12/04/2025;14:13;Marque-page nordique;Papeterie;2;9,17;18,34
T26117;12/04/2025;14:41;Peignoir design;Bien-être;1;12,26;12,26
T26439;12/04/2025;15:18;Vase mat;Décoration;1;50,37;50,37
T26439;12/04/2025;15:18;Set de table rustique;Cuisine;1;28,74;28,74
T26439;12/04/2025;15:18;Marque-page nordique;Papeterie;1;18,44;18,44
T26429;12/04/2025;15:25;Casserole nordique;Cuisine;1;44,19;44,19
T26429;12/04/2025;15:25;Bac compact;Jardin;3;68,91;206,73
T26437;12/04/2025;15:33;Vase mat;Décoration;1;29,77;29,77
T26437;12/04/2025;15:33;Agenda compact;Papeterie;1;21,53;21,53
T26438;12/04/2025;15:52;Carnet mat;Papeterie;1;2,99;2,99
T26438;12/04/2025;15:52;Calendrier design;Papeterie;1;7,11;7,11
T26426;12/04/2025;15:59;Tapis nordique;Maison;1;68,91;68,91
T26426;12/04/2025;15:59;Bougie parfumée compact;Bien-être;1;28,74;28,74
T26426;12/04/2025;15:59;Bougeoir rustique;Décoration;2;31,83;63,66
T26426;12/04/2025;15:59;Lampe design;Maison;1;20,50;20,50
T26445;12/04/2025;16:12;Coussin mat;Maison;1;52,43;52,43
T26445;12/04/2025;16:12;Rideau design;Maison;2;32,86;65,72
T26445;12/04/2025;16:12;Gants design;Jardin;1;93,63;93,63
T26403;12/04/2025;16:30;Diffuseur design;Bien-être;1;29,77;29,77
T26403;12/04/2025;16:30;Cintre compact;Maison;1;57,58;57,58
T26403;12/04/2025;16:30;Huile mat;Bien-être;2;20,50;41,00
T26419;12/04/2025;16:53;Photophore mat;Décoration;1;34,92;34,92
T26419;12/04/2025;16:53;Huile mat;Bien-être;1;26,68;26,68
T26414;12/04/2025;17:03;Coussin mat;Maison;1;24,62;24,62
T26409;12/04/2025;17:24;Agenda compact;Papeterie;2;10,20;20,40
T26416;12/04/2025;18:47;Sécateur compact;Jardin;1;39,04;39,04
T26416;12/04/2025;18:47;Lanterne mat;Jardin;1;8,14;8,14
T26416;12/04/2025;18:47;Pot mat;Jardin;1;79,21;79,21
T26442;12/04/2025;19:29;Trousse mat;Papeterie;1;2,99;2,99
T26441;12/04/2025;19:43;Tisane nordique;Bien-être;1;70,97;70,97
T26441;12/04/2025;19:43;Calendrier design;Papeterie;1;21,53;21,53
T26441;12/04/2025;19:43;Casserole nordique;Cuisine;1;44,19;44,19
T26399;12/04/2025;20:41;Affiche design;Décoration;1;36,98;36,98
T26399;12/04/2025;20:41;Cadre design;Décoration;2;24,62;49,24
T26399;12/04/2025;20:41;Lanterne mat;Jardin;4;121,44;485,76
T26399;12/04/2025;20:41;Lanterne mat;Jardin;4;121,44;485,76
T26399;12/04/2025;20:41;Étagère compact;Maison;1;34,92;34,92
T26399;12/04/2025;20:41;Lanterne mat;Jardin;1;121,44;121,44
T26456;13/04/2025;11:13;Pot mat;Jardin;1;79,21;79,21
T26456;13/04/2025;11:13;Transat nordique;Jardin;1;12,26;12,26
T26449;13/04/2025;11:17;Horloge nordique;Décoration;1;33,89;33,89
T26461;13/04/2025;12:03;Transat nordique;Jardin;1;12,26;12,26
T26461;13/04/2025;12:03;Tapis nordique;Maison;1;64,79;64,79
T26461;13/04/2025;12:03;Étagère compact;Maison;1;109,08;
T26463;13/04/2025;12:54;Bougie nordique;Décoration;1;29,77;29,77
N° ticket;Date;Heure;Article;Catégorie;Qté;Prix unitaire;Montant
T26455;13/04/2025;13:37;Parasol rustique;Jardin;1;11,23;10,67
T26455;13/04/2025;13:37;Couteau nordique;Cuisine;1;44,19;41,98
T26462;13/04/2025;15:16;Gommage rustique;Bien-être;1;51,40;51,40
T26462;13/04/2025;15:16;Encens compact;Bien-être;1;19,47;19,47
T26462;13/04/2025;15:16;Photophore mat;Décoration;1;34,92;34,92
T26447;13/04/2025;15:35;Huile mat;Bien-être;1;26,68;26,68
T26457;13/04/2025;16:15;Transat nordique;Jardin;1;12,26;12,26
T26457;13/04/2025;16:15;Arrosoir nordique;Jardin;1;16,38;16,38
T26457;13/04/2025;16:15;Marque-page nordique;Papeterie;1;9,17;9,17
T26460;13/04/2025;16:40;Autocollants rustique;Papeterie;2;14,32;28,64
T26453;13/04/2025;17:18;Trousse mat;Papeterie;1;2,99;2,99
T26446;13/04/2025;19:34;Tisane nordique;Bien-être;2;45,22;90,44
T26446;13/04/2025;19:34;Carafe design;Cuisine;1;35,95;35,95
T26459;13/04/2025;20:24;Plaid nordique;Maison;1;13,29;13,29
T26459;13/04/2025;20:24;Horloge nordique;Décoration;4;33,89;135,56
T26471;14/04/2025;11:22;Sécateur compact;Jardin;1;39,04;39,04
T26471;14/04/2025;11:22;Cintre compact;Maison;1;57,58;57,58
T26471;14/04/2025;11:22;Stylo design;Papeterie;1;4,02;4,02
T26481;14/04/2025;11:54;Marque-page nordique;Papeterie;2;9,17;18,34
T26481;14/04/2025;11:54;Panier mat;Maison;1;108,05;108,05
T26484;14/04/2025;12:18;Pot mat;Jardin;1;79,21;79,21
T26484;14/04/2025;12:18;Set de table rustique;Cuisine;2;51,40;102,80
T26476;14/04/2025;12:25;Couteau nordique;Cuisine;1;44,19;44,19
T26476;14/04/2025;12:25;Affiche design;Décoration;1;36,98;36,98
T26470;14/04/2025;12:36;Carnet mat;Papeterie;1;2,99;2,99
T26470;14/04/2025;12:36;Agenda compact;Papeterie;1;21,53;21,53
T26470;14/04/2025;12:36;Plaid nordique;Maison;1;22,56;22,56
T26470;14/04/2025;12:36;Étagère compact;Maison;1;109,08;109,08
T26470;14/04/2025;12:36;Lampe design;Maison;1;130,71;130,71
T26470;14/04/2025;12:36;Pochette compact;Papeterie;1;5,05;5,05
T26483;14/04/2025;14:46;Stylo design;Papeterie;1;4,02;4,02
T26483;14/04/2025;14:46;Classeur rustique;Papeterie;1;18,44;18,44
T26483;14/04/2025;14:46;Bougie nordique;Décoration;1;29,77;29,77
T26472;14/04/2025;16:17;Carnet mat;Papeterie;1;2,99;2,99
T26472;14/04/2025;16:17;Lampe design;Maison;3;20,50;61,50
T26469;14/04/2025;16:34;Bac compact;Jardin;1;68,91;68,91
T26479;14/04/2025;16:43;Cahier nordique;Papeterie;4;11,23;44,92
T26479;14/04/2025;16:43;Pochette compact;Papeterie;2;8,14;16,28
T26496;14/04/2025;16:53;Poêle mat;Cuisine;1;40,07;38,07
T26496;14/04/2025;16:53;Affiche design;Décoration;1;28,74;27,30
T26485;14/04/2025;17:41;Tapis nordique;Maison;3;64,79;194,37
T26485;14/04/2025;17:41;Peignoir design;Bien-être;1;46,25;46,25
T26482;14/04/2025;19:22;Bol design;Cuisine;1;39,04;39,04
T26482;14/04/2025;19:22;Bol design;Cuisine;1;39,04;39,04
T26482;14/04/2025;19:22;Huile mat;Bien-être;1;26,68;26,68
T26482;14/04/2025;19:22;Bougie parfumée compact;Bien-être;1;28,74;
T26490;14/04/2025;19:25;Sécateur compact;Jardin;2;22,56;45,12
T26490;14/04/2025;19:25;Affiche design;Décoration;1;28,74;28,74
T26495;14/04/2025;20:21;Bol design;Cuisine;1;55,52;55,52
T26495;14/04/2025;20:21;Transat nordique;Jardin;1;12,26;12,26
T26495;14/04/2025;20:21;Bougie nordique;Décoration;1;29,77;29,77
T26499;14/04/2025;21:27;Vase mat;Décoration;2;29,77;59,54
T26499;14/04/2025;21:27;Casserole nordique;Cuisine;1;44,19;44,19
T26499;14/04/2025;21:27;Poêle mat;Cuisine;1;40,07;40,07
T26466;14/04/2025;21:35;Cadre design;Décoration;1;24,62;24,62
T26466;14/04/2025;21:35;Théière rustique;Cuisine;1;52,43;52,43
T26466;14/04/2025;21:35;Étagère compact;Maison;1;34,92;
T26526;15/04/2025;09:10;Bac compact;Jardin;1;68,91;68,91
T26526;15/04/2025;09:10;Masque mat;Bien-être;1;12,26;12,26
T26524;15/04/2025;09:47;Horloge nordique;Décoration;2;99,81;189,64
N° ticket;Date;Heure;Article;Catégorie;Qté;Prix unitaire;Montant
T26503;15/04/2025;10:49;Vase mat;Décoration;1;29,77;28,28
T26503;15/04/2025;10:49;Pot mat;Jardin;3;79,21;225,75
T26503;15/04/2025;10:49;Stylo design;Papeterie;1;5,05;4,80
T26501;15/04/2025;11:04;Set de table rustique;Cuisine;1;51,40;51,40
T26501;15/04/2025;11:04;Autocollants rustique;Papeterie;1;14,32;14,32
T26501;15/04/2025;11:04;Encens compact;Bien-être;2;32,86;65,72
T26501;15/04/2025;11:04;Jardinière design;Jardin;1;76,12;76,12
T26500;15/04/2025;13:48;Agenda compact;Papeterie;1;10,20;9,69
T26517;15/04/2025;15:18;Plaid nordique;Maison;1;22,56;22,56
T26517;15/04/2025;15:18;Coussin mat;Maison;1;24,62;24,62
T26517;15/04/2025;15:18;Cahier nordique;Papeterie;1;11,23;11,23
T26517;15/04/2025;15:18;Étagère compact;Maison;2;34,92;69,84
T26518;15/04/2025;15:49;Plaid nordique;Maison;2;22,56;45,12
T26518;15/04/2025;15:49;Poêle mat;Cuisine;1;39,04;39,04
T26518;15/04/2025;15:49;Bac compact;Jardin;1;63,76;63,76
T26509;15/04/2025;16:07;SÉCATEUR COMPACT;Jardin;1;22,56;22,56
T26525;15/04/2025;16:20;Savon nordique;Bien-être;1;19,47;19,47
T26525;15/04/2025;16:20;Savon nordique;Bien-être;1;19,47;19,47
T26525;15/04/2025;16:20;Stylo design;Papeterie;1;4,02;4,02
T26513;15/04/2025;17:22;Parasol rustique;Jardin;1;11,23;11,23
T26513;15/04/2025;17:22;Bol design;Cuisine;1;39,04;39,04
T26505;15/04/2025;19:57;Tablier compact;Cuisine;1;44,19;44,19
T26505;15/04/2025;19:57;Guirlande compact;Décoration;1;22,56;22,56
T26502;15/04/2025;20:04;Savon nordique;Bien-être;1;19,47;19,47
T26502;15/04/2025;20:04;Théière rustique;Cuisine;1;52,43;52,43
T26502;15/04/2025;20:04;Gommage rustique;Bien-être;1;17,41;17,41
T26502;15/04/2025;20:04;Encens compact;Bien-être;1;32,86;32,86
T26502;15/04/2025;20:04;Couteau nordique;Cuisine;1;10,20;10,20
T26528;15/04/2025;20:28;Tapis nordique;Maison;1;68,91;68,91
T26528;15/04/2025;20:28;Planche compact;Cuisine;2;40,07;80,14
T26528;15/04/2025;20:28;Horloge nordique;Décoration;2;33,89;67,78
T26515;15/04/2025;20:43;Moule mat;Cuisine;1;17,41;16,54
T26515;15/04/2025;20:43;HORLOGE NORDIQUE;Décoration;1;33,89;32,20
T26537;16/04/2025;12:10;Poêle mat;Cuisine;1;40,07;40,07
T26537;16/04/2025;12:10;Marque-page nordique;Papeterie;1;9,17;9,17
T26551;16/04/2025;12:14;Vase mat;Décoration;1;29,77;29,77
T26551;16/04/2025;12:14;Couteau nordique;Cuisine;1;10,20;10,20
T26551;16/04/2025;12:14;Carnet mat;Papeterie;1;2,99;2,99
T26551;16/04/2025;12:14;Vase mat;Décoration;1;29,77;29,77
T26549;16/04/2025;12:19;Étagère compact;Maison;1;34,92;34,92
T26549;16/04/2025;12:19;Tablier compact;Cuisine;1;30,80;30,80
T26543;16/04/2025;13:38;Transat nordique;Jardin;2;12,26;24,52
T26543;16/04/2025;13:38;Jardinière design;Jardin;1;76,12;
T26543;16/04/2025;13:38;Horloge nordique;Décoration;3;33,89;101,67
T26557;16/04/2025;14:13;Panier mat;Maison;1;38,01;38,01
T26557;16/04/2025;14:13;Calendrier design;Papeterie;1;21,53;21,53
T26557;16/04/2025;14:13;Classeur rustique;Papeterie;1;7,11;7,11
T26557;16/04/2025;14:13;Cintre compact;Maison;1;57,58;57,58
T26530;16/04/2025;14:20;Guirlande compact;Décoration;1;22,56;22,56
T26530;16/04/2025;14:20;Tapis nordique;Maison;1;64,79;64,79
T26532;16/04/2025;14:20;Bougie nordique;Décoration;1;29,77;29,77
T26532;16/04/2025;14:20;Gants design;Jardin;1;21,53;21,53
T26532;16/04/2025;14:20;Affiche design;Décoration;1;28,74;28,74
T26540;16/04/2025;14:22;Carafe design;Cuisine;1;13,29;13,29
T26540;16/04/2025;14:22;Vase mat;Décoration;1;29,77;29,77
T26558;16/04/2025;15:06;Cintre compact;Maison;1;66,85;66,85
T26558;16/04/2025;15:06;Arrosoir nordique;Jardin;1;16,38;16,38
T26558;16/04/2025;15:06;Cahier nordique;Papeterie;1;11,23;11,23
T26542;16/04/2025;15:52;Rideau design;Maison;1;32,86;32,86
T26552;16/04/2025;16:56;Hamac rustique;Jardin;3;22,56;60,91
N° ticket;Date;Heure;Article;Catégorie;Qté;Prix unitaire;Montant
T26552;16/04/2025;16:56;Théière rustique;Cuisine;1;52,43;47,19
T26552;16/04/2025;16:56;Tisane nordique;Bien-être;1;70,97;63,87
T26552;16/04/2025;16:56;Pot mat;Jardin;1;79,21;71,29
T26552;16/04/2025;16:56;Panier mat;Maison;1;108,05;97,24
T26550;16/04/2025;19:24;Boîte rustique;Maison;1;52,43;52,43
T26539;16/04/2025;19:25;Parasol rustique;Jardin;1;11,23;11,23
T26539;16/04/2025;19:25;Parasol rustique;Jardin;1;11,23;11,23
T26539;16/04/2025;19:25;Jardinière design;Jardin;1;76,12;
T26565;16/04/2025;20:09;Bougie nordique;Décoration;1;29,77;29,77
T26565;16/04/2025;20:09;Couteau nordique;Cuisine;1;44,19;44,19
T26565;16/04/2025;20:09;Coussin mat;Maison;1;24,62;24,62
T26565;16/04/2025;20:09;Huile mat;Bien-être;1;26,68;26,68
T26565;16/04/2025;20:09;Rideau design;Maison;1;32,86;32,86
T26565;16/04/2025;20:09;Tapis nordique;Maison;2;68,91;137,82
T26531;16/04/2025;20:55;Bac compact;Jardin;1;68,91;68,91
T26531;16/04/2025;20:55;Bac compact;Jardin;1;68,91;68,91
T26541;16/04/2025;21:06;Pochette compact;Papeterie;1;8,14;8,14
T26541;16/04/2025;21:06;Étagère compact;Maison;1;34,92;34,92
T26538;16/04/2025;21:08;Carafe design;Cuisine;1;35,95;35,95
T26538;16/04/2025;21:08;Bougie parfumée compact;Bien-être;2;58,61;117,22
T26538;16/04/2025;21:08;Étagère compact;Maison;1;109,08;109,08
T26547;16/04/2025;21:20;Coussin mat;Maison;3;52,43;157,29
T26574;17/04/2025;08:13;Marque-page nordique;Papeterie;2;18,44;36,88
T26574;17/04/2025;08:13;Rideau design;Maison;1;50,37;50,37
T26580;17/04/2025;08:15;Encens compact;Bien-être;1;19,47;19,47
T26580;17/04/2025;08:15;Pochette compact;Papeterie;1;8,14;8,14
T26580;17/04/2025;08:15;Huile mat;Bien-être;1;26,68;26,68
T26580;17/04/2025;08:15;Rideau design;Maison;1;32,86;32,86
T26580;17/04/2025;08:15;Planche compact;Cuisine;1;40,07;40,07
T26603;17/04/2025;10:26;Huile mat;Bien-être;1;20,50;20,50
T26590;17/04/2025;12:06;Brume rustique;Bien-être;1;26,68;26,68
T26598;17/04/2025;12:10;Couteau nordique;Cuisine;1;10,20;10,20
T26598;17/04/2025;12:10;Masque mat;Bien-être;1;15,35;15,35
T26587;17/04/2025;12:21;Poêle mat;Cuisine;1;39,04;39,04
T26585;17/04/2025;12:51;Carafe design;Cuisine;1;35,95;35,95
T26585;17/04/2025;12:51;Cadre design;Décoration;1;24,62;24,62
T26585;17/04/2025;12:51;Bol design;Cuisine;2;55,52;111,04
T26585;17/04/2025;12:51;Cahier nordique;Papeterie;1;11,23;11,23
T26589;17/04/2025;14:08;Statuette rustique;Décoration;4;66,85;267,40
T26572;17/04/2025;14:24;Casserole nordique;Cuisine;1;59,64;59,64
T26594;17/04/2025;14:55;Couteau nordique;Cuisine;1;44,19;44,19
T26594;17/04/2025;14:55;Calendrier design;Papeterie;1;21,53;21,53
T26579;17/04/2025;15:40;Coussin mat;Maison;2;52,43;104,86
T26579;17/04/2025;15:40;Coussin mat;Maison;1;24,62;24,62
T26579;17/04/2025;15:40;Théière rustique;Cuisine;1;52,43;52,43
T26601;17/04/2025;16:09;Bol design;Cuisine;1;55,52;55,52
T26601;17/04/2025;16:09;Diffuseur design;Bien-être;2;29,77;59,54
T26601;17/04/2025;16:09;Diffuseur design;Bien-être;1;10,20;10,20
T26569;17/04/2025;16:53;Plaid nordique;Maison;1;13,29;12,63
T26569;17/04/2025;16:53;Statuette rustique;Décoration;1;65,82;62,53
T26600;17/04/2025;17:26;Sécateur compact;Jardin;2;39,04;78,08
T26600;17/04/2025;17:26;Bougie nordique;Décoration;1;29,77;29,77
T26571;17/04/2025;17:53;Cintre compact;Maison;1;57,58;
T26571;17/04/2025;17:53;Cadre design;Décoration;1;24,62;24,62
T26571;17/04/2025;17:53;Lanterne mat;Jardin;2;121,44;242,88
T26571;17/04/2025;17:53;Marque-page nordique;Papeterie;1;9,17;9,17
T26596;17/04/2025;18:58;Poêle mat;Cuisine;1;40,07;40,07
T26596;17/04/2025;18:58;Tisane nordique;Bien-être;1;70,97;70,97
T26596;17/04/2025;18:58;Étagère compact;Maison;2;34,92;69,84
T26597;17/04/2025;21:15;Cahier nordique;Papeterie;1;21,53;21,53
N° ticket;Date;Heure;Article;Catégorie;Qté;Prix unitaire;Montant
T26645;18/04/2025;09:00;Cintre compact;Maison;1;57,58;57,58
T26618;18/04/2025;12:59;Planche compact;Cuisine;1;40,07;40,07
T26618;18/04/2025;12:59;Diffuseur design;Bien-être;1;29,77;
T26618;18/04/2025;12:59;Hamac rustique;Jardin;1;22,56;22,56
T26618;18/04/2025;12:59;Carnet mat;Papeterie;1;2,99;2,99
T26622;18/04/2025;13:24;Coussin mat;Maison;1;52,43;52,43
T26622;18/04/2025;13:24;Bougie nordique;Décoration;1;29,77;29,77
T26622;18/04/2025;13:24;Bougie nordique;Décoration;1;29,77;29,77
T26648;18/04/2025;14:10;Set de table rustique;Cuisine;1;51,40;51,40
T26648;18/04/2025;14:10;Bougie nordique;Décoration;1;29,77;29,77
T26614;18/04/2025;15:01;Jardinière design;Jardin;1;76,12;76,12
T26624;18/04/2025;16:04;Gommage rustique;Bien-être;2;17,41;31,34
T26624;18/04/2025;16:04;Casserole nordique;Cuisine;1;44,19;
T26624;18/04/2025;16:04;Statuette rustique;Décoration;1;66,85;60,16
T26624;18/04/2025;16:04;Panier mat;Maison;1;108,05;97,24
T26635;18/04/2025;16:22;Poêle mat;Cuisine;1;39,04;39,04
T26635;18/04/2025;16:22;Marque-page nordique;Papeterie;2;18,44;36,88
T26635;18/04/2025;16:22;Tablier compact;Cuisine;1;30,80;30,80
T26635;18/04/2025;16:22;Poêle mat;Cuisine;1;40,07;40,07
T26617;18/04/2025;16:56;Tapis nordique;Maison;1;64,79;64,79
T26644;18/04/2025;16:56;Théière rustique;Cuisine;1;52,43;52,43
T26642;18/04/2025;17:02;Plaid nordique;Maison;1;13,29;13,29
T26604;18/04/2025;18:33;Lampe design;Maison;1;20,50;20,50
T26604;18/04/2025;18:33;Miroir rustique;Maison;1;26,68;26,68
T26604;18/04/2025;18:33;Vase mat;Décoration;2;29,77;59,54
T26628;18/04/2025;18:39;Planche compact;Cuisine;1;40,07;40,07
T26628;18/04/2025;18:39;Moule mat;Cuisine;1;16,38;16,38
T26628;18/04/2025;18:39;Marque-page nordique;Papeterie;1;9,17;9,17
T26627;18/04/2025;19:32;Carnet mat;Papeterie;1;2,99;2,99
T26627;18/04/2025;19:32;Photophore mat;Décoration;1;34,92;34,92
T26608;18/04/2025;19:34;Théière rustique;Cuisine;1;52,43;52,43
T26608;18/04/2025;19:34;Encens compact;Bien-être;1;32,86;32,86
T26608;18/04/2025;19:34;THÉIÈRE RUSTIQUE;Cuisine;1;52,43;52,43
T26608;18/04/2025;19:34;Autocollants rustique;Papeterie;3;14,32;42,96
T26631;18/04/2025;20:03;Jardinière design;Jardin;1;76,12;76,12
T26641;18/04/2025;20:34;Bougie nordique;Décoration;1;29,77;29,77
T26641;18/04/2025;20:34;Arrosoir nordique;Jardin;1;16,38;16,38
T26641;18/04/2025;20:34;Bougeoir rustique;Décoration;1;73,03;73,03
T26625;18/04/2025;21:32;Cadre design;Décoration;1;20,50;20,50
T26625;18/04/2025;21:32;Miroir rustique;Maison;1;26,68;26,68
T26634;18/04/2025;21:35;Sécateur compact;Jardin;1;22,56;22,56
T26634;18/04/2025;21:35;Tisane nordique;Bien-être;1;70,97;70,97
T26616;18/04/2025;21:40;Théière rustique;Cuisine;1;52,43;52,43
T26695;19/04/2025;10:11;Tisane nordique;Bien-être;1;70,97;70,97
T26695;19/04/2025;10:11;Stylo design;Papeterie;1;4,02;4,02
T26695;19/04/2025;10:11;Théière rustique;Cuisine;1;52,43;52,43
T26650;19/04/2025;11:26;Suspension compact;Décoration;1;30,80;30,80
T26650;19/04/2025;11:26;Casserole nordique;Cuisine;1;59,64;
T26656;19/04/2025;11:57;Miroir rustique;Maison;1;26,68;26,68
T26656;19/04/2025;11:57;Casserole nordique;Cuisine;2;44,19;88,38
T26656;19/04/2025;11:57;Lanterne mat;Jardin;1;121,44;121,44
T26656;19/04/2025;11:57;Planche compact;Cuisine;1;40,07;40,07
T26649;19/04/2025;12:20;Tisane nordique;Bien-être;1;45,22;45,22
T26649;19/04/2025;12:20;Classeur rustique;Papeterie;1;18,44;18,44
T26649;19/04/2025;12:20;Vase mat;Décoration;1;50,37;50,37
T26649;19/04/2025;12:20;Encens compact;Bien-être;1;32,86;32,86
T26649;19/04/2025;12:20;Photophore mat;Décoration;1;17,41;17,41
T26677;19/04/2025;13:41;Horloge nordique;Décoration;1;33,89;33,89
T26677;19/04/2025;13:41;Miroir rustique;Maison;1;26,68;26,68
T26677;19/04/2025;13:41;Photophore mat;Décoration;1;17,41;17,41
N° ticket;Date;Heure;Article;Catégorie;Qté;Prix unitaire;Montant
T26677;19/04/2025;13:41;Cahier nordique;Papeterie;1;11,23;11,23
T26674;19/04/2025;13:47;Carnet mat;Papeterie;2;2,99;5,98
T26660;19/04/2025;14:19;Hamac rustique;Jardin;1;74,06;70,36
T26660;19/04/2025;14:19;Marque-page nordique;Papeterie;3;18,44;52,55
T26664;19/04/2025;14:44;BRUME RUSTIQUE;Bien-être;1;26,68;26,68
T26664;19/04/2025;14:44;Théière rustique;Cuisine;1;52,43;52,43
T26654;19/04/2025;14:58;Savon nordique;Bien-être;1;19,47;19,47
T26654;19/04/2025;14:58;Poêle mat;Cuisine;1;39,04;39,04
T26654;19/04/2025;14:58;Couteau nordique;Cuisine;1;44,19;44,19
T26653;19/04/2025;15:46;Statuette rustique;Décoration;1;66,85;66,85
T26653;19/04/2025;15:46;Suspension compact;Décoration;1;30,80;30,80
T26653;19/04/2025;15:46;Cahier nordique;Papeterie;2;21,53;43,06
T26692;19/04/2025;15:46;Statuette rustique;Décoration;1;66,85;66,85
T26692;19/04/2025;15:46;Sécateur compact;Jardin;1;22,56;22,56
T26692;19/04/2025;15:46;Agenda compact;Papeterie;2;10,20;20,40
T26669;19/04/2025;16:09;Peignoir design;Bien-être;1;46,25;46,25
T26669;19/04/2025;16:09;Encens compact;Bien-être;1;32,86;32,86
T26694;19/04/2025;16:11;Gommage rustique;Bien-être;1;17,41;17,41
T26694;19/04/2025;16:11;Tapis nordique;Maison;4;68,91;275,64
T26686;19/04/2025;16:32;RIDEAU DESIGN;Maison;2;50,37;100,74
T26686;19/04/2025;16:32;Gommage rustique;Bien-être;1;17,41;17,41
T26686;19/04/2025;16:32;Poêle mat;Cuisine;1;40,07;40,07
T26689;19/04/2025;16:50;Guirlande compact;Décoration;1;22,56;22,56
T26689;19/04/2025;16:50;Carnet mat;Papeterie;1;2,99;2,99
T26689;19/04/2025;16:50;Pot mat;Jardin;1;12,26;12,26
T26682;19/04/2025;17:33;Huile mat;Bien-être;1;20,50;20,50
T26666;19/04/2025;17:38;Brume rustique;Bien-être;1;26,68;
T26666;19/04/2025;17:38;Casserole nordique;Cuisine;1;44,19;44,19
T26666;19/04/2025;17:38;Couteau nordique;Cuisine;1;44,19;44,19
T26675;19/04/2025;18:18;Statuette rustique;Décoration;1;65,82;65,82
T26675;19/04/2025;18:18;Carnet mat;Papeterie;1;2,99;2,99
T26675;19/04/2025;18:18;Poêle mat;Cuisine;1;40,07;40,07
T26665;19/04/2025;18:28;Horloge nordique;Décoration;1;99,81;99,81
T26684;19/04/2025;18:46;Suspension compact;Décoration;1;30,80;30,80
T26684;19/04/2025;18:46;Affiche design;Décoration;1;28,74;28,74
T26651;19/04/2025;19:01;Arrosoir nordique;Jardin;1;16,38;16,38
T26651;19/04/2025;19:01;Cadre design;Décoration;1;24,62;24,62
T26651;19/04/2025;19:01;Couteau nordique;Cuisine;2;44,19;88,38
T26651;19/04/2025;19:01;Bougie nordique;Décoration;1;29,77;29,77
T26676;19/04/2025;19:06;Photophore mat;Décoration;3;34,92;104,76
T26676;19/04/2025;19:06;Gommage rustique;Bien-être;1;51,40;51,40
T26676;19/04/2025;19:06;Vase mat;Décoration;2;29,77;59,54
T26683;19/04/2025;19:19;Étagère compact;Maison;1;109,08;109,08
T26673;19/04/2025;20:27;Gants design;Jardin;1;21,53;21,53
T26673;19/04/2025;20:27;Poêle mat;Cuisine;1;40,07;40,07
T26673;19/04/2025;20:27;Lampe design;Maison;1;20,50;20,50
T26670;19/04/2025;21:40;Cadre design;Décoration;1;20,50;20,50
T26670;19/04/2025;21:40;Stylo design;Papeterie;1;5,05;5,05
T26670;19/04/2025;21:40;Transat nordique;Jardin;1;12,26;12,26
T26709;20/04/2025;12:50;Autocollants rustique;Papeterie;1;14,32;14,32
T26709;20/04/2025;12:50;Bol design;Cuisine;1;55,52;55,52
T26709;20/04/2025;12:50;Classeur rustique;Papeterie;1;18,44;18,44
T26709;20/04/2025;12:50;Horloge nordique;Décoration;1;33,89;33,89
T26712;20/04/2025;13:48;Jardinière design;Jardin;1;51,40;51,40
T26712;20/04/2025;13:48;Carnet mat;Papeterie;1;2,99;2,99
T26716;20/04/2025;14:07;Cahier nordique;Papeterie;2;11,23;22,46
T26721;20/04/2025;15:44;Guirlande compact;Décoration;1;22,56;
T26721;20/04/2025;15:44;MOULE MAT;Cuisine;1;16,38;16,38
T26697;20/04/2025;16:06;Poêle mat;Cuisine;1;39,04;39,04
T26697;20/04/2025;16:06;Vase mat;Décoration;1;29,77;29,77
N° ticket;Date;Heure;Article;Catégorie;Qté;Prix unitaire;Montant
T26696;20/04/2025;16:45;Cadre design;Décoration;1;24,62;
T26696;20/04/2025;16:45;Gants design;Jardin;1;21,53;21,53
T26696;20/04/2025;16:45;Pochette compact;Papeterie;2;8,14;16,28
T26696;20/04/2025;16:45;Savon nordique;Bien-être;1;19,47;19,47
T26696;20/04/2025;16:45;Transat nordique;Jardin;1;12,26;12,26
T26719;20/04/2025;16:59;Sécateur compact;Jardin;1;22,56;22,56
T26719;20/04/2025;16:59;Poêle mat;Cuisine;1;39,04;39,04
T26699;20/04/2025;17:02;Guirlande compact;Décoration;1;56,55;56,55
T26699;20/04/2025;17:02;Guirlande compact;Décoration;1;22,56;22,56
T26722;20/04/2025;17:37;Peignoir design;Bien-être;1;12,26;12,26
T26722;20/04/2025;17:37;Étagère compact;Maison;1;34,92;34,92
T26702;20/04/2025;17:43;Affiche design;Décoration;1;28,74;28,74
T26706;20/04/2025;18:32;Transat nordique;Jardin;1;157,49;157,49
T26706;20/04/2025;18:32;Cadre design;Décoration;1;24,62;24,62
T26717;20/04/2025;19:17;Classeur rustique;Papeterie;1;18,44;18,44
T26717;20/04/2025;19:17;Théière rustique;Cuisine;1;12,26;12,26
T26717;20/04/2025;19:17;Photophore mat;Décoration;1;34,92;34,92
T26717;20/04/2025;19:17;Agenda compact;Papeterie;1;10,20;10,20
T26717;20/04/2025;19:17;Casserole nordique;Cuisine;1;44,19;44,19
T26714;20/04/2025;20:14;Poêle mat;Cuisine;1;39,04;39,04
T26746;21/04/2025;10:20;Stylo design;Papeterie;1;5,05;4,80
T26746;21/04/2025;10:20;Cintre compact;Maison;1;57,58;54,70
T26746;21/04/2025;10:20;Hamac rustique;Jardin;1;74,06;70,36
T26723;21/04/2025;11:00;Théière rustique;Cuisine;1;52,43;52,43
T26740;21/04/2025;11:15;Cahier nordique;Papeterie;1;21,53;21,53
T26740;21/04/2025;11:15;Parasol rustique;Jardin;1;24,62;24,62
T26729;21/04/2025;12:03;CLASSEUR RUSTIQUE;Papeterie;1;18,44;18,44
T26745;21/04/2025;14:20;Rideau design;Maison;1;32,86;32,86
T26745;21/04/2025;14:20;CASSEROLE NORDIQUE;Cuisine;1;44,19;44,19
T26730;21/04/2025;14:39;Huile mat;Bien-être;1;20,50;20,50
T26730;21/04/2025;14:39;Gants design;Jardin;3;21,53;64,59
T26728;21/04/2025;16:26;Panier mat;Maison;1;108,05;108,05
T26727;21/04/2025;17:37;CASSEROLE NORDIQUE;Cuisine;1;44,19;41,98
T26727;21/04/2025;17:37;Plaid nordique;Maison;1;22,56;21,43
T26727;21/04/2025;17:37;Cahier nordique;Papeterie;1;11,23;10,67
T26733;21/04/2025;17:41;Coussin mat;Maison;1;52,43;52,43
T26733;21/04/2025;17:41;Suspension compact;Décoration;1;12,26;12,26
T26733;21/04/2025;17:41;Encens compact;Bien-être;1;32,86;32,86
T26754;21/04/2025;17:46;Encens compact;Bien-être;1;32,86;32,86
T26754;21/04/2025;17:46;Tapis nordique;Maison;1;64,79;
T26736;21/04/2025;17:58;Étagère compact;Maison;1;109,08;109,08
T26736;21/04/2025;17:58;Vase mat;Décoration;2;29,77;59,54
T26726;21/04/2025;20:20;Masque mat;Bien-être;1;15,35;15,35
T26726;21/04/2025;20:20;Bougie nordique;Décoration;2;29,77;59,54
T26726;21/04/2025;20:20;Rideau design;Maison;1;32,86;32,86
T26726;21/04/2025;20:20;Poêle mat;Cuisine;1;40,07;40,07
T26742;21/04/2025;21:01;Hamac rustique;Jardin;1;74,06;74,06
T26742;21/04/2025;21:01;Vase mat;Décoration;1;29,77;29,77
T26734;21/04/2025;21:49;Couteau nordique;Cuisine;1;10,20;10,20
T26734;21/04/2025;21:49;Étagère compact;Maison;1;34,92;34,92
T26765;22/04/2025;10:23;Bougie nordique;Décoration;3;29,77;89,31
T26768;22/04/2025;14:42;Arrosoir nordique;Jardin;1;16,38;16,38
T26762;22/04/2025;15:23;Étagère compact;Maison;1;34,92;34,92
T26762;22/04/2025;15:23;Pochette compact;Papeterie;1;5,05;5,05
T26772;22/04/2025;16:16;Suspension compact;Décoration;3;30,80;92,40
T26769;22/04/2025;16:53;Miroir rustique;Maison;1;26,68;26,68
T26769;22/04/2025;16:53;Couteau nordique;Cuisine;1;10,20;10,20
T26770;22/04/2025;19:23;Bougeoir rustique;Décoration;1;31,83;31,83
T26770;22/04/2025;19:23;Masque mat;Bien-être;3;15,35;46,05
T26770;22/04/2025;19:23;Casserole nordique;Cuisine;1;59,64;59,64
N° ticket;Date;Heure;Article;Catégorie;Qté;Prix unitaire;Montant
T26757;22/04/2025;21:32;Pochette compact;Papeterie;1;8,14;7,73
T26757;22/04/2025;21:32;Huile mat;Bien-être;2;20,50;
T26757;22/04/2025;21:32;Photophore mat;Décoration;1;34,92;33,17
T26757;22/04/2025;21:32;Bol design;Cuisine;1;55,52;52,74
T26804;23/04/2025;12:06;Horloge nordique;Décoration;1;99,81;99,81
T26804;23/04/2025;12:06;Transat nordique;Jardin;1;157,49;157,49
T26783;23/04/2025;13:05;Rideau design;Maison;1;32,86;32,86
T26783;23/04/2025;13:05;Planche compact;Cuisine;1;40,07;40,07
T26783;23/04/2025;13:05;Stylo design;Papeterie;1;4,02;4,02
T26783;23/04/2025;13:05;AFFICHE DESIGN;Décoration;1;28,74;28,74
T26789;23/04/2025;13:13;Vase mat;Décoration;1;29,77;29,77
T26789;23/04/2025;13:13;Arrosoir nordique;Jardin;2;16,38;32,76
T26796;23/04/2025;13:29;Cadre design;Décoration;1;24,62;24,62
T26788;23/04/2025;13:38;Lampe design;Maison;1;20,50;19,47
T26802;23/04/2025;15:46;Savon nordique;Bien-être;1;19,47;19,47
T26786;23/04/2025;16:12;Planche compact;Cuisine;1;40,07;40,07
T26786;23/04/2025;16:12;Bougeoir rustique;Décoration;1;31,83;31,83
T26801;23/04/2025;16:25;Gommage rustique;Bien-être;1;17,41;17,41
T26801;23/04/2025;16:25;Gommage rustique;Bien-être;1;17,41;17,41
T26784;23/04/2025;19:34;BRUME RUSTIQUE;Bien-être;3;12,26;36,78
T26784;23/04/2025;19:34;Casserole nordique;Cuisine;1;59,64;59,64
T26784;23/04/2025;19:34;AFFICHE DESIGN;Décoration;1;28,74;28,74
T26785;23/04/2025;19:54;Jardinière design;Jardin;1;51,40;51,40
T26785;23/04/2025;19:54;Coussin mat;Maison;1;52,43;52,43
T26816;24/04/2025;08:39;Tablier compact;Cuisine;1;44,19;44,19
T26816;24/04/2025;08:39;Tablier compact;Cuisine;1;44,19;44,19
T26829;24/04/2025;12:14;Cahier nordique;Papeterie;1;11,23;11,23
T26829;24/04/2025;12:14;Casserole nordique;Cuisine;1;44,19;44,19
T26815;24/04/2025;12:45;Calendrier design;Papeterie;1;21,53;21,53
T26815;24/04/2025;12:45;Vase mat;Décoration;1;50,37;50,37
T26814;24/04/2025;13:44;Casserole nordique;Cuisine;2;44,19;88,38
T26810;24/04/2025;14:24;Carnet mat;Papeterie;1;2,99;2,99
T26810;24/04/2025;14:24;Bol design;Cuisine;1;39,04;39,04
T26810;24/04/2025;14:24;Lampe design;Maison;1;20,50;20,50
T26812;24/04/2025;14:28;Jardinière design;Jardin;1;76,12;76,12
T26812;24/04/2025;14:28;Lampe design;Maison;1;20,50;20,50
T26812;24/04/2025;14:28;Poêle mat;Cuisine;1;39,04;39,04
T26828;24/04/2025;14:46;Classeur rustique;Papeterie;1;18,44;17,52
T26828;24/04/2025;14:46;Horloge nordique;Décoration;2;33,89;64,39
T26828;24/04/2025;14:46;Coussin mat;Maison;1;52,43;49,81
T26822;24/04/2025;15:10;Statuette rustique;Décoration;2;66,85;133,70
T26822;24/04/2025;15:10;Bougie nordique;Décoration;1;29,77;29,77
T26822;24/04/2025;15:10;Statuette rustique;Décoration;1;66,85;66,85
T26831;24/04/2025;15:12;Lanterne mat;Jardin;2;121,44;242,88
T26831;24/04/2025;15:12;Autocollants rustique;Papeterie;1;19,47;19,47
T26819;24/04/2025;15:28;Trousse mat;Papeterie;1;2,99;2,99
T26807;24/04/2025;15:37;Stylo design;Papeterie;1;4,02;4,02
T26825;24/04/2025;16:25;Stylo design;Papeterie;1;4,02;4,02
T26830;24/04/2025;18:58;Cahier nordique;Papeterie;1;21,53;21,53
T26841;25/04/2025;12:44;GUIRLANDE COMPACT;Décoration;1;22,56;22,56
T26841;25/04/2025;12:44;Plaid nordique;Maison;1;13,29;13,29
T26855;25/04/2025;13:12;Planche compact;Cuisine;1;40,07;40,07
T26855;25/04/2025;13:12;Cadre design;Décoration;1;24,62;24,62
T26855;25/04/2025;13:12;Cadre design;Décoration;1;24,62;
T26845;25/04/2025;13:18;Carnet mat;Papeterie;1;2,99;2,99
T26842;25/04/2025;13:54;Photophore mat;Décoration;1;34,92;34,92
T26842;25/04/2025;13:54;Lampe design;Maison;1;20,50;20,50
T26832;25/04/2025;13:59;Tablier compact;Cuisine;1;44,19;44,19
T26832;25/04/2025;13:59;Guirlande compact;Décoration;1;22,56;
T26848;25/04/2025;14:01;Carafe design;Cuisine;1;35,95;35,95
N° ticket;Date;Heure;Article;Catégorie;Qté;Prix unitaire;Montant
T26837;25/04/2025;15:43;Gommage rustique;Bien-être;2;17,41;34,82
T26837;25/04/2025;15:43;Diffuseur design;Bien-être;1;10,20;10,20
T26837;25/04/2025;15:43;Encens compact;Bien-être;3;19,47;58,41
T26854;25/04/2025;15:50;Lanterne mat;Jardin;1;121,44;121,44
T26854;25/04/2025;15:50;Affiche design;Décoration;2;28,74;57,48
T26858;25/04/2025;16:16;Bac compact;Jardin;3;63,76;191,28
T26865;25/04/2025;16:16;Théière rustique;Cuisine;1;52,43;52,43
T26865;25/04/2025;16:16;Guirlande compact;Décoration;1;22,56;22,56
T26865;25/04/2025;16:16;Étagère compact;Maison;2;34,92;69,84
T26865;25/04/2025;16:16;Cahier nordique;Papeterie;1;21,53;21,53
T26847;25/04/2025;17:04;Étagère compact;Maison;1;34,92;34,92
T26849;25/04/2025;17:54;Carnet mat;Papeterie;1;2,99;2,99
T26849;25/04/2025;17:54;Autocollants rustique;Papeterie;1;19,47;
T26849;25/04/2025;17:54;Statuette rustique;Décoration;1;66,85;66,85
T26861;25/04/2025;18:43;Savon nordique;Bien-être;1;19,47;19,47
T26861;25/04/2025;18:43;BOUGEOIR RUSTIQUE;Décoration;1;73,03;73,03
T26834;25/04/2025;19:25;Marque-page nordique;Papeterie;2;9,17;18,34
T26834;25/04/2025;19:25;Tisane nordique;Bien-être;2;70,97;141,94
T26834;25/04/2025;19:25;Carafe design;Cuisine;1;35,95;35,95
T26840;25/04/2025;19:40;Jardinière design;Jardin;1;76,12;76,12
T26840;25/04/2025;19:40;Gommage rustique;Bien-être;3;51,40;154,20
T26859;25/04/2025;20:41;Stylo design;Papeterie;1;5,05;5,05
T26859;25/04/2025;20:41;Carnet mat;Papeterie;1;2,99;2,99
T26859;25/04/2025;20:41;Bougie nordique;Décoration;1;29,77;29,77
T26859;25/04/2025;20:41;Calendrier design;Papeterie;1;7,11;7,11
T26860;25/04/2025;21:45;Jardinière design;Jardin;1;76,12;76,12
T26871;26/04/2025;08:59;Gommage rustique;Bien-être;1;17,41;17,41
T26871;26/04/2025;08:59;Plaid nordique;Maison;1;13,29;13,29
T26897;26/04/2025;12:05;Pot mat;Jardin;1;12,26;12,26
T26897;26/04/2025;12:05;Coussin mat;Maison;2;52,43;104,86
T26902;26/04/2025;12:13;Tablier compact;Cuisine;1;30,80;29,26
T26902;26/04/2025;12:13;Bougeoir rustique;Décoration;1;31,83;30,24
T26902;26/04/2025;12:13;Tapis nordique;Maison;2;68,91;130,93
T26888;26/04/2025;13:00;Trousse mat;Papeterie;1;2,99;2,99
T26888;26/04/2025;13:00;Set de table rustique;Cuisine;2;51,40;102,80
T26888;26/04/2025;13:00;Stylo design;Papeterie;1;4,02;4,02
T26911;26/04/2025;14:01;Gommage rustique;Bien-être;1;51,40;51,40
T26911;26/04/2025;14:01;Lampe design;Maison;1;20,50;20,50
T26869;26/04/2025;14:13;Bougeoir rustique;Décoration;1;31,83;31,83
T26869;26/04/2025;14:13;Affiche design;Décoration;1;28,74;28,74
T26886;26/04/2025;14:15;Parasol rustique;Jardin;1;11,23;11,23
T26878;26/04/2025;14:44;Cadre design;Décoration;1;24,62;24,62
T26893;26/04/2025;14:49;Tablier compact;Cuisine;2;44,19;88,38
T26870;26/04/2025;15:32;Sécateur compact;Jardin;1;39,04;39,04
T26905;26/04/2025;16:01;Jardinière design;Jardin;1;76,12;76,12
T26905;26/04/2025;16:01;Boîte rustique;Maison;1;77,15;77,15
T26905;26/04/2025;16:01;Arrosoir nordique;Jardin;1;16,38;16,38
T26904;26/04/2025;16:06;Lanterne mat;Jardin;2;8,14;16,28
T26904;26/04/2025;16:06;Affiche design;Décoration;1;28,74;28,74
T26904;26/04/2025;16:06;Marque-page nordique;Papeterie;3;9,17;27,51
T26904;26/04/2025;16:06;Statuette rustique;Décoration;1;66,85;66,85
T26904;26/04/2025;16:06;Masque mat;Bien-être;1;15,35;15,35
T26904;26/04/2025;16:06;Brume rustique;Bien-être;1;26,68;26,68
T26879;26/04/2025;16:52;Horloge nordique;Décoration;1;33,89;33,89
T26879;26/04/2025;16:52;Agenda compact;Papeterie;2;10,20;20,40
T26875;26/04/2025;16:57;Tapis nordique;Maison;1;64,79;64,79
T26875;26/04/2025;16:57;Marque-page nordique;Papeterie;1;18,44;18,44
T26906;26/04/2025;16:57;Cintre compact;Maison;1;57,58;57,58
T26874;26/04/2025;17:03;Photophore mat;Décoration;1;17,41;
T26874;26/04/2025;17:03;Stylo design;Papeterie;1;4,02;4,02
N° ticket;Date;Heure;Article;Catégorie;Qté;Prix unitaire;Montant
T26881;26/04/2025;17:09;Affiche design;Décoration;1;28,74;28,74
T26877;26/04/2025;18:00;Carnet mat;Papeterie;1;2,99;2,99
T26884;26/04/2025;18:42;Encens compact;Bien-être;1;32,86;31,22
T26890;26/04/2025;18:46;Pot mat;Jardin;1;12,26;12,26
T26890;26/04/2025;18:46;Casserole nordique;Cuisine;1;44,19;44,19
T26872;26/04/2025;19:12;Suspension compact;Décoration;1;30,80;30,80
T26891;26/04/2025;19:28;Bougie nordique;Décoration;4;29,77;119,08
T26891;26/04/2025;19:28;Brume rustique;Bien-être;1;26,68;26,68
T26891;26/04/2025;19:28;Moule mat;Cuisine;1;16,38;16,38
T26891;26/04/2025;19:28;Lampe design;Maison;1;20,50;20,50
T26891;26/04/2025;19:28;Marque-page nordique;Papeterie;1;9,17;9,17
T26896;26/04/2025;20:28;Coussin mat;Maison;1;24,62;24,62
T26896;26/04/2025;20:28;Marque-page nordique;Papeterie;1;18,44;18,44
T26903;26/04/2025;21:12;Lampe design;Maison;1;130,71;130,71
T26903;26/04/2025;21:12;Panier mat;Maison;3;108,05;324,15
T26903;26/04/2025;21:12;Brume rustique;Bien-être;1;26,68;26,68
T26903;26/04/2025;21:12;Peignoir design;Bien-être;1;12,26;12,26
T26916;27/04/2025;09:19;Lampe design;Maison;1;20,50;20,50
T26916;27/04/2025;09:19;Plaid nordique;Maison;1;22,56;22,56
T26916;27/04/2025;09:19;Transat nordique;Jardin;1;157,49;157,49
T26916;27/04/2025;09:19;Savon nordique;Bien-être;1;10,20;10,20
T26932;27/04/2025;12:01;Coussin mat;Maison;2;52,43;104,86
T26932;27/04/2025;12:01;Photophore mat;Décoration;1;34,92;34,92
T26924;27/04/2025;14:20;Affiche design;Décoration;1;36,98;36,98
T26924;27/04/2025;14:20;Vase mat;Décoration;1;50,37;50,37
T26927;27/04/2025;15:12;Cadre design;Décoration;1;20,50;
T26927;27/04/2025;15:12;Trousse mat;Papeterie;1;22,56;22,56
T26929;27/04/2025;16:41;Lanterne mat;Jardin;4;8,14;32,56
T26929;27/04/2025;16:41;Masque mat;Bien-être;1;12,26;12,26
T26929;27/04/2025;16:41;Gommage rustique;Bien-être;1;51,40;51,40
T26918;27/04/2025;17:23;Transat nordique;Jardin;1;157,49;157,49
T26918;27/04/2025;17:23;Cadre design;Décoration;1;24,62;24,62
T26918;27/04/2025;17:23;Pot mat;Jardin;1;79,21;79,21
T26931;27/04/2025;17:29;Affiche design;Décoration;1;28,74;28,74
T26931;27/04/2025;17:29;Cadre design;Décoration;1;24,62;24,62
T26919;27/04/2025;18:36;Jardinière design;Jardin;4;51,40;205,60
T26919;27/04/2025;18:36;Statuette rustique;Décoration;1;66,85;66,85
T26928;27/04/2025;18:43;Coussin mat;Maison;1;52,43;52,43
T26928;27/04/2025;18:43;Boîte rustique;Maison;1;52,43;52,43
T26928;27/04/2025;18:43;Guirlande compact;Décoration;1;22,56;22,56
T26923;27/04/2025;18:46;Savon nordique;Bien-être;1;10,20;10,20
T26923;27/04/2025;18:46;Statuette rustique;Décoration;1;66,85;66,85
T26941;28/04/2025;08:49;Arrosoir nordique;Jardin;1;16,38;16,38
T26941;28/04/2025;08:49;Guirlande compact;Décoration;1;22,56;22,56
T26941;28/04/2025;08:49;Horloge nordique;Décoration;1;33,89;33,89
T26941;28/04/2025;08:49;CINTRE COMPACT;Maison;1;57,58;57,58
T26956;28/04/2025;14:56;Vase mat;Décoration;1;29,77;29,77
T26956;28/04/2025;14:56;Encens compact;Bien-être;3;19,47;58,41
T26956;28/04/2025;14:56;Cadre design;Décoration;1;24,62;24,62
T26943;28/04/2025;15:59;Classeur rustique;Papeterie;1;18,44;18,44
T26942;28/04/2025;17:07;Carafe design;Cuisine;1;35,95;35,95
T26936;28/04/2025;17:40;Sécateur compact;Jardin;1;22,56;22,56
T26944;28/04/2025;21:13;Casserole nordique;Cuisine;3;44,19;132,57
T26954;28/04/2025;21:28;Agenda compact;Papeterie;1;10,20;10,20
T26954;28/04/2025;21:28;Cadre design;Décoration;2;24,62;49,24
T26969;29/04/2025;08:28;Couteau nordique;Cuisine;1;44,19;44,19
T26969;29/04/2025;08:28;Masque mat;Bien-être;1;15,35;15,35
T26969;29/04/2025;08:28;Trousse mat;Papeterie;1;2,99;2,99
T26969;29/04/2025;08:28;Étagère compact;Maison;1;109,08;109,08
T26975;29/04/2025;09:27;Huile mat;Bien-être;1;20,50;20,50
N° ticket;Date;Heure;Article;Catégorie;Qté;Prix unitaire;Montant
T26975;29/04/2025;09:27;Hamac rustique;Jardin;1;22,56;22,56
T26975;29/04/2025;09:27;Photophore mat;Décoration;1;34,92;34,92
T26975;29/04/2025;09:27;Sécateur compact;Jardin;1;22,56;22,56
T26975;29/04/2025;09:27;Carnet mat;Papeterie;1;2,99;2,99
T26960;29/04/2025;10:43;Plaid nordique;Maison;2;22,56;45,12
T26985;29/04/2025;11:08;Carnet mat;Papeterie;1;2,99;2,99
T26985;29/04/2025;11:08;Bol design;Cuisine;1;39,04;39,04
T26962;29/04/2025;11:43;Peignoir design;Bien-être;1;46,25;46,25
T26962;29/04/2025;11:43;Diffuseur design;Bien-être;1;29,77;29,77
T26962;29/04/2025;11:43;Bougie parfumée compact;Bien-être;3;28,74;86,22
T26974;29/04/2025;12:55;Vase mat;Décoration;1;29,77;29,77
T26974;29/04/2025;12:55;Cintre compact;Maison;1;57,58;57,58
T26963;29/04/2025;13:54;Moule mat;Cuisine;1;17,41;17,41
T26984;29/04/2025;14:24;Plaid nordique;Maison;1;22,56;22,56
T26983;29/04/2025;16:11;Trousse mat;Papeterie;1;22,56;22,56
T26983;29/04/2025;16:11;Stylo design;Papeterie;1;4,02;
T26977;29/04/2025;16:27;Couteau nordique;Cuisine;1;10,20;10,20
T26977;29/04/2025;16:27;Poêle mat;Cuisine;1;39,04;39,04
T26977;29/04/2025;16:27;Vase mat;Décoration;1;29,77;29,77
T26973;29/04/2025;16:55;Bougie nordique;Décoration;2;17,41;34,82
T26973;29/04/2025;16:55;Plaid nordique;Maison;1;13,29;13,29
T26973;29/04/2025;16:55;Vase mat;Décoration;1;50,37;50,37
T26973;29/04/2025;16:55;Savon nordique;Bien-être;1;10,20;10,20
T26979;29/04/2025;16:59;Pot mat;Jardin;1;79,21;79,21
T26959;29/04/2025;17:05;Pot mat;Jardin;1;12,26;12,26
T26961;29/04/2025;17:35;Poêle mat;Cuisine;1;40,07;40,07
T26961;29/04/2025;17:35;Coussin mat;Maison;1;24,62;24,62
T26771;29/04/2025;20:38;Tablier compact;Cuisine;1;44,19;39,77
T26771;29/04/2025;20:38;DIFFUSEUR DESIGN;Bien-être;1;29,77;26,79
T26966;29/04/2025;20:39;Couteau nordique;Cuisine;1;44,19;44,19
T26964;29/04/2025;21:38;Carnet mat;Papeterie;1;2,99;2,99
T26964;29/04/2025;21:38;Photophore mat;Décoration;1;34,92;34,92
T26990;30/04/2025;13:02;Cahier nordique;Papeterie;1;11,23;11,23
T26990;30/04/2025;13:02;Gants design;Jardin;1;21,53;21,53
T26992;30/04/2025;14:30;Cahier nordique;Papeterie;1;11,23;11,23
T26992;30/04/2025;14:30;Casserole nordique;Cuisine;2;44,19;88,38
T26987;30/04/2025;14:47;Marque-page nordique;Papeterie;1;9,17;9,17
T26987;30/04/2025;14:47;Stylo design;Papeterie;1;5,05;5,05
T26987;30/04/2025;14:47;Moule mat;Cuisine;1;17,41;17,41
T26987;30/04/2025;14:47;CASSEROLE NORDIQUE;Cuisine;1;44,19;44,19
T26998;30/04/2025;17:41;Jardinière design;Jardin;2;51,40;102,80
T26998;30/04/2025;17:41;Miroir rustique;Maison;1;26,68;26,68
T26998;30/04/2025;17:41;Planche compact;Cuisine;1;41,10;41,10
T26997;30/04/2025;17:42;Jardinière design;Jardin;1;76,12;76,12
T27002;30/04/2025;17:42;Coussin mat;Maison;1;52,43;52,43
T27002;30/04/2025;17:42;Set de table rustique;Cuisine;1;51,40;51,40
T26988;30/04/2025;18:01;Planche compact;Cuisine;1;40,07;40,07
T26988;30/04/2025;18:01;Savon nordique;Bien-être;1;19,47;19,47
T26999;30/04/2025;18:07;Trousse mat;Papeterie;2;22,56;45,12
T26991;30/04/2025;18:14;Huile mat;Bien-être;1;20,50;20,50
T26991;30/04/2025;18:14;Bougie parfumée compact;Bien-être;1;28,74;28,74
T27008;30/04/2025;19:25;Lampe design;Maison;4;20,50;73,80
T27004;30/04/2025;21:56;Cadre design;Décoration;1;24,62;24,62
;;;;;;Total;45832,57
